{
    "parent": "item/generated",
    "textures": {
        "layer0": "item/armor_stand"
    },


    "overrides": [

        {"predicate": {"custom_model_data": 300001}, "model": "fnaf_model/fnaf1_model/freddy/freddy_idle"},
        {"predicate": {"custom_model_data": 300002}, "model": "fnaf_model/fnaf1_model/freddy/freddy_anim_idle"},
        {"predicate": {"custom_model_data": 300003}, "model": "fnaf_model/fnaf1_model/freddy/freddy_hurt"},
        {"predicate": {"custom_model_data": 300004}, "model": "fnaf_model/fnaf1_model/freddy/freddy_lod"},
        {"predicate": {"custom_model_data": 300005}, "model": "fnaf_model/fnaf1_model/freddy/freddy_walk_model"},
        {"predicate": {"custom_model_data": 300006}, "model": "fnaf_model/fnaf1_model/freddy/freddy_performancea_model"},
        {"predicate": {"custom_model_data": 300007}, "model": "fnaf_model/fnaf1_model/freddy/freddy_convert_model"},
        {"predicate": {"custom_model_data": 300008}, "model": "fnaf_model/fnaf1_model/freddy/freddy_sneak_idle"},
        {"predicate": {"custom_model_data": 300009}, "model": "fnaf_model/fnaf1_model/freddy/freddy_sneak_walk_model"},
        {"predicate": {"custom_model_data": 300010}, "model": "fnaf_model/fnaf1_model/freddy/freddy_sneak_hurt"},
        {"predicate": {"custom_model_data": 300011}, "model": "fnaf_model/fnaf1_model/bonnie/bonnie_idle"},
        {"predicate": {"custom_model_data": 300012}, "model": "fnaf_model/fnaf1_model/bonnie/bonnie_walk_model"},
        {"predicate": {"custom_model_data": 300013}, "model": "fnaf_model/fnaf1_model/bonnie/bonnie_hurt"},
        {"predicate": {"custom_model_data": 300014}, "model": "fnaf_model/fnaf1_model/bonnie/bonnie_convert_model"},
        {"predicate": {"custom_model_data": 300015}, "model": "fnaf_model/fnaf1_model/bonnie/bonnie_sneak_idle"},
        {"predicate": {"custom_model_data": 300016}, "model": "fnaf_model/fnaf1_model/bonnie/bonnie_sneak_walk"},
        {"predicate": {"custom_model_data": 300017}, "model": "fnaf_model/fnaf1_model/bonnie/bonnie_sneak_hurt"},
        {"predicate": {"custom_model_data": 300018}, "model": "fnaf_model/fnaf1_model/bonnie/bonnie_anim_idle"},
        {"predicate": {"custom_model_data": 300019}, "model": "fnaf_model/fnaf1_model/bonnie/bonnie_anim_performancea_model"},
        {"predicate": {"custom_model_data": 300020}, "model": "fnaf_model/fnaf1_model/bonnie/bonnie_attacka"},
        {"predicate": {"custom_model_data": 300021}, "model": "fnaf_model/fnaf1_model/bonnie/bonnie_attackb"},
        {"predicate": {"custom_model_data": 300022}, "model": "fnaf_model/fnaf1_model/bonnie/bonnie_attackc"},
        {"predicate": {"custom_model_data": 300023}, "model": "fnaf_model/fnaf1_model/bonnie/bonnie_lod"},
        {"predicate": {"custom_model_data": 300024}, "model": "fnaf_model/fnaf1_model/chica/chica_anim_idle"},
        {"predicate": {"custom_model_data": 300025}, "model": "fnaf_model/fnaf1_model/chica/chica_anim_performancea_model"},
        {"predicate": {"custom_model_data": 300026}, "model": "fnaf_model/fnaf1_model/chica/chica_change_model"},
        {"predicate": {"custom_model_data": 300027}, "model": "fnaf_model/fnaf1_model/chica/chica_idle"},
        {"predicate": {"custom_model_data": 300028}, "model": "fnaf_model/fnaf1_model/chica/chica_walk_model"},
        {"predicate": {"custom_model_data": 300029}, "model": "fnaf_model/fnaf1_model/chica/chica_hurt"},
        {"predicate": {"custom_model_data": 300030}, "model": "fnaf_model/fnaf1_model/chica/chica_crawl_idle"},
        {"predicate": {"custom_model_data": 300031}, "model": "fnaf_model/fnaf1_model/chica/chica_crawl"},
        {"predicate": {"custom_model_data": 300032}, "model": "fnaf_model/fnaf1_model/chica/chica_crawl_hurt"},
        {"predicate": {"custom_model_data": 300033}, "model": "fnaf_model/fnaf1_model/chica/cupcake"},
        {"predicate": {"custom_model_data": 300034}, "model": "fnaf_model/fnaf1_model/chica/chica_throwa"},
        {"predicate": {"custom_model_data": 300035}, "model": "fnaf_model/fnaf1_model/chica/chica_throwb"},
        {"predicate": {"custom_model_data": 300036}, "model": "fnaf_model/fnaf1_model/chica/chica_throwc"},
        {"predicate": {"custom_model_data": 300037}, "model": "fnaf_model/fnaf1_model/chica/chica_lod"},
        {"predicate": {"custom_model_data": 300038}, "model": "fnaf_model/fnaf_items/freddy_plush"},
        {"predicate": {"custom_model_data": 300039}, "model": "fnaf_model/fnaf_items/bonnie_plush"},
        {"predicate": {"custom_model_data": 300040}, "model": "fnaf_model/fnaf_items/chica_plush"},
        {"predicate": {"custom_model_data": 300041}, "model": "fnaf_model/fnaf_sb_model/vanessa/vanessa_idle"},
        {"predicate": {"custom_model_data": 300042}, "model": "fnaf_model/fnaf_sb_model/vanessa/vanessa_walk"},
        {"predicate": {"custom_model_data": 300043}, "model": "fnaf_model/fnaf_sb_model/vanessa/vanessa_lod"},
        {"predicate": {"custom_model_data": 300044}, "model": "fnaf_model/fnaf_sb_model/vanessa/vanessa_hurt"},
        {"predicate": {"custom_model_data": 300045}, "model": "fnaf_model/fnaf1_model/freddy/freddy_performanceb_model"},
        {"predicate": {"custom_model_data": 300046}, "model": "fnaf_model/fnaf1_model/bonnie/bonnie_anim_performanceb_model"},
        {"predicate": {"custom_model_data": 300047}, "model": "fnaf_model/fnaf1_model/chica/chica_anim_performanceb_model"},
        {"predicate": {"custom_model_data": 300048}, "model": "fnaf_model/fnaf1_model/chica/chica_anim_idleb"},
        {"predicate": {"custom_model_data": 300049}, "model": "fnaf_model/fnaf1_model/freddy/freddy_anim_idleb"},
        {"predicate": {"custom_model_data": 300050}, "model": "fnaf_model/fnaf1_model/bonnie/bonnie_anim_idleb"}

      
            ]
        }
        