{
	"credit": "Made with Blockbench",
	"texture_size": [1, 1],
	"textures": {
		"0": "fnaf_texture/fnaf_sb_texture/vanessa/vanessa_skin",
		"main": "fnaf_texture/fnaf_sb_texture/vanessa/vanessa_walk_texture",
		"particle": "fnaf_texture/fnaf_sb_texture/vanessa/vanessa_skin"
	},
	"elements": [
		{
			"from": [4, -9, 7],
			"to": [8, 3, 11],
			"rotation": {"angle": 22.5, "axis": "x", "origin": [6, 3, 9]},
			"faces": {
				"north": {"uv": [4.25, 1.25, 4.5, 2], "rotation": 180, "texture": "#main"},
				"east": {"uv": [4.25, 1.25, 4.5, 2], "rotation": 180, "texture": "#main"},
				"south": {"uv": [4.25, 1.25, 4.5, 2], "rotation": 180, "texture": "#main"},
				"west": {"uv": [4.25, 1.25, 4.5, 2], "rotation": 180, "texture": "#main"},
				"up": {"uv": [4.25, 1.25, 4.5, 2], "rotation": 180, "texture": "#main"},
				"down": {"uv": [4.25, 1.25, 4.5, 2], "rotation": 180, "texture": "#main"}
			}
		},
		{
			"from": [3.9, -9.1, 5.9],
			"to": [8.1, -6.9, 11.1],
			"rotation": {"angle": 22.5, "axis": "x", "origin": [6, 3, 9]},
			"faces": {
				"north": {"uv": [4.9375, 2.125, 5.125, 2.1875], "texture": "#main"},
				"east": {"uv": [4.9375, 2.125, 5.125, 2.1875], "texture": "#main"},
				"south": {"uv": [4.9375, 2.125, 5.125, 2.1875], "texture": "#main"},
				"west": {"uv": [4.9375, 2.125, 5.125, 2.1875], "texture": "#main"},
				"up": {"uv": [4.9375, 2.125, 5.125, 2.1875], "texture": "#main"},
				"down": {"uv": [4.9375, 2.125, 5.125, 2.1875], "texture": "#main"}
			}
		},
		{
			"from": [8, -9, 7],
			"to": [12, 3, 11],
			"rotation": {"angle": -22.5, "axis": "x", "origin": [10, 3, 9]},
			"faces": {
				"north": {"uv": [4.25, 1.25, 4.5, 2], "rotation": 180, "texture": "#main"},
				"east": {"uv": [4.25, 1.25, 4.5, 2], "rotation": 180, "texture": "#main"},
				"south": {"uv": [4.25, 1.25, 4.5, 2], "rotation": 180, "texture": "#main"},
				"west": {"uv": [4.25, 1.25, 4.5, 2], "rotation": 180, "texture": "#main"},
				"up": {"uv": [4.25, 1.25, 4.5, 2], "rotation": 180, "texture": "#main"},
				"down": {"uv": [4.25, 1.25, 4.5, 2], "rotation": 180, "texture": "#main"}
			}
		},
		{
			"from": [7.9, -9.1, 5.9],
			"to": [12.1, -6.9, 11.1],
			"rotation": {"angle": -22.5, "axis": "x", "origin": [10, 3, 9]},
			"faces": {
				"north": {"uv": [4.9375, 2.125, 5.125, 2.1875], "rotation": 180, "texture": "#main"},
				"east": {"uv": [4.9375, 2.125, 5.125, 2.1875], "texture": "#main"},
				"south": {"uv": [4.9375, 2.125, 5.125, 2.1875], "texture": "#main"},
				"west": {"uv": [4.9375, 2.125, 5.125, 2.1875], "texture": "#main"},
				"up": {"uv": [4.9375, 2.125, 5.125, 2.1875], "texture": "#main"},
				"down": {"uv": [4.9375, 2.125, 5.125, 2.1875], "texture": "#main"}
			}
		},
		{
			"from": [1, 3, 7],
			"to": [4, 15, 11],
			"rotation": {"angle": -22.5, "axis": "x", "origin": [4, 14, 9]},
			"faces": {
				"north": {"uv": [4.4375, 2.25, 4.625, 3], "texture": "#main"},
				"east": {"uv": [4.625, 2.25, 4.875, 3], "texture": "#main"},
				"south": {"uv": [4.4375, 2.25, 4.625, 3], "texture": "#main"},
				"west": {"uv": [4.4375, 2.25, 4.625, 3], "texture": "#main"},
				"up": {"uv": [4.4375, 2.25, 4.625, 3], "texture": "#main"},
				"down": {"uv": [4.4375, 2, 4.625, 2.25], "texture": "#main"}
			}
		},
		{
			"from": [1.8, 13.9, 6.9],
			"to": [4, 15.1, 11.1],
			"rotation": {"angle": -22.5, "axis": "x", "origin": [4, 14, 9]},
			"faces": {
				"north": {"uv": [5.75, 1, 6, 1.0625], "texture": "#main"},
				"east": {"uv": [5.75, 1, 6, 1.0625], "texture": "#main"},
				"south": {"uv": [5.75, 1, 6, 1.0625], "texture": "#main"},
				"west": {"uv": [5.75, 1, 6, 1.0625], "texture": "#main"},
				"up": {"uv": [5.75, 1, 6, 1.0625], "texture": "#main"},
				"down": {"uv": [5.75, 1, 6, 1.0625], "texture": "#main"}
			}
		},
		{
			"from": [0.9, 4.9, 6.9],
			"to": [4.1, 6.1, 11.1],
			"rotation": {"angle": -22.5, "axis": "x", "origin": [4, 14, 9]},
			"faces": {
				"north": {"uv": [5.75, 1.25, 6, 1.3125], "texture": "#main"},
				"east": {"uv": [5.75, 1.25, 6, 1.3125], "texture": "#main"},
				"south": {"uv": [5.75, 1.25, 6, 1.3125], "texture": "#main"},
				"west": {"uv": [5.75, 1.25, 6, 1.3125], "texture": "#main"},
				"up": {"uv": [5.75, 1.25, 6, 1.3125], "texture": "#main"},
				"down": {"uv": [5.75, 1.25, 6, 1.3125], "texture": "#main"}
			}
		},
		{
			"from": [12, 3, 7],
			"to": [15, 15, 11],
			"rotation": {"angle": 22.5, "axis": "x", "origin": [12, 14, 9]},
			"faces": {
				"north": {"uv": [4.4375, 2.25, 4.625, 3], "texture": "#main"},
				"east": {"uv": [4.625, 2.25, 4.875, 3], "texture": "#main"},
				"south": {"uv": [4.4375, 2.25, 4.625, 3], "texture": "#main"},
				"west": {"uv": [4.4375, 2.25, 4.625, 3], "texture": "#main"},
				"up": {"uv": [4.4375, 2.25, 4.625, 3], "texture": "#main"},
				"down": {"uv": [4.4375, 2, 4.625, 2.25], "texture": "#main"}
			}
		},
		{
			"from": [12, 13.9, 6.9],
			"to": [14.2, 15.1, 11.1],
			"rotation": {"angle": 22.5, "axis": "x", "origin": [12, 14, 9]},
			"faces": {
				"north": {"uv": [5.75, 1, 6, 1.0625], "texture": "#main"},
				"east": {"uv": [5.75, 1, 6, 1.0625], "texture": "#main"},
				"south": {"uv": [5.75, 1, 6, 1.0625], "texture": "#main"},
				"west": {"uv": [5.75, 1, 6, 1.0625], "texture": "#main"},
				"up": {"uv": [5.75, 1, 6, 1.0625], "texture": "#main"},
				"down": {"uv": [5.75, 1, 6, 1.0625], "texture": "#main"}
			}
		},
		{
			"from": [11.9, 4.9, 6.9],
			"to": [15.1, 6.1, 11.1],
			"rotation": {"angle": 22.5, "axis": "x", "origin": [12, 14, 9]},
			"faces": {
				"north": {"uv": [5.75, 1.25, 6, 1.3125], "texture": "#main"},
				"east": {"uv": [5.75, 1.25, 6, 1.3125], "texture": "#main"},
				"south": {"uv": [5.75, 1.25, 6, 1.3125], "texture": "#main"},
				"west": {"uv": [5.75, 1.25, 6, 1.3125], "texture": "#main"},
				"up": {"uv": [5.75, 1.25, 6, 1.3125], "texture": "#main"},
				"down": {"uv": [5.75, 1.25, 6, 1.3125], "texture": "#main"}
			}
		},
		{
			"from": [4, -9, 7],
			"to": [8, 3, 11],
			"rotation": {"angle": 45, "axis": "x", "origin": [6, 3, 9]},
			"faces": {
				"north": {"uv": [8.25, 1.25, 8.5, 2], "rotation": 180, "texture": "#main"},
				"east": {"uv": [8.25, 1.25, 8.5, 2], "rotation": 180, "texture": "#main"},
				"south": {"uv": [8.25, 1.25, 8.5, 2], "rotation": 180, "texture": "#main"},
				"west": {"uv": [8.25, 1.25, 8.5, 2], "rotation": 180, "texture": "#main"},
				"up": {"uv": [8.25, 1.25, 8.5, 2], "rotation": 180, "texture": "#main"},
				"down": {"uv": [8.25, 1.25, 8.5, 2], "rotation": 180, "texture": "#main"}
			}
		},
		{
			"from": [3.9, -9.1, 5.9],
			"to": [8.1, -6.9, 11.1],
			"rotation": {"angle": 45, "axis": "x", "origin": [6, 3, 9]},
			"faces": {
				"north": {"uv": [8.9375, 2.125, 9.125, 2.1875], "texture": "#main"},
				"east": {"uv": [8.9375, 2.125, 9.125, 2.1875], "texture": "#main"},
				"south": {"uv": [8.9375, 2.125, 9.125, 2.1875], "texture": "#main"},
				"west": {"uv": [8.9375, 2.125, 9.125, 2.1875], "texture": "#main"},
				"up": {"uv": [8.9375, 2.125, 9.125, 2.1875], "texture": "#main"},
				"down": {"uv": [8.9375, 2.125, 9.125, 2.1875], "texture": "#main"}
			}
		},
		{
			"from": [8, -9, 7],
			"to": [12, 3, 11],
			"rotation": {"angle": -45, "axis": "x", "origin": [10, 3, 9]},
			"faces": {
				"north": {"uv": [8.25, 1.25, 8.5, 2], "rotation": 180, "texture": "#main"},
				"east": {"uv": [8.25, 1.25, 8.5, 2], "rotation": 180, "texture": "#main"},
				"south": {"uv": [8.25, 1.25, 8.5, 2], "rotation": 180, "texture": "#main"},
				"west": {"uv": [8.25, 1.25, 8.5, 2], "rotation": 180, "texture": "#main"},
				"up": {"uv": [8.25, 1.25, 8.5, 2], "rotation": 180, "texture": "#main"},
				"down": {"uv": [8.25, 1.25, 8.5, 2], "rotation": 180, "texture": "#main"}
			}
		},
		{
			"from": [7.9, -9.1, 5.9],
			"to": [12.1, -6.9, 11.1],
			"rotation": {"angle": -45, "axis": "x", "origin": [10, 3, 9]},
			"faces": {
				"north": {"uv": [8.9375, 2.125, 9.125, 2.1875], "rotation": 180, "texture": "#main"},
				"east": {"uv": [8.9375, 2.125, 9.125, 2.1875], "texture": "#main"},
				"south": {"uv": [8.9375, 2.125, 9.125, 2.1875], "texture": "#main"},
				"west": {"uv": [8.9375, 2.125, 9.125, 2.1875], "texture": "#main"},
				"up": {"uv": [8.9375, 2.125, 9.125, 2.1875], "texture": "#main"},
				"down": {"uv": [8.9375, 2.125, 9.125, 2.1875], "texture": "#main"}
			}
		},
		{
			"from": [1, 3, 7],
			"to": [4, 15, 11],
			"rotation": {"angle": -45, "axis": "x", "origin": [4, 14, 9]},
			"faces": {
				"north": {"uv": [8.4375, 2.25, 8.625, 3], "texture": "#main"},
				"east": {"uv": [8.625, 2.25, 8.875, 3], "texture": "#main"},
				"south": {"uv": [8.4375, 2.25, 8.625, 3], "texture": "#main"},
				"west": {"uv": [8.4375, 2.25, 8.625, 3], "texture": "#main"},
				"up": {"uv": [8.4375, 2.25, 8.625, 3], "texture": "#main"},
				"down": {"uv": [8.4375, 2, 8.625, 2.25], "texture": "#main"}
			}
		},
		{
			"from": [1.8, 13.9, 6.9],
			"to": [4, 15.1, 11.1],
			"rotation": {"angle": -45, "axis": "x", "origin": [4, 14, 9]},
			"faces": {
				"north": {"uv": [9.75, 1, 10, 1.0625], "texture": "#main"},
				"east": {"uv": [9.75, 1, 10, 1.0625], "texture": "#main"},
				"south": {"uv": [9.75, 1, 10, 1.0625], "texture": "#main"},
				"west": {"uv": [9.75, 1, 10, 1.0625], "texture": "#main"},
				"up": {"uv": [9.75, 1, 10, 1.0625], "texture": "#main"},
				"down": {"uv": [9.75, 1, 10, 1.0625], "texture": "#main"}
			}
		},
		{
			"from": [0.9, 4.9, 6.9],
			"to": [4.1, 6.1, 11.1],
			"rotation": {"angle": -45, "axis": "x", "origin": [4, 14, 9]},
			"faces": {
				"north": {"uv": [9.75, 1.25, 10, 1.3125], "texture": "#main"},
				"east": {"uv": [9.75, 1.25, 10, 1.3125], "texture": "#main"},
				"south": {"uv": [9.75, 1.25, 10, 1.3125], "texture": "#main"},
				"west": {"uv": [9.75, 1.25, 10, 1.3125], "texture": "#main"},
				"up": {"uv": [9.75, 1.25, 10, 1.3125], "texture": "#main"},
				"down": {"uv": [9.75, 1.25, 10, 1.3125], "texture": "#main"}
			}
		},
		{
			"from": [12, 3, 7],
			"to": [15, 15, 11],
			"rotation": {"angle": 45, "axis": "x", "origin": [12, 14, 9]},
			"faces": {
				"north": {"uv": [8.4375, 2.25, 8.625, 3], "texture": "#main"},
				"east": {"uv": [8.625, 2.25, 8.875, 3], "texture": "#main"},
				"south": {"uv": [8.4375, 2.25, 8.625, 3], "texture": "#main"},
				"west": {"uv": [8.4375, 2.25, 8.625, 3], "texture": "#main"},
				"up": {"uv": [8.4375, 2.25, 8.625, 3], "texture": "#main"},
				"down": {"uv": [8.4375, 2, 8.625, 2.25], "texture": "#main"}
			}
		},
		{
			"from": [12, 13.9, 6.9],
			"to": [14.2, 15.1, 11.1],
			"rotation": {"angle": 45, "axis": "x", "origin": [12, 14, 9]},
			"faces": {
				"north": {"uv": [9.75, 1, 10, 1.0625], "texture": "#main"},
				"east": {"uv": [9.75, 1, 10, 1.0625], "texture": "#main"},
				"south": {"uv": [9.75, 1, 10, 1.0625], "texture": "#main"},
				"west": {"uv": [9.75, 1, 10, 1.0625], "texture": "#main"},
				"up": {"uv": [9.75, 1, 10, 1.0625], "texture": "#main"},
				"down": {"uv": [9.75, 1, 10, 1.0625], "texture": "#main"}
			}
		},
		{
			"from": [11.9, 4.9, 6.9],
			"to": [15.1, 6.1, 11.1],
			"rotation": {"angle": 45, "axis": "x", "origin": [12, 14, 9]},
			"faces": {
				"north": {"uv": [9.75, 1.25, 10, 1.3125], "texture": "#main"},
				"east": {"uv": [9.75, 1.25, 10, 1.3125], "texture": "#main"},
				"south": {"uv": [9.75, 1.25, 10, 1.3125], "texture": "#main"},
				"west": {"uv": [9.75, 1.25, 10, 1.3125], "texture": "#main"},
				"up": {"uv": [9.75, 1.25, 10, 1.3125], "texture": "#main"},
				"down": {"uv": [9.75, 1.25, 10, 1.3125], "texture": "#main"}
			}
		},
		{
			"from": [4, -9, 7],
			"to": [8, 3, 11],
			"rotation": {"angle": -22.5, "axis": "x", "origin": [6, 3, 9]},
			"faces": {
				"north": {"uv": [12.25, 1.25, 12.5, 2], "rotation": 180, "texture": "#main"},
				"east": {"uv": [12.25, 1.25, 12.5, 2], "rotation": 180, "texture": "#main"},
				"south": {"uv": [12.25, 1.25, 12.5, 2], "rotation": 180, "texture": "#main"},
				"west": {"uv": [12.25, 1.25, 12.5, 2], "rotation": 180, "texture": "#main"},
				"up": {"uv": [12.25, 1.25, 12.5, 2], "rotation": 180, "texture": "#main"},
				"down": {"uv": [12.25, 1.25, 12.5, 2], "rotation": 180, "texture": "#main"}
			}
		},
		{
			"from": [3.9, -9.1, 5.9],
			"to": [8.1, -6.9, 11.1],
			"rotation": {"angle": -22.5, "axis": "x", "origin": [6, 3, 9]},
			"faces": {
				"north": {"uv": [12.9375, 2.125, 13.125, 2.1875], "texture": "#main"},
				"east": {"uv": [12.9375, 2.125, 13.125, 2.1875], "texture": "#main"},
				"south": {"uv": [12.9375, 2.125, 13.125, 2.1875], "texture": "#main"},
				"west": {"uv": [12.9375, 2.125, 13.125, 2.1875], "texture": "#main"},
				"up": {"uv": [12.9375, 2.125, 13.125, 2.1875], "texture": "#main"},
				"down": {"uv": [12.9375, 2.125, 13.125, 2.1875], "texture": "#main"}
			}
		},
		{
			"from": [8, -9, 7],
			"to": [12, 3, 11],
			"rotation": {"angle": 22.5, "axis": "x", "origin": [10, 3, 9]},
			"faces": {
				"north": {"uv": [12.25, 1.25, 12.5, 2], "rotation": 180, "texture": "#main"},
				"east": {"uv": [12.25, 1.25, 12.5, 2], "rotation": 180, "texture": "#main"},
				"south": {"uv": [12.25, 1.25, 12.5, 2], "rotation": 180, "texture": "#main"},
				"west": {"uv": [12.25, 1.25, 12.5, 2], "rotation": 180, "texture": "#main"},
				"up": {"uv": [12.25, 1.25, 12.5, 2], "rotation": 180, "texture": "#main"},
				"down": {"uv": [12.25, 1.25, 12.5, 2], "rotation": 180, "texture": "#main"}
			}
		},
		{
			"from": [7.9, -9.1, 5.9],
			"to": [12.1, -6.9, 11.1],
			"rotation": {"angle": 22.5, "axis": "x", "origin": [10, 3, 9]},
			"faces": {
				"north": {"uv": [12.9375, 2.125, 13.125, 2.1875], "rotation": 180, "texture": "#main"},
				"east": {"uv": [12.9375, 2.125, 13.125, 2.1875], "texture": "#main"},
				"south": {"uv": [12.9375, 2.125, 13.125, 2.1875], "texture": "#main"},
				"west": {"uv": [12.9375, 2.125, 13.125, 2.1875], "texture": "#main"},
				"up": {"uv": [12.9375, 2.125, 13.125, 2.1875], "texture": "#main"},
				"down": {"uv": [12.9375, 2.125, 13.125, 2.1875], "texture": "#main"}
			}
		},
		{
			"from": [1, 3, 7],
			"to": [4, 15, 11],
			"rotation": {"angle": 22.5, "axis": "x", "origin": [4, 14, 9]},
			"faces": {
				"north": {"uv": [12.4375, 2.25, 12.625, 3], "texture": "#main"},
				"east": {"uv": [12.625, 2.25, 12.875, 3], "texture": "#main"},
				"south": {"uv": [12.4375, 2.25, 12.625, 3], "texture": "#main"},
				"west": {"uv": [12.4375, 2.25, 12.625, 3], "texture": "#main"},
				"up": {"uv": [12.4375, 2.25, 12.625, 3], "texture": "#main"},
				"down": {"uv": [12.4375, 2, 12.625, 2.25], "texture": "#main"}
			}
		},
		{
			"from": [1.8, 13.9, 6.9],
			"to": [4, 15.1, 11.1],
			"rotation": {"angle": 22.5, "axis": "x", "origin": [4, 14, 9]},
			"faces": {
				"north": {"uv": [13.75, 1, 14, 1.0625], "texture": "#main"},
				"east": {"uv": [13.75, 1, 14, 1.0625], "texture": "#main"},
				"south": {"uv": [13.75, 1, 14, 1.0625], "texture": "#main"},
				"west": {"uv": [13.75, 1, 14, 1.0625], "texture": "#main"},
				"up": {"uv": [13.75, 1, 14, 1.0625], "texture": "#main"},
				"down": {"uv": [13.75, 1, 14, 1.0625], "texture": "#main"}
			}
		},
		{
			"from": [0.9, 4.9, 6.9],
			"to": [4.1, 6.1, 11.1],
			"rotation": {"angle": 22.5, "axis": "x", "origin": [4, 14, 9]},
			"faces": {
				"north": {"uv": [13.75, 1.25, 14, 1.3125], "texture": "#main"},
				"east": {"uv": [13.75, 1.25, 14, 1.3125], "texture": "#main"},
				"south": {"uv": [13.75, 1.25, 14, 1.3125], "texture": "#main"},
				"west": {"uv": [13.75, 1.25, 14, 1.3125], "texture": "#main"},
				"up": {"uv": [13.75, 1.25, 14, 1.3125], "texture": "#main"},
				"down": {"uv": [13.75, 1.25, 14, 1.3125], "texture": "#main"}
			}
		},
		{
			"from": [12, 3, 7],
			"to": [15, 15, 11],
			"rotation": {"angle": -22.5, "axis": "x", "origin": [12, 14, 9]},
			"faces": {
				"north": {"uv": [12.4375, 2.25, 12.625, 3], "texture": "#main"},
				"east": {"uv": [12.625, 2.25, 12.875, 3], "texture": "#main"},
				"south": {"uv": [12.4375, 2.25, 12.625, 3], "texture": "#main"},
				"west": {"uv": [12.4375, 2.25, 12.625, 3], "texture": "#main"},
				"up": {"uv": [12.4375, 2.25, 12.625, 3], "texture": "#main"},
				"down": {"uv": [12.4375, 2, 12.625, 2.25], "texture": "#main"}
			}
		},
		{
			"from": [12, 13.9, 6.9],
			"to": [14.2, 15.1, 11.1],
			"rotation": {"angle": -22.5, "axis": "x", "origin": [12, 14, 9]},
			"faces": {
				"north": {"uv": [13.75, 1, 14, 1.0625], "texture": "#main"},
				"east": {"uv": [13.75, 1, 14, 1.0625], "texture": "#main"},
				"south": {"uv": [13.75, 1, 14, 1.0625], "texture": "#main"},
				"west": {"uv": [13.75, 1, 14, 1.0625], "texture": "#main"},
				"up": {"uv": [13.75, 1, 14, 1.0625], "texture": "#main"},
				"down": {"uv": [13.75, 1, 14, 1.0625], "texture": "#main"}
			}
		},
		{
			"from": [11.9, 4.9, 6.9],
			"to": [15.1, 6.1, 11.1],
			"rotation": {"angle": -22.5, "axis": "x", "origin": [12, 14, 9]},
			"faces": {
				"north": {"uv": [13.75, 1.25, 14, 1.3125], "texture": "#main"},
				"east": {"uv": [13.75, 1.25, 14, 1.3125], "texture": "#main"},
				"south": {"uv": [13.75, 1.25, 14, 1.3125], "texture": "#main"},
				"west": {"uv": [13.75, 1.25, 14, 1.3125], "texture": "#main"},
				"up": {"uv": [13.75, 1.25, 14, 1.3125], "texture": "#main"},
				"down": {"uv": [13.75, 1.25, 14, 1.3125], "texture": "#main"}
			}
		},
		{
			"from": [4, -9, 7],
			"to": [8, 3, 11],
			"rotation": {"angle": -45, "axis": "x", "origin": [6, 3, 9]},
			"faces": {
				"north": {"uv": [0.25, 5.25, 0.5, 6], "rotation": 180, "texture": "#main"},
				"east": {"uv": [0.25, 5.25, 0.5, 6], "rotation": 180, "texture": "#main"},
				"south": {"uv": [0.25, 5.25, 0.5, 6], "rotation": 180, "texture": "#main"},
				"west": {"uv": [0.25, 5.25, 0.5, 6], "rotation": 180, "texture": "#main"},
				"up": {"uv": [0.25, 5.25, 0.5, 6], "rotation": 180, "texture": "#main"},
				"down": {"uv": [0.25, 5.25, 0.5, 6], "rotation": 180, "texture": "#main"}
			}
		},
		{
			"from": [3.9, -9.1, 5.9],
			"to": [8.1, -6.9, 11.1],
			"rotation": {"angle": -45, "axis": "x", "origin": [6, 3, 9]},
			"faces": {
				"north": {"uv": [0.9375, 6.125, 1.125, 6.1875], "texture": "#main"},
				"east": {"uv": [0.9375, 6.125, 1.125, 6.1875], "texture": "#main"},
				"south": {"uv": [0.9375, 6.125, 1.125, 6.1875], "texture": "#main"},
				"west": {"uv": [0.9375, 6.125, 1.125, 6.1875], "texture": "#main"},
				"up": {"uv": [0.9375, 6.125, 1.125, 6.1875], "texture": "#main"},
				"down": {"uv": [0.9375, 6.125, 1.125, 6.1875], "texture": "#main"}
			}
		},
		{
			"from": [8, -9, 7],
			"to": [12, 3, 11],
			"rotation": {"angle": 45, "axis": "x", "origin": [10, 3, 9]},
			"faces": {
				"north": {"uv": [0.25, 5.25, 0.5, 6], "rotation": 180, "texture": "#main"},
				"east": {"uv": [0.25, 5.25, 0.5, 6], "rotation": 180, "texture": "#main"},
				"south": {"uv": [0.25, 5.25, 0.5, 6], "rotation": 180, "texture": "#main"},
				"west": {"uv": [0.25, 5.25, 0.5, 6], "rotation": 180, "texture": "#main"},
				"up": {"uv": [0.25, 5.25, 0.5, 6], "rotation": 180, "texture": "#main"},
				"down": {"uv": [0.25, 5.25, 0.5, 6], "rotation": 180, "texture": "#main"}
			}
		},
		{
			"from": [7.9, -9.1, 5.9],
			"to": [12.1, -6.9, 11.1],
			"rotation": {"angle": 45, "axis": "x", "origin": [10, 3, 9]},
			"faces": {
				"north": {"uv": [0.9375, 6.125, 1.125, 6.1875], "rotation": 180, "texture": "#main"},
				"east": {"uv": [0.9375, 6.125, 1.125, 6.1875], "texture": "#main"},
				"south": {"uv": [0.9375, 6.125, 1.125, 6.1875], "texture": "#main"},
				"west": {"uv": [0.9375, 6.125, 1.125, 6.1875], "texture": "#main"},
				"up": {"uv": [0.9375, 6.125, 1.125, 6.1875], "texture": "#main"},
				"down": {"uv": [0.9375, 6.125, 1.125, 6.1875], "texture": "#main"}
			}
		},
		{
			"from": [1, 3, 7],
			"to": [4, 15, 11],
			"rotation": {"angle": 45, "axis": "x", "origin": [4, 14, 9]},
			"faces": {
				"north": {"uv": [0.4375, 6.25, 0.625, 7], "texture": "#main"},
				"east": {"uv": [0.625, 6.25, 0.875, 7], "texture": "#main"},
				"south": {"uv": [0.4375, 6.25, 0.625, 7], "texture": "#main"},
				"west": {"uv": [0.4375, 6.25, 0.625, 7], "texture": "#main"},
				"up": {"uv": [0.4375, 6.25, 0.625, 7], "texture": "#main"},
				"down": {"uv": [0.4375, 6, 0.625, 6.25], "texture": "#main"}
			}
		},
		{
			"from": [1.8, 13.9, 6.9],
			"to": [4, 15.1, 11.1],
			"rotation": {"angle": 45, "axis": "x", "origin": [4, 14, 9]},
			"faces": {
				"north": {"uv": [1.75, 5, 2, 5.0625], "texture": "#main"},
				"east": {"uv": [1.75, 5, 2, 5.0625], "texture": "#main"},
				"south": {"uv": [1.75, 5, 2, 5.0625], "texture": "#main"},
				"west": {"uv": [1.75, 5, 2, 5.0625], "texture": "#main"},
				"up": {"uv": [1.75, 5, 2, 5.0625], "texture": "#main"},
				"down": {"uv": [1.75, 5, 2, 5.0625], "texture": "#main"}
			}
		},
		{
			"from": [0.9, 4.9, 6.9],
			"to": [4.1, 6.1, 11.1],
			"rotation": {"angle": 45, "axis": "x", "origin": [4, 14, 9]},
			"faces": {
				"north": {"uv": [1.75, 5.25, 2, 5.3125], "texture": "#main"},
				"east": {"uv": [1.75, 5.25, 2, 5.3125], "texture": "#main"},
				"south": {"uv": [1.75, 5.25, 2, 5.3125], "texture": "#main"},
				"west": {"uv": [1.75, 5.25, 2, 5.3125], "texture": "#main"},
				"up": {"uv": [1.75, 5.25, 2, 5.3125], "texture": "#main"},
				"down": {"uv": [1.75, 5.25, 2, 5.3125], "texture": "#main"}
			}
		},
		{
			"from": [12, 3, 7],
			"to": [15, 15, 11],
			"rotation": {"angle": -45, "axis": "x", "origin": [12, 14, 9]},
			"faces": {
				"north": {"uv": [0.4375, 6.25, 0.625, 7], "texture": "#main"},
				"east": {"uv": [0.625, 6.25, 0.875, 7], "texture": "#main"},
				"south": {"uv": [0.4375, 6.25, 0.625, 7], "texture": "#main"},
				"west": {"uv": [0.4375, 6.25, 0.625, 7], "texture": "#main"},
				"up": {"uv": [0.4375, 6.25, 0.625, 7], "texture": "#main"},
				"down": {"uv": [0.4375, 6, 0.625, 6.25], "texture": "#main"}
			}
		},
		{
			"from": [12, 13.9, 6.9],
			"to": [14.2, 15.1, 11.1],
			"rotation": {"angle": -45, "axis": "x", "origin": [12, 14, 9]},
			"faces": {
				"north": {"uv": [1.75, 5, 2, 5.0625], "texture": "#main"},
				"east": {"uv": [1.75, 5, 2, 5.0625], "texture": "#main"},
				"south": {"uv": [1.75, 5, 2, 5.0625], "texture": "#main"},
				"west": {"uv": [1.75, 5, 2, 5.0625], "texture": "#main"},
				"up": {"uv": [1.75, 5, 2, 5.0625], "texture": "#main"},
				"down": {"uv": [1.75, 5, 2, 5.0625], "texture": "#main"}
			}
		},
		{
			"from": [11.9, 4.9, 6.9],
			"to": [15.1, 6.1, 11.1],
			"rotation": {"angle": -45, "axis": "x", "origin": [12, 14, 9]},
			"faces": {
				"north": {"uv": [1.75, 5.25, 2, 5.3125], "texture": "#main"},
				"east": {"uv": [1.75, 5.25, 2, 5.3125], "texture": "#main"},
				"south": {"uv": [1.75, 5.25, 2, 5.3125], "texture": "#main"},
				"west": {"uv": [1.75, 5.25, 2, 5.3125], "texture": "#main"},
				"up": {"uv": [1.75, 5.25, 2, 5.3125], "texture": "#main"},
				"down": {"uv": [1.75, 5.25, 2, 5.3125], "texture": "#main"}
			}
		},
		{
			"from": [4, -9, 7],
			"to": [8, 3, 11],
			"rotation": {"angle": 0, "axis": "y", "origin": [6, 3, 9]},
			"faces": {
				"north": {"uv": [0.25, 1.25, 0.5, 2], "rotation": 180, "texture": "#main"},
				"east": {"uv": [0.25, 1.25, 0.5, 2], "rotation": 180, "texture": "#main"},
				"south": {"uv": [0.25, 1.25, 0.5, 2], "rotation": 180, "texture": "#main"},
				"west": {"uv": [0.25, 1.25, 0.5, 2], "rotation": 180, "texture": "#main"},
				"up": {"uv": [0.25, 1.25, 0.5, 2], "rotation": 180, "texture": "#main"},
				"down": {"uv": [0.25, 1.25, 0.5, 2], "rotation": 180, "texture": "#main"}
			}
		},
		{
			"from": [3.9, -9.1, 5.9],
			"to": [8.1, -6.9, 11.1],
			"rotation": {"angle": 0, "axis": "y", "origin": [6, 3, 9]},
			"faces": {
				"north": {"uv": [0.9375, 2.125, 1.125, 2.1875], "texture": "#main"},
				"east": {"uv": [0.9375, 2.125, 1.125, 2.1875], "texture": "#main"},
				"south": {"uv": [0.9375, 2.125, 1.125, 2.1875], "texture": "#main"},
				"west": {"uv": [0.9375, 2.125, 1.125, 2.1875], "texture": "#main"},
				"up": {"uv": [0.9375, 2.125, 1.125, 2.1875], "texture": "#main"},
				"down": {"uv": [0.9375, 2.125, 1.125, 2.1875], "texture": "#main"}
			}
		},
		{
			"from": [8, -9, 7],
			"to": [12, 3, 11],
			"rotation": {"angle": 0, "axis": "y", "origin": [10, 3, 9]},
			"faces": {
				"north": {"uv": [0.25, 1.25, 0.5, 2], "rotation": 180, "texture": "#main"},
				"east": {"uv": [0.25, 1.25, 0.5, 2], "rotation": 180, "texture": "#main"},
				"south": {"uv": [0.25, 1.25, 0.5, 2], "rotation": 180, "texture": "#main"},
				"west": {"uv": [0.25, 1.25, 0.5, 2], "rotation": 180, "texture": "#main"},
				"up": {"uv": [0.25, 1.25, 0.5, 2], "rotation": 180, "texture": "#main"},
				"down": {"uv": [0.25, 1.25, 0.5, 2], "rotation": 180, "texture": "#main"}
			}
		},
		{
			"from": [7.9, -9.1, 5.9],
			"to": [12.1, -6.9, 11.1],
			"rotation": {"angle": 0, "axis": "y", "origin": [10, 3, 9]},
			"faces": {
				"north": {"uv": [0.9375, 2.125, 1.125, 2.1875], "rotation": 180, "texture": "#main"},
				"east": {"uv": [0.9375, 2.125, 1.125, 2.1875], "texture": "#main"},
				"south": {"uv": [0.9375, 2.125, 1.125, 2.1875], "texture": "#main"},
				"west": {"uv": [0.9375, 2.125, 1.125, 2.1875], "texture": "#main"},
				"up": {"uv": [0.9375, 2.125, 1.125, 2.1875], "texture": "#main"},
				"down": {"uv": [0.9375, 2.125, 1.125, 2.1875], "texture": "#main"}
			}
		},
		{
			"from": [1, 3, 7],
			"to": [4, 15, 11],
			"rotation": {"angle": 0, "axis": "y", "origin": [4, 14, 9]},
			"faces": {
				"north": {"uv": [0.4375, 2.25, 0.625, 3], "texture": "#main"},
				"east": {"uv": [0.625, 2.25, 0.875, 3], "texture": "#main"},
				"south": {"uv": [0.4375, 2.25, 0.625, 3], "texture": "#main"},
				"west": {"uv": [0.4375, 2.25, 0.625, 3], "texture": "#main"},
				"up": {"uv": [0.4375, 2.25, 0.625, 3], "texture": "#main"},
				"down": {"uv": [0.4375, 2, 0.625, 2.25], "texture": "#main"}
			}
		},
		{
			"from": [1.8, 13.9, 6.9],
			"to": [4, 15.1, 11.1],
			"rotation": {"angle": 0, "axis": "y", "origin": [4, 14, 9]},
			"faces": {
				"north": {"uv": [1.75, 1, 2, 1.0625], "texture": "#main"},
				"east": {"uv": [1.75, 1, 2, 1.0625], "texture": "#main"},
				"south": {"uv": [1.75, 1, 2, 1.0625], "texture": "#main"},
				"west": {"uv": [1.75, 1, 2, 1.0625], "texture": "#main"},
				"up": {"uv": [1.75, 1, 2, 1.0625], "texture": "#main"},
				"down": {"uv": [1.75, 1, 2, 1.0625], "texture": "#main"}
			}
		},
		{
			"from": [0.9, 4.9, 6.9],
			"to": [4.1, 6.1, 11.1],
			"rotation": {"angle": 0, "axis": "y", "origin": [4, 14, 9]},
			"faces": {
				"north": {"uv": [1.75, 1.25, 2, 1.3125], "texture": "#main"},
				"east": {"uv": [1.75, 1.25, 2, 1.3125], "texture": "#main"},
				"south": {"uv": [1.75, 1.25, 2, 1.3125], "texture": "#main"},
				"west": {"uv": [1.75, 1.25, 2, 1.3125], "texture": "#main"},
				"up": {"uv": [1.75, 1.25, 2, 1.3125], "texture": "#main"},
				"down": {"uv": [1.75, 1.25, 2, 1.3125], "texture": "#main"}
			}
		},
		{
			"from": [12, 3, 7],
			"to": [15, 15, 11],
			"rotation": {"angle": 0, "axis": "y", "origin": [12, 14, 9]},
			"faces": {
				"north": {"uv": [0.4375, 2.25, 0.625, 3], "texture": "#main"},
				"east": {"uv": [0.625, 2.25, 0.875, 3], "texture": "#main"},
				"south": {"uv": [0.4375, 2.25, 0.625, 3], "texture": "#main"},
				"west": {"uv": [0.4375, 2.25, 0.625, 3], "texture": "#main"},
				"up": {"uv": [0.4375, 2.25, 0.625, 3], "texture": "#main"},
				"down": {"uv": [0.4375, 2, 0.625, 2.25], "texture": "#main"}
			}
		},
		{
			"from": [12, 13.9, 6.9],
			"to": [14.2, 15.1, 11.1],
			"rotation": {"angle": 0, "axis": "y", "origin": [12, 14, 9]},
			"faces": {
				"north": {"uv": [1.75, 1, 2, 1.0625], "texture": "#main"},
				"east": {"uv": [1.75, 1, 2, 1.0625], "texture": "#main"},
				"south": {"uv": [1.75, 1, 2, 1.0625], "texture": "#main"},
				"west": {"uv": [1.75, 1, 2, 1.0625], "texture": "#main"},
				"up": {"uv": [1.75, 1, 2, 1.0625], "texture": "#main"},
				"down": {"uv": [1.75, 1, 2, 1.0625], "texture": "#main"}
			}
		},
		{
			"from": [11.9, 4.9, 6.9],
			"to": [15.1, 6.1, 11.1],
			"rotation": {"angle": 0, "axis": "y", "origin": [12, 14, 9]},
			"faces": {
				"north": {"uv": [1.75, 1.25, 2, 1.3125], "texture": "#main"},
				"east": {"uv": [1.75, 1.25, 2, 1.3125], "texture": "#main"},
				"south": {"uv": [1.75, 1.25, 2, 1.3125], "texture": "#main"},
				"west": {"uv": [1.75, 1.25, 2, 1.3125], "texture": "#main"},
				"up": {"uv": [1.75, 1.25, 2, 1.3125], "texture": "#main"},
				"down": {"uv": [1.75, 1.25, 2, 1.3125], "texture": "#main"}
			}
		},
		{
			"from": [4, 3, 7],
			"to": [12, 15, 11],
			"faces": {
				"north": {"uv": [5, 5, 7, 8], "texture": "#0"},
				"east": {"uv": [4, 5, 5, 8], "texture": "#0"},
				"south": {"uv": [8, 5, 10, 8], "texture": "#0"},
				"west": {"uv": [4, 5, 5, 8], "texture": "#0"},
				"up": {"uv": [5, 4, 7, 5], "texture": "#0"},
				"down": {"uv": [7, 4, 9, 5], "texture": "#0"}
			}
		},
		{
			"from": [3.9, 4.9, 6.9],
			"to": [12.1, 6.1, 11.1],
			"faces": {
				"north": {"uv": [3.5, 9, 5.5, 9.25], "texture": "#0"},
				"east": {"uv": [7, 4, 8, 4.25], "texture": "#0"},
				"south": {"uv": [7, 4, 9, 4.25], "texture": "#0"},
				"west": {"uv": [7, 4, 8, 4.25], "texture": "#0"},
				"up": {"uv": [7, 4, 9, 4.25], "texture": "#0"},
				"down": {"uv": [7, 4, 9, 4.25], "texture": "#0"}
			}
		},
		{
			"from": [4, 20, 4],
			"to": [12, 21, 5],
			"rotation": {"angle": 0, "axis": "z", "origin": [8, 15, 8]},
			"faces": {
				"north": {"uv": [2, 2.25, 4, 2.5], "texture": "#0"},
				"east": {"uv": [4, 2.25, 4.25, 2.5], "texture": "#0"},
				"south": {"uv": [2, 2.25, 4, 2.5], "texture": "#0"},
				"west": {"uv": [4, 2.25, 4.25, 2.5], "texture": "#0"},
				"up": {"uv": [2, 2.25, 4, 2.5], "texture": "#0"},
				"down": {"uv": [2, 2.25, 4, 2.5], "texture": "#0"}
			}
		},
		{
			"from": [12, 17, 5],
			"to": [13, 21, 13],
			"rotation": {"angle": 0, "axis": "z", "origin": [8, 15, 8]},
			"faces": {
				"north": {"uv": [4.5, 2, 4.75, 3], "texture": "#0"},
				"east": {"uv": [4.5, 2, 6.5, 3], "texture": "#0"},
				"south": {"uv": [4.5, 2, 4.75, 3], "texture": "#0"},
				"west": {"uv": [4.5, 2, 6.5, 3], "texture": "#0"},
				"up": {"uv": [4.5, 2, 6.5, 2.25], "texture": "#0"},
				"down": {"uv": [4.5, 2, 6.5, 2.25], "texture": "#0"}
			}
		},
		{
			"from": [12, 16, 6],
			"to": [13, 17, 13],
			"rotation": {"angle": 0, "axis": "z", "origin": [8, 15, 8]},
			"faces": {
				"north": {"uv": [4, 2.25, 4.25, 2.5], "texture": "#0"},
				"east": {"uv": [4, 2.25, 5.75, 2.5], "texture": "#0"},
				"south": {"uv": [4, 2.25, 4.25, 2.5], "texture": "#0"},
				"west": {"uv": [4, 2.25, 5.75, 2.5], "texture": "#0"},
				"up": {"uv": [4, 2.25, 5.75, 2.5], "texture": "#0"},
				"down": {"uv": [4, 2.25, 5.75, 2.5], "texture": "#0"}
			}
		},
		{
			"from": [12, 15, 8],
			"to": [13, 16, 13],
			"rotation": {"angle": 0, "axis": "z", "origin": [8, 15, 8]},
			"faces": {
				"north": {"uv": [4, 2.25, 4.25, 2.5], "texture": "#0"},
				"east": {"uv": [4, 2.25, 5.25, 2.5], "texture": "#0"},
				"south": {"uv": [4, 2.25, 4.25, 2.5], "texture": "#0"},
				"west": {"uv": [4, 2.25, 5.25, 2.5], "texture": "#0"},
				"up": {"uv": [4, 2.25, 5.25, 2.5], "texture": "#0"},
				"down": {"uv": [4, 2.25, 5.25, 2.5], "texture": "#0"}
			}
		},
		{
			"from": [4, 15, 5],
			"to": [12, 23, 13],
			"rotation": {"angle": 0, "axis": "z", "origin": [8, 15, 8]},
			"faces": {
				"north": {"uv": [2, 1.75, 4, 3.75], "texture": "#0"},
				"east": {"uv": [2, 2, 4, 4], "texture": "#0"},
				"south": {"uv": [2, 2, 4, 4], "texture": "#0"},
				"west": {"uv": [2, 2, 4, 4], "texture": "#0"},
				"up": {"uv": [2, 2, 4, 4], "texture": "#0"},
				"down": {"uv": [4, 0, 6, 2], "texture": "#0"}
			}
		},
		{
			"from": [3, 17, 5],
			"to": [4, 21, 13],
			"rotation": {"angle": 0, "axis": "z", "origin": [8, 15, 8]},
			"faces": {
				"north": {"uv": [4.5, 2, 4.75, 3], "texture": "#0"},
				"east": {"uv": [4.5, 2, 6.5, 3], "texture": "#0"},
				"south": {"uv": [4.5, 2, 4.75, 3], "texture": "#0"},
				"west": {"uv": [4.5, 2, 6.5, 3], "texture": "#0"},
				"up": {"uv": [4.5, 2, 6.5, 2.25], "texture": "#0"},
				"down": {"uv": [4.5, 2, 6.5, 2.25], "texture": "#0"}
			}
		},
		{
			"from": [3, 16, 6],
			"to": [4, 17, 13],
			"rotation": {"angle": 0, "axis": "z", "origin": [8, 15, 8]},
			"faces": {
				"north": {"uv": [4, 2.25, 4.25, 2.5], "texture": "#0"},
				"east": {"uv": [4, 2.25, 5.75, 2.5], "texture": "#0"},
				"south": {"uv": [4, 2.25, 4.25, 2.5], "texture": "#0"},
				"west": {"uv": [4, 2.25, 5.75, 2.5], "texture": "#0"},
				"up": {"uv": [4, 2.25, 5.75, 2.5], "texture": "#0"},
				"down": {"uv": [4, 2.25, 5.75, 2.5], "texture": "#0"}
			}
		},
		{
			"from": [3, 15, 8],
			"to": [4, 16, 13],
			"rotation": {"angle": 0, "axis": "z", "origin": [8, 15, 8]},
			"faces": {
				"north": {"uv": [4, 2.25, 4.25, 2.5], "texture": "#0"},
				"east": {"uv": [4, 2.25, 5.25, 2.5], "texture": "#0"},
				"south": {"uv": [4, 2.25, 4.25, 2.5], "texture": "#0"},
				"west": {"uv": [4, 2.25, 5.25, 2.5], "texture": "#0"},
				"up": {"uv": [4, 2.25, 5.25, 2.5], "texture": "#0"},
				"down": {"uv": [4, 2.25, 5.25, 2.5], "texture": "#0"}
			}
		},
		{
			"from": [4, 15, 13],
			"to": [12, 21, 14],
			"rotation": {"angle": 0, "axis": "z", "origin": [8, 15, 8]},
			"faces": {
				"north": {"uv": [4.5, 2, 6.5, 3], "texture": "#0"},
				"east": {"uv": [4.5, 2, 4.75, 3.5], "texture": "#0"},
				"south": {"uv": [4.5, 2, 6.5, 3.5], "texture": "#0"},
				"west": {"uv": [4.5, 2, 4.75, 3.5], "texture": "#0"},
				"up": {"uv": [4.5, 2, 6.5, 2.25], "rotation": 270, "texture": "#0"},
				"down": {"uv": [4.5, 2, 6.5, 2.25], "rotation": 90, "texture": "#0"}
			}
		},
		{
			"from": [3.9, 20.9, 4.9],
			"to": [12.1, 24.1, 13.1],
			"rotation": {"angle": 0, "axis": "z", "origin": [8, 15, 8]},
			"faces": {
				"north": {"uv": [3.5, 8, 5.5, 8.75], "texture": "#0"},
				"east": {"uv": [3.5, 8.75, 5.5, 9.5], "texture": "#0"},
				"south": {"uv": [3.5, 8.75, 5.5, 9.5], "texture": "#0"},
				"west": {"uv": [3.5, 8.75, 5.5, 9.5], "texture": "#0"},
				"up": {"uv": [3.5, 8.5, 5.5, 10.5], "texture": "#0"},
				"down": {"uv": [3.5, 8.75, 5.5, 9.5], "texture": "#0"}
			}
		},
		{
			"from": [4, 21, 2],
			"to": [12, 22, 5],
			"rotation": {"angle": 0, "axis": "z", "origin": [8, 15, 8]},
			"faces": {
				"north": {"uv": [3.5, 8, 5.5, 8.25], "texture": "#0"},
				"east": {"uv": [3.5, 8, 4.5, 8.25], "texture": "#0"},
				"south": {"uv": [3.5, 8, 5.5, 8.25], "texture": "#0"},
				"west": {"uv": [3.5, 8, 4.5, 8.25], "texture": "#0"},
				"up": {"uv": [3.5, 8.5, 5.5, 9.25], "texture": "#0"},
				"down": {"uv": [3.5, 8.5, 5.5, 9.25], "texture": "#0"}
			}
		},
		{
			"from": [6, 19, 16],
			"to": [10, 21, 17],
			"rotation": {"angle": -22.5, "axis": "x", "origin": [8, 15, 13.5]},
			"faces": {
				"north": {"uv": [5.25, 2.25, 6.25, 2.75], "texture": "#0"},
				"east": {"uv": [5.25, 2.25, 5.5, 2.75], "texture": "#0"},
				"south": {"uv": [5.25, 2.5, 6.25, 3], "texture": "#0"},
				"west": {"uv": [5.25, 2.25, 5.5, 2.75], "texture": "#0"},
				"up": {"uv": [5.25, 2.25, 6.25, 2.75], "texture": "#0"},
				"down": {"uv": [5.25, 2.5, 6.25, 2.75], "texture": "#0"}
			}
		},
		{
			"from": [7, 18, 16],
			"to": [9, 19, 17],
			"rotation": {"angle": -22.5, "axis": "x", "origin": [8, 15, 13.5]},
			"faces": {
				"north": {"uv": [1.75, 4.5, 2.25, 4.75], "texture": "#0"},
				"east": {"uv": [2.25, 4.25, 2.75, 4.75], "texture": "#0"},
				"south": {"uv": [1.75, 4.5, 2.25, 4.75], "texture": "#0"},
				"west": {"uv": [1.25, 4.25, 2, 4.75], "texture": "#0"},
				"up": {"uv": [1.75, 4.5, 2.25, 4.75], "texture": "#0"},
				"down": {"uv": [1.75, 4.5, 2.25, 4.75], "texture": "#0"}
			}
		},
		{
			"from": [6, 15, 16],
			"to": [10, 18, 17],
			"rotation": {"angle": -22.5, "axis": "x", "origin": [8, 15, 13.5]},
			"faces": {
				"north": {"uv": [5.25, 2.25, 6.25, 3], "texture": "#0"},
				"east": {"uv": [5.25, 2.25, 5.5, 3], "texture": "#0"},
				"south": {"uv": [5.25, 2.5, 6.25, 3.25], "texture": "#0"},
				"west": {"uv": [5.25, 2.25, 5.5, 3], "texture": "#0"},
				"up": {"uv": [5.25, 2.25, 6.25, 2.75], "texture": "#0"},
				"down": {"uv": [5.25, 2.5, 6.25, 2.75], "texture": "#0"}
			}
		},
		{
			"from": [7, 13, 16],
			"to": [9, 15, 17],
			"rotation": {"angle": -22.5, "axis": "x", "origin": [8, 15, 13.5]},
			"faces": {
				"north": {"uv": [5.25, 3, 5.75, 3.5], "texture": "#0"},
				"east": {"uv": [5.25, 3, 5.5, 3.5], "texture": "#0"},
				"south": {"uv": [5.25, 3, 5.75, 3.5], "texture": "#0"},
				"west": {"uv": [5.25, 3, 5.5, 3.5], "texture": "#0"},
				"up": {"uv": [5.25, 3, 5.5, 3.5], "texture": "#0"},
				"down": {"uv": [5.25, 3, 5.5, 3.5], "texture": "#0"}
			}
		},
		{
			"from": [7, 21, 16],
			"to": [9, 22, 17],
			"rotation": {"angle": -22.5, "axis": "x", "origin": [8, 15, 13.5]},
			"faces": {
				"north": {"uv": [5.25, 3, 5.75, 3.5], "texture": "#0"},
				"east": {"uv": [5.25, 3, 5.5, 3.5], "texture": "#0"},
				"south": {"uv": [5.25, 3, 5.75, 3.5], "texture": "#0"},
				"west": {"uv": [5.25, 3, 5.5, 3.5], "texture": "#0"},
				"up": {"uv": [5.25, 3, 5.5, 3.5], "texture": "#0"},
				"down": {"uv": [5.25, 3, 5.5, 3.5], "texture": "#0"}
			}
		}
	],
	"display": {
		"thirdperson_righthand": {
			"rotation": [-180, 31, -123],
			"translation": [0.5, 2.75, 2]
		},
		"thirdperson_lefthand": {
			"translation": [0, 1.5, -0.5]
		},
		"firstperson_righthand": {
			"rotation": [113, 57, -83],
			"translation": [0.75, 1.5, -1.5]
		},
		"ground": {
			"scale": [0.4, 0.4, 0.4]
		},
		"gui": {
			"rotation": [15, -141, 0],
			"translation": [0.5, 0.25, 0],
			"scale": [0.45, 0.45, 0.45]
		},
		"head": {
			"translation": [0, -20, -2.75],
			"scale": [1.6, 1.6, 1.6]
		},
		"fixed": {
			"translation": [0, 0.75, -3]
		}
	},
	"groups": [
		0,
		1,
		2,
		3,
		4,
		5,
		6,
		7,
		8,
		9,
		10,
		11,
		12,
		13,
		14,
		15,
		16,
		17,
		18,
		19,
		20,
		21,
		22,
		23,
		24,
		25,
		26,
		27,
		28,
		29,
		30,
		31,
		32,
		33,
		34,
		35,
		36,
		37,
		38,
		39,
		{
			"name": "Leg1",
			"origin": [6, 3, 9],
			"color": 0,
			"children": [40, 41]
		},
		{
			"name": "Leg2",
			"origin": [10, 3, 9],
			"color": 0,
			"children": [42, 43]
		},
		{
			"name": "Arm1",
			"origin": [0, 0, 0],
			"color": 0,
			"children": [44, 45, 46]
		},
		{
			"name": "Arm2",
			"origin": [0, 0, 0],
			"color": 0,
			"children": [47, 48, 49]
		},
		{
			"name": "Body",
			"origin": [0, 0, 0],
			"color": 0,
			"children": []
		},
		{
			"name": "Head",
			"origin": [0, 0, 0],
			"color": 0,
			"children": []
		},
		{
			"name": "Hair",
			"origin": [0, 0, 0],
			"color": 0,
			"children": []
		},
		{
			"name": "vanessa_torso",
			"origin": [8, 8, 8],
			"color": 0,
			"children": [
				{
					"name": "Leg1",
					"origin": [6, 3, 9],
					"color": 0,
					"children": []
				},
				{
					"name": "Leg2",
					"origin": [10, 3, 9],
					"color": 0,
					"children": []
				},
				{
					"name": "Arm1",
					"origin": [0, 0, 0],
					"color": 0,
					"children": []
				},
				{
					"name": "Arm2",
					"origin": [0, 0, 0],
					"color": 0,
					"children": []
				},
				{
					"name": "Body",
					"origin": [0, 0, 0],
					"color": 0,
					"children": [50, 51]
				},
				{
					"name": "Head",
					"origin": [0, 0, 0],
					"color": 0,
					"children": [52, 53, 54, 55, 56, 57, 58, 59, 60, 61, 62]
				},
				{
					"name": "Hair",
					"origin": [0, 0, 0],
					"color": 0,
					"children": [63, 64, 65, 66, 67]
				}
			]
		}
	]
}