{
	"credit": "Made with Blockbench",
	"texture_size": [1, 1],
	"textures": {
		"0": "fnaf_texture/fnaf_sb_texture/vanessa/vanessa_skin",
		"particle": "fnaf_texture/fnaf_sb_texture/vanessa/vanessa_skin"
	},
	"elements": [
		{
			"from": [2, -9, 6],
			"to": [15, 24, 12],
			"faces": {
				"north": {"uv": [7.75, 5, 8, 5.25], "texture": "#0"},
				"east": {"uv": [7.75, 5, 8, 5.25], "texture": "#0"},
				"south": {"uv": [7.75, 5, 8, 5.25], "texture": "#0"},
				"west": {"uv": [7.75, 5, 8, 5.25], "texture": "#0"},
				"up": {"uv": [7.75, 5, 8, 5.25], "texture": "#0"},
				"down": {"uv": [7.75, 5, 8, 5.25], "texture": "#0"}
			}
		}
	],
	"display": {
		"thirdperson_righthand": {
			"rotation": [-180, 31, -123],
			"translation": [0.5, 2.75, 2]
		},
		"thirdperson_lefthand": {
			"translation": [0, 1.5, -0.5]
		},
		"firstperson_righthand": {
			"rotation": [113, 57, -83],
			"translation": [0.75, 1.5, -1.5]
		},
		"ground": {
			"scale": [0.4, 0.4, 0.4]
		},
		"gui": {
			"rotation": [15, -141, 0],
			"translation": [0.5, 0.5, 0],
			"scale": [0.5, 0.5, 0.5]
		},
		"head": {
			"translation": [0, -20, -2.75],
			"scale": [1.6, 1.6, 1.6]
		},
		"fixed": {
			"translation": [0, 0.75, -3]
		}
	},
	"groups": [
		{
			"name": "Leg1",
			"origin": [6, 3, 9],
			"color": 0,
			"children": []
		},
		{
			"name": "Leg2",
			"origin": [10, 3, 9],
			"color": 0,
			"children": []
		},
		{
			"name": "Arm1",
			"origin": [0, 0, 0],
			"color": 0,
			"children": []
		},
		{
			"name": "Arm2",
			"origin": [0, 0, 0],
			"color": 0,
			"children": []
		},
		{
			"name": "Body",
			"origin": [0, 0, 0],
			"color": 0,
			"children": [0]
		},
		{
			"name": "Head",
			"origin": [0, 0, 0],
			"color": 0,
			"children": []
		},
		{
			"name": "Hair",
			"origin": [0, 0, 0],
			"color": 0,
			"children": []
		}
	]
}