{
	"credit": "Made with Blockbench",
	"texture_size": [1, 1],
	"textures": {
		"0": "fnaf_texture/fnaf_sb_texture/vanessa/vanessa_hurt",
		"particle": "fnaf_texture/fnaf_sb_texture/vanessa/vanessa_hurt"
	},
	"elements": [
		{
			"from": [4, -9, 7],
			"to": [8, 3, 11],
			"rotation": {"angle": 0, "axis": "y", "origin": [6, 3, 9]},
			"faces": {
				"north": {"uv": [1, 5, 2, 8], "rotation": 180, "texture": "#0"},
				"east": {"uv": [1, 5, 2, 8], "rotation": 180, "texture": "#0"},
				"south": {"uv": [1, 5, 2, 8], "rotation": 180, "texture": "#0"},
				"west": {"uv": [1, 5, 2, 8], "rotation": 180, "texture": "#0"},
				"up": {"uv": [1, 5, 2, 8], "rotation": 180, "texture": "#0"},
				"down": {"uv": [1, 5, 2, 8], "rotation": 180, "texture": "#0"}
			}
		},
		{
			"from": [3.9, -9.1, 5.9],
			"to": [8.1, -6.9, 11.1],
			"rotation": {"angle": 0, "axis": "y", "origin": [6, 3, 9]},
			"faces": {
				"north": {"uv": [3.75, 8.5, 4.5, 8.75], "texture": "#0"},
				"east": {"uv": [3.75, 8.5, 4.5, 8.75], "texture": "#0"},
				"south": {"uv": [3.75, 8.5, 4.5, 8.75], "texture": "#0"},
				"west": {"uv": [3.75, 8.5, 4.5, 8.75], "texture": "#0"},
				"up": {"uv": [3.75, 8.5, 4.5, 8.75], "texture": "#0"},
				"down": {"uv": [3.75, 8.5, 4.5, 8.75], "texture": "#0"}
			}
		},
		{
			"from": [8, -9, 7],
			"to": [12, 3, 11],
			"rotation": {"angle": 0, "axis": "y", "origin": [10, 3, 9]},
			"faces": {
				"north": {"uv": [1, 5, 2, 8], "rotation": 180, "texture": "#0"},
				"east": {"uv": [1, 5, 2, 8], "rotation": 180, "texture": "#0"},
				"south": {"uv": [1, 5, 2, 8], "rotation": 180, "texture": "#0"},
				"west": {"uv": [1, 5, 2, 8], "rotation": 180, "texture": "#0"},
				"up": {"uv": [1, 5, 2, 8], "rotation": 180, "texture": "#0"},
				"down": {"uv": [1, 5, 2, 8], "rotation": 180, "texture": "#0"}
			}
		},
		{
			"from": [7.9, -9.1, 5.9],
			"to": [12.1, -6.9, 11.1],
			"rotation": {"angle": 0, "axis": "y", "origin": [10, 3, 9]},
			"faces": {
				"north": {"uv": [3.75, 8.5, 4.5, 8.75], "rotation": 180, "texture": "#0"},
				"east": {"uv": [3.75, 8.5, 4.5, 8.75], "texture": "#0"},
				"south": {"uv": [3.75, 8.5, 4.5, 8.75], "texture": "#0"},
				"west": {"uv": [3.75, 8.5, 4.5, 8.75], "texture": "#0"},
				"up": {"uv": [3.75, 8.5, 4.5, 8.75], "texture": "#0"},
				"down": {"uv": [3.75, 8.5, 4.5, 8.75], "texture": "#0"}
			}
		},
		{
			"from": [1, 3, 7],
			"to": [4, 15, 11],
			"rotation": {"angle": 0, "axis": "y", "origin": [4, 14, 9]},
			"faces": {
				"north": {"uv": [1.75, 9, 2.5, 12], "texture": "#0"},
				"east": {"uv": [2.5, 9, 3.5, 12], "texture": "#0"},
				"south": {"uv": [1.75, 9, 2.5, 12], "texture": "#0"},
				"west": {"uv": [1.75, 9, 2.5, 12], "texture": "#0"},
				"up": {"uv": [1.75, 9, 2.5, 12], "texture": "#0"},
				"down": {"uv": [1.75, 8, 2.5, 9], "texture": "#0"}
			}
		},
		{
			"from": [1.8, 13.9, 6.9],
			"to": [4, 15.1, 11.1],
			"rotation": {"angle": 0, "axis": "y", "origin": [4, 14, 9]},
			"faces": {
				"north": {"uv": [7, 4, 8, 4.25], "texture": "#0"},
				"east": {"uv": [7, 4, 8, 4.25], "texture": "#0"},
				"south": {"uv": [7, 4, 8, 4.25], "texture": "#0"},
				"west": {"uv": [7, 4, 8, 4.25], "texture": "#0"},
				"up": {"uv": [7, 4, 8, 4.25], "texture": "#0"},
				"down": {"uv": [7, 4, 8, 4.25], "texture": "#0"}
			}
		},
		{
			"from": [0.9, 4.9, 6.9],
			"to": [4.1, 6.1, 11.1],
			"rotation": {"angle": 0, "axis": "y", "origin": [4, 14, 9]},
			"faces": {
				"north": {"uv": [7, 5, 8, 5.25], "texture": "#0"},
				"east": {"uv": [7, 5, 8, 5.25], "texture": "#0"},
				"south": {"uv": [7, 5, 8, 5.25], "texture": "#0"},
				"west": {"uv": [7, 5, 8, 5.25], "texture": "#0"},
				"up": {"uv": [7, 5, 8, 5.25], "texture": "#0"},
				"down": {"uv": [7, 5, 8, 5.25], "texture": "#0"}
			}
		},
		{
			"from": [12, 3, 7],
			"to": [15, 15, 11],
			"rotation": {"angle": 0, "axis": "y", "origin": [12, 14, 9]},
			"faces": {
				"north": {"uv": [1.75, 9, 2.5, 12], "texture": "#0"},
				"east": {"uv": [2.5, 9, 3.5, 12], "texture": "#0"},
				"south": {"uv": [1.75, 9, 2.5, 12], "texture": "#0"},
				"west": {"uv": [1.75, 9, 2.5, 12], "texture": "#0"},
				"up": {"uv": [1.75, 9, 2.5, 12], "texture": "#0"},
				"down": {"uv": [1.75, 8, 2.5, 9], "texture": "#0"}
			}
		},
		{
			"from": [12, 13.9, 6.9],
			"to": [14.2, 15.1, 11.1],
			"rotation": {"angle": 0, "axis": "y", "origin": [12, 14, 9]},
			"faces": {
				"north": {"uv": [7, 4, 8, 4.25], "texture": "#0"},
				"east": {"uv": [7, 4, 8, 4.25], "texture": "#0"},
				"south": {"uv": [7, 4, 8, 4.25], "texture": "#0"},
				"west": {"uv": [7, 4, 8, 4.25], "texture": "#0"},
				"up": {"uv": [7, 4, 8, 4.25], "texture": "#0"},
				"down": {"uv": [7, 4, 8, 4.25], "texture": "#0"}
			}
		},
		{
			"from": [11.9, 4.9, 6.9],
			"to": [15.1, 6.1, 11.1],
			"rotation": {"angle": 0, "axis": "y", "origin": [12, 14, 9]},
			"faces": {
				"north": {"uv": [7, 5, 8, 5.25], "texture": "#0"},
				"east": {"uv": [7, 5, 8, 5.25], "texture": "#0"},
				"south": {"uv": [7, 5, 8, 5.25], "texture": "#0"},
				"west": {"uv": [7, 5, 8, 5.25], "texture": "#0"},
				"up": {"uv": [7, 5, 8, 5.25], "texture": "#0"},
				"down": {"uv": [7, 5, 8, 5.25], "texture": "#0"}
			}
		},
		{
			"from": [4, 3, 7],
			"to": [12, 15, 11],
			"faces": {
				"north": {"uv": [5, 5, 7, 8], "texture": "#0"},
				"east": {"uv": [4, 5, 5, 8], "texture": "#0"},
				"south": {"uv": [8, 5, 10, 8], "texture": "#0"},
				"west": {"uv": [4, 5, 5, 8], "texture": "#0"},
				"up": {"uv": [5, 4, 7, 5], "texture": "#0"},
				"down": {"uv": [7, 4, 9, 5], "texture": "#0"}
			}
		},
		{
			"from": [3.9, 4.9, 6.9],
			"to": [12.1, 6.1, 11.1],
			"faces": {
				"north": {"uv": [3.5, 9, 5.5, 9.25], "texture": "#0"},
				"east": {"uv": [7, 4, 8, 4.25], "texture": "#0"},
				"south": {"uv": [7, 4, 9, 4.25], "texture": "#0"},
				"west": {"uv": [7, 4, 8, 4.25], "texture": "#0"},
				"up": {"uv": [7, 4, 9, 4.25], "texture": "#0"},
				"down": {"uv": [7, 4, 9, 4.25], "texture": "#0"}
			}
		},
		{
			"from": [4, 20, 4],
			"to": [12, 21, 5],
			"rotation": {"angle": 0, "axis": "z", "origin": [8, 15, 8]},
			"faces": {
				"north": {"uv": [2, 2.25, 4, 2.5], "texture": "#0"},
				"east": {"uv": [4, 2.25, 4.25, 2.5], "texture": "#0"},
				"south": {"uv": [2, 2.25, 4, 2.5], "texture": "#0"},
				"west": {"uv": [4, 2.25, 4.25, 2.5], "texture": "#0"},
				"up": {"uv": [2, 2.25, 4, 2.5], "texture": "#0"},
				"down": {"uv": [2, 2.25, 4, 2.5], "texture": "#0"}
			}
		},
		{
			"from": [12, 17, 5],
			"to": [13, 21, 13],
			"rotation": {"angle": 0, "axis": "z", "origin": [8, 15, 8]},
			"faces": {
				"north": {"uv": [4.5, 2, 4.75, 3], "texture": "#0"},
				"east": {"uv": [4.5, 2, 6.5, 3], "texture": "#0"},
				"south": {"uv": [4.5, 2, 4.75, 3], "texture": "#0"},
				"west": {"uv": [4.5, 2, 6.5, 3], "texture": "#0"},
				"up": {"uv": [4.5, 2, 6.5, 2.25], "texture": "#0"},
				"down": {"uv": [4.5, 2, 6.5, 2.25], "texture": "#0"}
			}
		},
		{
			"from": [12, 16, 6],
			"to": [13, 17, 13],
			"rotation": {"angle": 0, "axis": "z", "origin": [8, 15, 8]},
			"faces": {
				"north": {"uv": [4, 2.25, 4.25, 2.5], "texture": "#0"},
				"east": {"uv": [4, 2.25, 5.75, 2.5], "texture": "#0"},
				"south": {"uv": [4, 2.25, 4.25, 2.5], "texture": "#0"},
				"west": {"uv": [4, 2.25, 5.75, 2.5], "texture": "#0"},
				"up": {"uv": [4, 2.25, 5.75, 2.5], "texture": "#0"},
				"down": {"uv": [4, 2.25, 5.75, 2.5], "texture": "#0"}
			}
		},
		{
			"from": [12, 15, 8],
			"to": [13, 16, 13],
			"rotation": {"angle": 0, "axis": "z", "origin": [8, 15, 8]},
			"faces": {
				"north": {"uv": [4, 2.25, 4.25, 2.5], "texture": "#0"},
				"east": {"uv": [4, 2.25, 5.25, 2.5], "texture": "#0"},
				"south": {"uv": [4, 2.25, 4.25, 2.5], "texture": "#0"},
				"west": {"uv": [4, 2.25, 5.25, 2.5], "texture": "#0"},
				"up": {"uv": [4, 2.25, 5.25, 2.5], "texture": "#0"},
				"down": {"uv": [4, 2.25, 5.25, 2.5], "texture": "#0"}
			}
		},
		{
			"from": [4, 15, 5],
			"to": [12, 23, 13],
			"rotation": {"angle": 0, "axis": "z", "origin": [8, 15, 8]},
			"faces": {
				"north": {"uv": [2, 1.75, 4, 3.75], "texture": "#0"},
				"east": {"uv": [2, 2, 4, 4], "texture": "#0"},
				"south": {"uv": [2, 2, 4, 4], "texture": "#0"},
				"west": {"uv": [2, 2, 4, 4], "texture": "#0"},
				"up": {"uv": [2, 2, 4, 4], "texture": "#0"},
				"down": {"uv": [4, 0, 6, 2], "texture": "#0"}
			}
		},
		{
			"from": [3, 17, 5],
			"to": [4, 21, 13],
			"rotation": {"angle": 0, "axis": "z", "origin": [8, 15, 8]},
			"faces": {
				"north": {"uv": [4.5, 2, 4.75, 3], "texture": "#0"},
				"east": {"uv": [4.5, 2, 6.5, 3], "texture": "#0"},
				"south": {"uv": [4.5, 2, 4.75, 3], "texture": "#0"},
				"west": {"uv": [4.5, 2, 6.5, 3], "texture": "#0"},
				"up": {"uv": [4.5, 2, 6.5, 2.25], "texture": "#0"},
				"down": {"uv": [4.5, 2, 6.5, 2.25], "texture": "#0"}
			}
		},
		{
			"from": [3, 16, 6],
			"to": [4, 17, 13],
			"rotation": {"angle": 0, "axis": "z", "origin": [8, 15, 8]},
			"faces": {
				"north": {"uv": [4, 2.25, 4.25, 2.5], "texture": "#0"},
				"east": {"uv": [4, 2.25, 5.75, 2.5], "texture": "#0"},
				"south": {"uv": [4, 2.25, 4.25, 2.5], "texture": "#0"},
				"west": {"uv": [4, 2.25, 5.75, 2.5], "texture": "#0"},
				"up": {"uv": [4, 2.25, 5.75, 2.5], "texture": "#0"},
				"down": {"uv": [4, 2.25, 5.75, 2.5], "texture": "#0"}
			}
		},
		{
			"from": [3, 15, 8],
			"to": [4, 16, 13],
			"rotation": {"angle": 0, "axis": "z", "origin": [8, 15, 8]},
			"faces": {
				"north": {"uv": [4, 2.25, 4.25, 2.5], "texture": "#0"},
				"east": {"uv": [4, 2.25, 5.25, 2.5], "texture": "#0"},
				"south": {"uv": [4, 2.25, 4.25, 2.5], "texture": "#0"},
				"west": {"uv": [4, 2.25, 5.25, 2.5], "texture": "#0"},
				"up": {"uv": [4, 2.25, 5.25, 2.5], "texture": "#0"},
				"down": {"uv": [4, 2.25, 5.25, 2.5], "texture": "#0"}
			}
		},
		{
			"from": [4, 15, 13],
			"to": [12, 21, 14],
			"rotation": {"angle": 0, "axis": "z", "origin": [8, 15, 8]},
			"faces": {
				"north": {"uv": [4.5, 2, 6.5, 3], "texture": "#0"},
				"east": {"uv": [4.5, 2, 4.75, 3.5], "texture": "#0"},
				"south": {"uv": [4.5, 2, 6.5, 3.5], "texture": "#0"},
				"west": {"uv": [4.5, 2, 4.75, 3.5], "texture": "#0"},
				"up": {"uv": [4.5, 2, 6.5, 2.25], "rotation": 270, "texture": "#0"},
				"down": {"uv": [4.5, 2, 6.5, 2.25], "rotation": 90, "texture": "#0"}
			}
		},
		{
			"from": [3.9, 20.9, 4.9],
			"to": [12.1, 24.1, 13.1],
			"rotation": {"angle": 0, "axis": "z", "origin": [8, 15, 8]},
			"faces": {
				"north": {"uv": [3.5, 8, 5.5, 8.75], "texture": "#0"},
				"east": {"uv": [3.5, 8.75, 5.5, 9.5], "texture": "#0"},
				"south": {"uv": [3.5, 8.75, 5.5, 9.5], "texture": "#0"},
				"west": {"uv": [3.5, 8.75, 5.5, 9.5], "texture": "#0"},
				"up": {"uv": [3.5, 8.5, 5.5, 10.5], "texture": "#0"},
				"down": {"uv": [3.5, 8.75, 5.5, 9.5], "texture": "#0"}
			}
		},
		{
			"from": [4, 21, 2],
			"to": [12, 22, 5],
			"rotation": {"angle": 0, "axis": "z", "origin": [8, 15, 8]},
			"faces": {
				"north": {"uv": [3.5, 8, 5.5, 8.25], "texture": "#0"},
				"east": {"uv": [3.5, 8, 4.5, 8.25], "texture": "#0"},
				"south": {"uv": [3.5, 8, 5.5, 8.25], "texture": "#0"},
				"west": {"uv": [3.5, 8, 4.5, 8.25], "texture": "#0"},
				"up": {"uv": [3.5, 8.5, 5.5, 9.25], "texture": "#0"},
				"down": {"uv": [3.5, 8.5, 5.5, 9.25], "texture": "#0"}
			}
		},
		{
			"from": [6, 19, 16],
			"to": [10, 21, 17],
			"rotation": {"angle": -22.5, "axis": "x", "origin": [8, 15, 13.5]},
			"faces": {
				"north": {"uv": [5.25, 2.25, 6.25, 2.75], "texture": "#0"},
				"east": {"uv": [5.25, 2.25, 5.5, 2.75], "texture": "#0"},
				"south": {"uv": [5.25, 2.5, 6.25, 3], "texture": "#0"},
				"west": {"uv": [5.25, 2.25, 5.5, 2.75], "texture": "#0"},
				"up": {"uv": [5.25, 2.25, 6.25, 2.75], "texture": "#0"},
				"down": {"uv": [5.25, 2.5, 6.25, 2.75], "texture": "#0"}
			}
		},
		{
			"from": [7, 18, 16],
			"to": [9, 19, 17],
			"rotation": {"angle": -22.5, "axis": "x", "origin": [8, 15, 13.5]},
			"faces": {
				"north": {"uv": [1.75, 4.5, 2.25, 4.75], "texture": "#0"},
				"east": {"uv": [2.25, 4.25, 2.75, 4.75], "texture": "#0"},
				"south": {"uv": [1.75, 4.5, 2.25, 4.75], "texture": "#0"},
				"west": {"uv": [1.25, 4.25, 2, 4.75], "texture": "#0"},
				"up": {"uv": [1.75, 4.5, 2.25, 4.75], "texture": "#0"},
				"down": {"uv": [1.75, 4.5, 2.25, 4.75], "texture": "#0"}
			}
		},
		{
			"from": [6, 15, 16],
			"to": [10, 18, 17],
			"rotation": {"angle": -22.5, "axis": "x", "origin": [8, 15, 13.5]},
			"faces": {
				"north": {"uv": [5.25, 2.25, 6.25, 3], "texture": "#0"},
				"east": {"uv": [5.25, 2.25, 5.5, 3], "texture": "#0"},
				"south": {"uv": [5.25, 2.5, 6.25, 3.25], "texture": "#0"},
				"west": {"uv": [5.25, 2.25, 5.5, 3], "texture": "#0"},
				"up": {"uv": [5.25, 2.25, 6.25, 2.75], "texture": "#0"},
				"down": {"uv": [5.25, 2.5, 6.25, 2.75], "texture": "#0"}
			}
		},
		{
			"from": [7, 13, 16],
			"to": [9, 15, 17],
			"rotation": {"angle": -22.5, "axis": "x", "origin": [8, 15, 13.5]},
			"faces": {
				"north": {"uv": [5.25, 3, 5.75, 3.5], "texture": "#0"},
				"east": {"uv": [5.25, 3, 5.5, 3.5], "texture": "#0"},
				"south": {"uv": [5.25, 3, 5.75, 3.5], "texture": "#0"},
				"west": {"uv": [5.25, 3, 5.5, 3.5], "texture": "#0"},
				"up": {"uv": [5.25, 3, 5.5, 3.5], "texture": "#0"},
				"down": {"uv": [5.25, 3, 5.5, 3.5], "texture": "#0"}
			}
		},
		{
			"from": [7, 21, 16],
			"to": [9, 22, 17],
			"rotation": {"angle": -22.5, "axis": "x", "origin": [8, 15, 13.5]},
			"faces": {
				"north": {"uv": [5.25, 3, 5.75, 3.5], "texture": "#0"},
				"east": {"uv": [5.25, 3, 5.5, 3.5], "texture": "#0"},
				"south": {"uv": [5.25, 3, 5.75, 3.5], "texture": "#0"},
				"west": {"uv": [5.25, 3, 5.5, 3.5], "texture": "#0"},
				"up": {"uv": [5.25, 3, 5.5, 3.5], "texture": "#0"},
				"down": {"uv": [5.25, 3, 5.5, 3.5], "texture": "#0"}
			}
		}
	],
	"display": {
		"thirdperson_righthand": {
			"rotation": [-180, 31, -123],
			"translation": [0.5, 2.75, 2]
		},
		"thirdperson_lefthand": {
			"translation": [0, 1.5, -0.5]
		},
		"firstperson_righthand": {
			"rotation": [113, 57, -83],
			"translation": [0.75, 1.5, -1.5]
		},
		"ground": {
			"scale": [0.4, 0.4, 0.4]
		},
		"gui": {
			"rotation": [15, -141, 0],
			"translation": [0.5, 0.5, 0],
			"scale": [0.5, 0.5, 0.5]
		},
		"head": {
			"translation": [0, -20, -2.75],
			"scale": [1.6, 1.6, 1.6]
		},
		"fixed": {
			"translation": [0, 0.75, -3]
		}
	},
	"groups": [
		{
			"name": "Leg1",
			"origin": [6, 3, 9],
			"color": 0,
			"children": [0, 1]
		},
		{
			"name": "Leg2",
			"origin": [10, 3, 9],
			"color": 0,
			"children": [2, 3]
		},
		{
			"name": "Arm1",
			"origin": [0, 0, 0],
			"color": 0,
			"children": [4, 5, 6]
		},
		{
			"name": "Arm2",
			"origin": [0, 0, 0],
			"color": 0,
			"children": [7, 8, 9]
		},
		{
			"name": "Body",
			"origin": [0, 0, 0],
			"color": 0,
			"children": [10, 11]
		},
		{
			"name": "Head",
			"origin": [0, 0, 0],
			"color": 0,
			"children": [12, 13, 14, 15, 16, 17, 18, 19, 20, 21, 22]
		},
		{
			"name": "Hair",
			"origin": [0, 0, 0],
			"color": 0,
			"children": [23, 24, 25, 26, 27]
		}
	]
}