{
	"credit": "Made with Blockbench",
	"texture_size": [1, 1],
	"textures": {
		"particle": "fnaf_texture/fnaf1_texture/freddy/freddy_skin"
	},
	"elements": [
		{
			"from": [1.87962, 23.64033, 7.9],
			"to": [2.87962, 24.64033, 8],
			"rotation": {"angle": -22.5, "axis": "z", "origin": [8.1644, 25.01892, 7.16667]},
			"faces": {
				"north": {"uv": [15.2, 2.4, 16, 1.6], "rotation": 90, "texture": "#particle"},
				"east": {"uv": [15.2, 2.4, 16, 1.6], "rotation": 90, "texture": "#particle"},
				"south": {"uv": [15.2, 2.4, 16, 1.6], "rotation": 90, "texture": "#particle"},
				"west": {"uv": [15.2, 2.4, 16, 1.6], "rotation": 90, "texture": "#particle"},
				"up": {"uv": [15.2, 2.4, 16, 1.6], "rotation": 90, "texture": "#particle"},
				"down": {"uv": [15.2, 2.4, 16, 1.6], "rotation": 90, "texture": "#particle"}
			}
		},
		{
			"from": [13.24541, 23.76616, 7.9],
			"to": [14.24541, 24.76616, 8],
			"rotation": {"angle": 22.5, "axis": "z", "origin": [8.1644, 25.01892, 7.16667]},
			"faces": {
				"north": {"uv": [15.2, 2.4, 16, 1.6], "rotation": 90, "texture": "#particle"},
				"east": {"uv": [15.2, 2.4, 16, 1.6], "rotation": 90, "texture": "#particle"},
				"south": {"uv": [15.2, 2.4, 16, 1.6], "rotation": 90, "texture": "#particle"},
				"west": {"uv": [15.2, 2.4, 16, 1.6], "rotation": 90, "texture": "#particle"},
				"up": {"uv": [15.2, 2.4, 16, 1.6], "rotation": 90, "texture": "#particle"},
				"down": {"uv": [15.2, 2.4, 16, 1.6], "rotation": 90, "texture": "#particle"}
			}
		},
		{
			"from": [2, -8, 5],
			"to": [8, -6, 7],
			"rotation": {"angle": 0, "axis": "y", "origin": [5, 5.25, 8.57143]},
			"faces": {
				"north": {"uv": [7.2, 3.2, 8.8, 8], "rotation": 90, "texture": "#particle"},
				"east": {"uv": [7.2, 6.4, 8.8, 8], "rotation": 90, "texture": "#particle"},
				"south": {"uv": [7.2, 0, 8.8, 4.8], "rotation": 90, "texture": "#particle"},
				"west": {"uv": [7.2, 0, 8.8, 1.6], "rotation": 90, "texture": "#particle"},
				"up": {"uv": [5.6, 4, 7.2, 8.8], "rotation": 270, "texture": "#particle"},
				"down": {"uv": [8.8, 0, 10.4, 4.8], "rotation": 270, "texture": "#particle"}
			}
		},
		{
			"from": [3.5, -6.5, 7.5],
			"to": [6.5, -4.5, 10.5],
			"rotation": {"angle": 0, "axis": "y", "origin": [5, 5.25, 8.57143]},
			"faces": {
				"north": {"uv": [0.8, 11.2, 2.4, 8.8], "rotation": 180, "texture": "#particle"},
				"east": {"uv": [0.8, 11.2, 2.4, 8.8], "rotation": 180, "texture": "#particle"},
				"south": {"uv": [0.8, 11.2, 2.4, 8.8], "rotation": 180, "texture": "#particle"},
				"west": {"uv": [0.8, 11.2, 2.4, 8.8], "rotation": 180, "texture": "#particle"},
				"up": {"uv": [0.8, 11.2, 2.4, 8.8], "rotation": 180, "texture": "#particle"},
				"down": {"uv": [0.8, 11.2, 2.4, 8.8], "rotation": 180, "texture": "#particle"}
			}
		},
		{
			"from": [3, -8, 7],
			"to": [7, -6, 11],
			"rotation": {"angle": 0, "axis": "y", "origin": [5, 5.25, 8.57143]},
			"faces": {
				"north": {"uv": [7.2, 0, 8.8, 3.2], "rotation": 90, "texture": "#particle"},
				"east": {"uv": [7.2, 0, 8.8, 3.2], "rotation": 90, "texture": "#particle"},
				"south": {"uv": [7.2, 3.2, 8.8, 6.4], "rotation": 90, "texture": "#particle"},
				"west": {"uv": [7.2, 0, 8.8, 3.2], "rotation": 90, "texture": "#particle"},
				"up": {"uv": [4, 0, 7.2, 3.2], "rotation": 90, "texture": "#particle"},
				"down": {"uv": [9.6, 0, 12.8, 3.2], "rotation": 90, "texture": "#particle"}
			}
		},
		{
			"from": [3, -5.5, 7],
			"to": [7, -0.5, 11],
			"rotation": {"angle": 0, "axis": "x", "origin": [5, 5.25, 9]},
			"faces": {
				"north": {"uv": [0, 0, 3.2, 4], "texture": "#particle"},
				"east": {"uv": [4.8, 4.8, 8, 8.8], "texture": "#particle"},
				"south": {"uv": [0, 4.8, 3.2, 8.8], "texture": "#particle"},
				"west": {"uv": [3.2, 0, 6.4, 4], "texture": "#particle"},
				"up": {"uv": [0, 0, 3.2, 3.2], "texture": "#particle"},
				"down": {"uv": [0, 5.6, 3.2, 8.8], "texture": "#particle"}
			}
		},
		{
			"from": [3.5, -1, 7.5],
			"to": [6.5, 1, 10.5],
			"rotation": {"angle": 0, "axis": "x", "origin": [5, 5.25, 9]},
			"faces": {
				"north": {"uv": [0.8, 11.2, 2.4, 8.8], "rotation": 180, "texture": "#particle"},
				"east": {"uv": [0.8, 11.2, 2.4, 8.8], "rotation": 180, "texture": "#particle"},
				"south": {"uv": [0.8, 11.2, 2.4, 8.8], "rotation": 180, "texture": "#particle"},
				"west": {"uv": [0.8, 11.2, 2.4, 8.8], "rotation": 180, "texture": "#particle"},
				"up": {"uv": [0.8, 11.2, 2.4, 8.8], "rotation": 180, "texture": "#particle"},
				"down": {"uv": [0.8, 11.2, 2.4, 8.8], "rotation": 180, "texture": "#particle"}
			}
		},
		{
			"from": [3, 0, 7],
			"to": [7, 5, 11],
			"rotation": {"angle": 0, "axis": "x", "origin": [5, 5.25, 9]},
			"faces": {
				"north": {"uv": [0, 0, 3.2, 4], "texture": "#particle"},
				"east": {"uv": [4.8, 4.8, 8, 8.8], "texture": "#particle"},
				"south": {"uv": [0, 4.8, 3.2, 8.8], "texture": "#particle"},
				"west": {"uv": [3.2, 0, 6.4, 4], "texture": "#particle"},
				"up": {"uv": [0, 0, 3.2, 3.2], "texture": "#particle"},
				"down": {"uv": [0, 5.6, 3.2, 8.8], "texture": "#particle"}
			}
		},
		{
			"from": [3.5, 4.5, 7.5],
			"to": [6.5, 6.5, 10.5],
			"rotation": {"angle": 0, "axis": "x", "origin": [5, 5.25, 9]},
			"faces": {
				"north": {"uv": [0.8, 11.2, 2.4, 8.8], "rotation": 180, "texture": "#particle"},
				"east": {"uv": [0.8, 11.2, 2.4, 8.8], "rotation": 180, "texture": "#particle"},
				"south": {"uv": [0.8, 11.2, 2.4, 8.8], "rotation": 180, "texture": "#particle"},
				"west": {"uv": [0.8, 11.2, 2.4, 8.8], "rotation": 180, "texture": "#particle"},
				"up": {"uv": [0.8, 11.2, 2.4, 8.8], "rotation": 180, "texture": "#particle"},
				"down": {"uv": [0.8, 11.2, 2.4, 8.8], "rotation": 180, "texture": "#particle"}
			}
		},
		{
			"from": [9.5, 4.5, 7.5],
			"to": [12.5, 6.5, 10.5],
			"rotation": {"angle": 0, "axis": "y", "origin": [11, 5.25, 9]},
			"faces": {
				"north": {"uv": [0.8, 11.2, 2.4, 8.8], "rotation": 180, "texture": "#particle"},
				"east": {"uv": [0.8, 11.2, 2.4, 8.8], "rotation": 180, "texture": "#particle"},
				"south": {"uv": [0.8, 11.2, 2.4, 8.8], "rotation": 180, "texture": "#particle"},
				"west": {"uv": [0.8, 11.2, 2.4, 8.8], "rotation": 180, "texture": "#particle"},
				"up": {"uv": [0.8, 11.2, 2.4, 8.8], "rotation": 180, "texture": "#particle"},
				"down": {"uv": [0.8, 11.2, 2.4, 8.8], "rotation": 180, "texture": "#particle"}
			}
		},
		{
			"from": [9, 0, 7],
			"to": [13, 5, 11],
			"rotation": {"angle": 0, "axis": "y", "origin": [11, 5.25, 9]},
			"faces": {
				"north": {"uv": [0, 0, 3.2, 4], "rotation": 180, "texture": "#particle"},
				"east": {"uv": [4.8, 4.8, 8, 8.8], "rotation": 180, "texture": "#particle"},
				"south": {"uv": [0, 4.8, 3.2, 8.8], "rotation": 180, "texture": "#particle"},
				"west": {"uv": [3.2, 0, 6.4, 4], "texture": "#particle"},
				"up": {"uv": [4.8, 4.8, 8, 8], "texture": "#particle"},
				"down": {"uv": [4.8, 1.6, 8, 4.8], "texture": "#particle"}
			}
		},
		{
			"from": [9.5, -1, 7.5],
			"to": [12.5, 1, 10.5],
			"rotation": {"angle": 0, "axis": "y", "origin": [11, 5.25, 9]},
			"faces": {
				"north": {"uv": [0.8, 11.2, 2.4, 8.8], "rotation": 180, "texture": "#particle"},
				"east": {"uv": [0.8, 11.2, 2.4, 8.8], "rotation": 180, "texture": "#particle"},
				"south": {"uv": [0.8, 11.2, 2.4, 8.8], "rotation": 180, "texture": "#particle"},
				"west": {"uv": [0.8, 11.2, 2.4, 8.8], "rotation": 180, "texture": "#particle"},
				"up": {"uv": [0.8, 11.2, 2.4, 8.8], "rotation": 180, "texture": "#particle"},
				"down": {"uv": [0.8, 11.2, 2.4, 8.8], "rotation": 180, "texture": "#particle"}
			}
		},
		{
			"from": [9, -5.5, 7],
			"to": [13, -0.5, 11],
			"rotation": {"angle": 0, "axis": "y", "origin": [11, 5.25, 9]},
			"faces": {
				"north": {"uv": [0, 0, 3.2, 4], "rotation": 180, "texture": "#particle"},
				"east": {"uv": [4.8, 4.8, 8, 8.8], "rotation": 180, "texture": "#particle"},
				"south": {"uv": [0, 4.8, 3.2, 8.8], "rotation": 180, "texture": "#particle"},
				"west": {"uv": [3.2, 0, 6.4, 4], "texture": "#particle"},
				"up": {"uv": [4.8, 4.8, 8, 8], "texture": "#particle"},
				"down": {"uv": [4.8, 1.6, 8, 4.8], "texture": "#particle"}
			}
		},
		{
			"from": [8, -8, 5],
			"to": [14, -6, 7],
			"rotation": {"angle": 0, "axis": "y", "origin": [11, 5.25, 9]},
			"faces": {
				"north": {"uv": [7.2, 2.4, 8.8, 7.2], "rotation": 90, "texture": "#particle"},
				"east": {"uv": [7.2, 0, 8.8, 1.6], "rotation": 90, "texture": "#particle"},
				"south": {"uv": [7.2, 0, 8.8, 4.8], "rotation": 90, "texture": "#particle"},
				"west": {"uv": [7.2, 6.4, 8.8, 8], "rotation": 90, "texture": "#particle"},
				"up": {"uv": [5.6, 0, 7.2, 4.8], "rotation": 90, "texture": "#particle"},
				"down": {"uv": [8.8, 0, 10.4, 4.8], "rotation": 90, "texture": "#particle"}
			}
		},
		{
			"from": [9.5, -6.5, 7.5],
			"to": [12.5, -4.5, 10.5],
			"rotation": {"angle": 0, "axis": "y", "origin": [11, 5.25, 9]},
			"faces": {
				"north": {"uv": [0.8, 11.2, 2.4, 8.8], "rotation": 180, "texture": "#particle"},
				"east": {"uv": [0.8, 11.2, 2.4, 8.8], "rotation": 180, "texture": "#particle"},
				"south": {"uv": [0.8, 11.2, 2.4, 8.8], "rotation": 180, "texture": "#particle"},
				"west": {"uv": [0.8, 11.2, 2.4, 8.8], "rotation": 180, "texture": "#particle"},
				"up": {"uv": [0.8, 11.2, 2.4, 8.8], "rotation": 180, "texture": "#particle"},
				"down": {"uv": [0.8, 11.2, 2.4, 8.8], "rotation": 180, "texture": "#particle"}
			}
		},
		{
			"from": [9, -8, 7],
			"to": [13, -6, 11],
			"rotation": {"angle": 0, "axis": "y", "origin": [11, 5.25, 9]},
			"faces": {
				"north": {"uv": [7.2, 0, 8.8, 3.2], "rotation": 90, "texture": "#particle"},
				"east": {"uv": [7.2, 0, 8.8, 3.2], "rotation": 90, "texture": "#particle"},
				"south": {"uv": [7.2, 0, 8.8, 3.2], "rotation": 90, "texture": "#particle"},
				"west": {"uv": [7.2, 0, 8.8, 3.2], "rotation": 90, "texture": "#particle"},
				"up": {"uv": [4, 0, 7.2, 3.2], "rotation": 90, "texture": "#particle"},
				"down": {"uv": [9.6, 0, 12.8, 3.2], "rotation": 90, "texture": "#particle"}
			}
		},
		{
			"from": [-1, 5, 7],
			"to": [3, 7, 11],
			"rotation": {"angle": 0, "axis": "z", "origin": [1, 18, 9]},
			"faces": {
				"north": {"uv": [6.4, 5.6, 8, 8.8], "rotation": 90, "texture": "#particle"},
				"east": {"uv": [6.4, 4, 8, 7.2], "rotation": 90, "texture": "#particle"},
				"south": {"uv": [6.4, 0, 8, 3.2], "rotation": 90, "texture": "#particle"},
				"west": {"uv": [6.4, 4, 8, 7.2], "rotation": 90, "texture": "#particle"},
				"up": {"uv": [4, 0, 7.2, 3.2], "rotation": 90, "texture": "#particle"},
				"down": {"uv": [9.6, 0, 12.8, 3.2], "rotation": 90, "texture": "#particle"}
			}
		},
		{
			"from": [-0.5, 6.5, 7.5],
			"to": [2.5, 8.5, 10.5],
			"rotation": {"angle": 0, "axis": "z", "origin": [1, 18, 9]},
			"faces": {
				"north": {"uv": [0.8, 11.2, 2.4, 8.8], "rotation": 180, "texture": "#particle"},
				"east": {"uv": [0.8, 11.2, 2.4, 8.8], "rotation": 180, "texture": "#particle"},
				"south": {"uv": [0.8, 11.2, 2.4, 8.8], "rotation": 180, "texture": "#particle"},
				"west": {"uv": [0.8, 11.2, 2.4, 8.8], "rotation": 180, "texture": "#particle"},
				"up": {"uv": [0.8, 11.2, 2.4, 8.8], "rotation": 180, "texture": "#particle"},
				"down": {"uv": [0.8, 11.2, 2.4, 8.8], "rotation": 180, "texture": "#particle"}
			}
		},
		{
			"from": [-1, 7.5, 7],
			"to": [3, 12.5, 11],
			"rotation": {"angle": 0, "axis": "z", "origin": [1, 18, 9]},
			"faces": {
				"north": {"uv": [0, 0, 3.2, 4], "texture": "#particle"},
				"east": {"uv": [4.8, 4.8, 8, 8.8], "texture": "#particle"},
				"south": {"uv": [0, 4.8, 3.2, 8.8], "texture": "#particle"},
				"west": {"uv": [3.2, 0, 6.4, 4], "texture": "#particle"},
				"up": {"uv": [0, 0, 3.2, 3.2], "texture": "#particle"},
				"down": {"uv": [0, 5.6, 3.2, 8.8], "texture": "#particle"}
			}
		},
		{
			"from": [-0.5, 12, 7.5],
			"to": [2.5, 14, 10.5],
			"rotation": {"angle": 0, "axis": "z", "origin": [1, 18, 9]},
			"faces": {
				"north": {"uv": [0.8, 11.2, 2.4, 8.8], "rotation": 180, "texture": "#particle"},
				"east": {"uv": [0.8, 11.2, 2.4, 8.8], "rotation": 180, "texture": "#particle"},
				"south": {"uv": [0.8, 11.2, 2.4, 8.8], "rotation": 180, "texture": "#particle"},
				"west": {"uv": [0.8, 11.2, 2.4, 8.8], "rotation": 180, "texture": "#particle"},
				"up": {"uv": [0.8, 11.2, 2.4, 8.8], "rotation": 180, "texture": "#particle"},
				"down": {"uv": [0.8, 11.2, 2.4, 8.8], "rotation": 180, "texture": "#particle"}
			}
		},
		{
			"from": [-1, 13, 7],
			"to": [3, 18, 11],
			"rotation": {"angle": 0, "axis": "z", "origin": [1, 18, 9]},
			"faces": {
				"north": {"uv": [0, 0, 3.2, 4], "texture": "#particle"},
				"east": {"uv": [4.8, 4.8, 8, 8.8], "texture": "#particle"},
				"south": {"uv": [0, 4.8, 3.2, 8.8], "texture": "#particle"},
				"west": {"uv": [3.2, 0, 6.4, 4], "texture": "#particle"},
				"up": {"uv": [0, 0, 3.2, 3.2], "texture": "#particle"},
				"down": {"uv": [0, 5.6, 3.2, 8.8], "texture": "#particle"}
			}
		},
		{
			"from": [0.5, 17, 7.5],
			"to": [3, 19, 10.5],
			"rotation": {"angle": 0, "axis": "z", "origin": [1, 18, 9]},
			"faces": {
				"north": {"uv": [0.8, 11.2, 2.4, 8.8], "rotation": 180, "texture": "#particle"},
				"east": {"uv": [0.8, 11.2, 2.4, 8.8], "rotation": 180, "texture": "#particle"},
				"south": {"uv": [0.8, 11.2, 2.4, 8.8], "rotation": 180, "texture": "#particle"},
				"west": {"uv": [0.8, 11.2, 2.4, 8.8], "rotation": 180, "texture": "#particle"},
				"up": {"uv": [0.8, 11.2, 2.4, 8.8], "rotation": 180, "texture": "#particle"},
				"down": {"uv": [0.8, 11.2, 2.4, 8.8], "rotation": 180, "texture": "#particle"}
			}
		},
		{
			"from": [13, 17, 7.5],
			"to": [15.5, 19, 10.5],
			"rotation": {"angle": 0, "axis": "z", "origin": [15, 18, 9]},
			"faces": {
				"north": {"uv": [0, 10.4, 2.4, 8.8], "texture": "#particle"},
				"east": {"uv": [0, 10.4, 2.4, 8.8], "texture": "#particle"},
				"south": {"uv": [0, 10.4, 2.4, 8.8], "texture": "#particle"},
				"west": {"uv": [0, 10.4, 2.4, 8.8], "texture": "#particle"},
				"up": {"uv": [1.6, 12.8, 3.2, 10.4], "texture": "#particle"},
				"down": {"uv": [0, 10.4, 2.4, 8.8], "texture": "#particle"}
			}
		},
		{
			"from": [13, 13, 7],
			"to": [17, 18, 11],
			"rotation": {"angle": 0, "axis": "z", "origin": [15, 18, 9]},
			"faces": {
				"north": {"uv": [0, 0, 3.2, 4], "rotation": 180, "texture": "#particle"},
				"east": {"uv": [4.8, 4.8, 8, 8.8], "rotation": 180, "texture": "#particle"},
				"south": {"uv": [0, 4.8, 3.2, 8.8], "rotation": 180, "texture": "#particle"},
				"west": {"uv": [3.2, 0, 6.4, 4], "texture": "#particle"},
				"up": {"uv": [4.8, 4.8, 8, 8], "texture": "#particle"},
				"down": {"uv": [4.8, 1.6, 8, 4.8], "texture": "#particle"}
			}
		},
		{
			"from": [13.5, 12, 7.5],
			"to": [16.5, 14, 10.5],
			"rotation": {"angle": 0, "axis": "z", "origin": [15, 18, 9]},
			"faces": {
				"north": {"uv": [0, 10.4, 2.4, 8.8], "texture": "#particle"},
				"east": {"uv": [0, 10.4, 2.4, 8.8], "texture": "#particle"},
				"south": {"uv": [0, 10.4, 2.4, 8.8], "texture": "#particle"},
				"west": {"uv": [0, 10.4, 2.4, 8.8], "texture": "#particle"},
				"up": {"uv": [0, 10.4, 2.4, 8.8], "texture": "#particle"},
				"down": {"uv": [0, 10.4, 2.4, 8.8], "texture": "#particle"}
			}
		},
		{
			"from": [13, 7.5, 7],
			"to": [17, 12.5, 11],
			"rotation": {"angle": 0, "axis": "z", "origin": [15, 18, 9]},
			"faces": {
				"north": {"uv": [0, 0, 3.2, 4], "rotation": 180, "texture": "#particle"},
				"east": {"uv": [4.8, 4.8, 8, 8.8], "rotation": 180, "texture": "#particle"},
				"south": {"uv": [0, 4.8, 3.2, 8.8], "rotation": 180, "texture": "#particle"},
				"west": {"uv": [3.2, 0, 6.4, 4], "texture": "#particle"},
				"up": {"uv": [4.8, 4.8, 8, 8], "texture": "#particle"},
				"down": {"uv": [4.8, 1.6, 8, 4.8], "texture": "#particle"}
			}
		},
		{
			"from": [13.5, 6.5, 7.5],
			"to": [16.5, 8.5, 10.5],
			"rotation": {"angle": 0, "axis": "z", "origin": [15, 18, 9]},
			"faces": {
				"north": {"uv": [0.8, 11.2, 2.4, 8.8], "rotation": 180, "texture": "#particle"},
				"east": {"uv": [0.8, 11.2, 2.4, 8.8], "rotation": 180, "texture": "#particle"},
				"south": {"uv": [0.8, 11.2, 2.4, 8.8], "rotation": 180, "texture": "#particle"},
				"west": {"uv": [0.8, 11.2, 2.4, 8.8], "rotation": 180, "texture": "#particle"},
				"up": {"uv": [0.8, 11.2, 2.4, 8.8], "rotation": 180, "texture": "#particle"},
				"down": {"uv": [0.8, 11.2, 2.4, 8.8], "rotation": 180, "texture": "#particle"}
			}
		},
		{
			"from": [13, 5, 7],
			"to": [17, 7, 11],
			"rotation": {"angle": 0, "axis": "z", "origin": [15, 18, 9]},
			"faces": {
				"north": {"uv": [6.4, 0.8, 8, 4], "rotation": 90, "texture": "#particle"},
				"east": {"uv": [6.4, 5.6, 8, 8.8], "rotation": 90, "texture": "#particle"},
				"south": {"uv": [6.4, 3.2, 8, 6.4], "rotation": 90, "texture": "#particle"},
				"west": {"uv": [6.4, 5.6, 8, 8.8], "rotation": 90, "texture": "#particle"},
				"up": {"uv": [4, 0, 7.2, 3.2], "rotation": 90, "texture": "#particle"},
				"down": {"uv": [9.6, 0, 12.8, 3.2], "rotation": 90, "texture": "#particle"}
			}
		},
		{
			"from": [14, 4, 5],
			"to": [16, 6, 9],
			"rotation": {"angle": 0, "axis": "z", "origin": [15, 18, 9]},
			"faces": {
				"north": {"uv": [1.6, 14.4, 3.2, 16], "texture": "#particle"},
				"east": {"uv": [0, 12.8, 3.2, 14.4], "texture": "#particle"},
				"south": {"uv": [0, 14.4, 1.6, 16], "texture": "#particle"},
				"west": {"uv": [0, 14.4, 3.2, 16], "texture": "#particle"},
				"up": {"uv": [0, 14.4, 0.8, 16], "texture": "#particle"},
				"down": {"uv": [0, 15.2, 1.6, 16], "texture": "#particle"}
			}
		},
		{
			"from": [13.7, 3.7, 2.7],
			"to": [16.3, 6.3, 5.3],
			"rotation": {"angle": 0, "axis": "z", "origin": [15, 18, 9]},
			"faces": {
				"north": {"uv": [0.8, 11.2, 2.4, 8.8], "rotation": 180, "texture": "#particle"},
				"east": {"uv": [0.8, 11.2, 2.4, 8.8], "rotation": 180, "texture": "#particle"},
				"south": {"uv": [0.8, 11.2, 2.4, 8.8], "rotation": 180, "texture": "#particle"},
				"west": {"uv": [0.8, 11.2, 2.4, 8.8], "rotation": 180, "texture": "#particle"},
				"up": {"uv": [0.8, 11.2, 2.4, 8.8], "rotation": 180, "texture": "#particle"},
				"down": {"uv": [0.8, 11.2, 2.4, 8.8], "rotation": 180, "texture": "#particle"}
			}
		},
		{
			"from": [3, 5.5, 6],
			"to": [13, 8, 12],
			"rotation": {"angle": 0, "axis": "y", "origin": [8, 9, 9]},
			"faces": {
				"north": {"uv": [0, 0, 8, 1.6], "texture": "#particle"},
				"east": {"uv": [3.2, 0, 8, 1.6], "texture": "#particle"},
				"south": {"uv": [0, 0, 8, 1.6], "texture": "#particle"},
				"west": {"uv": [0, 0, 4.8, 1.6], "texture": "#particle"},
				"up": {"uv": [0, 4, 8, 8.8], "texture": "#particle"},
				"down": {"uv": [0, 0, 8, 4.8], "texture": "#particle"}
			}
		},
		{
			"from": [5.5, 8, 6.5],
			"to": [10.5, 10, 11.5],
			"rotation": {"angle": 0, "axis": "y", "origin": [8, 9, 9]},
			"faces": {
				"north": {"uv": [0.8, 11.2, 2.4, 8.8], "rotation": 180, "texture": "#particle"},
				"east": {"uv": [0.8, 11.2, 2.4, 8.8], "rotation": 180, "texture": "#particle"},
				"south": {"uv": [0.8, 11.2, 2.4, 8.8], "rotation": 180, "texture": "#particle"},
				"west": {"uv": [0.8, 11.2, 2.4, 8.8], "rotation": 180, "texture": "#particle"},
				"up": {"uv": [0.8, 11.2, 2.4, 8.8], "rotation": 180, "texture": "#particle"},
				"down": {"uv": [0.8, 11.2, 2.4, 8.8], "rotation": 180, "texture": "#particle"}
			}
		},
		{
			"from": [4, 8.5, 5],
			"to": [12, 15.5, 6],
			"rotation": {"angle": 0, "axis": "y", "origin": [8, 9, 9]},
			"faces": {
				"north": {"uv": [8, 0, 16, 7.2], "texture": "#particle"},
				"east": {"uv": [15.2, 0, 16, 7.2], "texture": "#particle"},
				"south": {"uv": [8, 0, 16, 7.2], "texture": "#particle"},
				"west": {"uv": [8, 0, 8.8, 7.2], "texture": "#particle"},
				"up": {"uv": [8, 0, 16, 0.8], "texture": "#particle"},
				"down": {"uv": [8, 7.2, 16, 8], "texture": "#particle"}
			}
		},
		{
			"from": [3, 8.5, 6],
			"to": [13, 19, 12],
			"rotation": {"angle": 0, "axis": "y", "origin": [8, 9, 9]},
			"faces": {
				"north": {"uv": [0, 0, 8, 8.8], "texture": "#particle"},
				"east": {"uv": [0, 0, 8, 8.8], "texture": "#particle"},
				"south": {"uv": [0, 0, 8, 8.8], "texture": "#particle"},
				"west": {"uv": [0, 0, 8, 8.8], "texture": "#particle"},
				"up": {"uv": [0, 2.4, 8, 7.2], "texture": "#particle"},
				"down": {"uv": [0, 2.4, 8, 7.2], "texture": "#particle"}
			}
		},
		{
			"from": [5.5, 16.5, 4.9],
			"to": [7.5, 18.5, 6],
			"rotation": {"angle": 0, "axis": "y", "origin": [8, 9, 9]},
			"faces": {
				"north": {"uv": [1.6, 14.4, 3.2, 16], "texture": "#particle"},
				"east": {"uv": [0, 14.4, 1.6, 16], "texture": "#particle"},
				"south": {"uv": [0, 14.4, 1.6, 16], "texture": "#particle"},
				"west": {"uv": [0, 14.4, 0.8, 16], "texture": "#particle"},
				"up": {"uv": [0, 14.4, 0.8, 16], "texture": "#particle"},
				"down": {"uv": [0, 15.2, 1.6, 16], "texture": "#particle"}
			}
		},
		{
			"from": [8.5, 16.5, 4.9],
			"to": [10.5, 18.5, 6],
			"rotation": {"angle": 0, "axis": "y", "origin": [8, 9, 9]},
			"faces": {
				"north": {"uv": [1.6, 14.4, 3.2, 16], "rotation": 90, "texture": "#particle"},
				"east": {"uv": [0, 14.4, 1.6, 16], "texture": "#particle"},
				"south": {"uv": [0, 14.4, 1.6, 16], "texture": "#particle"},
				"west": {"uv": [0, 14.4, 0.8, 16], "texture": "#particle"},
				"up": {"uv": [0, 14.4, 0.8, 16], "texture": "#particle"},
				"down": {"uv": [0, 15.2, 1.6, 16], "texture": "#particle"}
			}
		},
		{
			"from": [5, 15.5, 5],
			"to": [11, 17.5, 6],
			"rotation": {"angle": 0, "axis": "y", "origin": [8, 9, 9]},
			"faces": {
				"north": {"uv": [8.8, 7.2, 15.2, 8.8], "texture": "#particle"},
				"east": {"uv": [8, 7.2, 8.8, 8.8], "texture": "#particle"},
				"south": {"uv": [8.8, 7.2, 15.2, 8.8], "texture": "#particle"},
				"west": {"uv": [15.2, 7.2, 16, 8.8], "texture": "#particle"},
				"up": {"uv": [8.8, 6.4, 15.2, 7.2], "texture": "#particle"},
				"down": {"uv": [8.8, 8, 15.2, 8.8], "texture": "#particle"}
			}
		},
		{
			"from": [4, 8.5, 12],
			"to": [12, 18, 13],
			"rotation": {"angle": 0, "axis": "y", "origin": [8, 9, 9]},
			"faces": {
				"north": {"uv": [0.8, 0.8, 7.2, 8.8], "texture": "#particle"},
				"east": {"uv": [7.2, 0.8, 8, 8.8], "texture": "#particle"},
				"south": {"uv": [0.8, 0.8, 7.2, 8.8], "texture": "#particle"},
				"west": {"uv": [0, 0.8, 0.8, 8.8], "texture": "#particle"},
				"up": {"uv": [0.8, 0, 7.2, 0.8], "texture": "#particle"},
				"down": {"uv": [0.8, 8, 7.2, 8.8], "texture": "#particle"}
			}
		},
		{
			"from": [7.5, 17, 4.9],
			"to": [8.5, 18, 6],
			"rotation": {"angle": 0, "axis": "y", "origin": [8, 9, 9]},
			"faces": {
				"north": {"uv": [1.6, 15.2, 2.4, 16], "texture": "#particle"},
				"east": {"uv": [1.6, 15.2, 2.4, 16], "texture": "#particle"},
				"south": {"uv": [1.6, 15.2, 2.4, 16], "texture": "#particle"},
				"west": {"uv": [1.6, 15.2, 2.4, 16], "texture": "#particle"},
				"up": {"uv": [1.6, 15.2, 2.4, 16], "texture": "#particle"},
				"down": {"uv": [1.6, 15.2, 2.4, 16], "texture": "#particle"}
			}
		},
		{
			"from": [6.5, 17.5, 7.5],
			"to": [9.5, 20.5, 9.5],
			"rotation": {"angle": 0, "axis": "y", "origin": [8.00739, 24.64918, 7.124]},
			"faces": {
				"north": {"uv": [0.8, 11.2, 2.4, 8.8], "rotation": 180, "texture": "#particle"},
				"east": {"uv": [0.8, 11.2, 2.4, 8.8], "rotation": 180, "texture": "#particle"},
				"south": {"uv": [0.8, 11.2, 2.4, 8.8], "rotation": 180, "texture": "#particle"},
				"west": {"uv": [0.8, 11.2, 2.4, 8.8], "rotation": 180, "texture": "#particle"},
				"up": {"uv": [0.8, 11.2, 2.4, 8.8], "rotation": 180, "texture": "#particle"},
				"down": {"uv": [0.8, 11.2, 2.4, 8.8], "rotation": 180, "texture": "#particle"}
			}
		},
		{
			"from": [4, 19.5, 5],
			"to": [12, 21.5, 9],
			"rotation": {"angle": 0, "axis": "x", "origin": [8, 20.5, 8]},
			"faces": {
				"north": {"uv": [0, 0, 6.4, 1.6], "texture": "#particle"},
				"east": {"uv": [0, 0, 3.2, 1.6], "texture": "#particle"},
				"south": {"uv": [1.6, 0, 8, 1.6], "texture": "#particle"},
				"west": {"uv": [4.8, 0, 8, 1.6], "texture": "#particle"},
				"up": {"uv": [8, 8.8, 14.4, 12], "rotation": 180, "texture": "#particle"},
				"down": {"uv": [0, 0, 6.4, 3.2], "texture": "#particle"}
			}
		},
		{
			"from": [4, 20.5, 9],
			"to": [12, 23.5, 13],
			"rotation": {"angle": 0, "axis": "y", "origin": [8.00739, 24.64918, 7.124]},
			"faces": {
				"north": {"uv": [9.6, 8.8, 12.8, 11.2], "texture": "#particle"},
				"east": {"uv": [0, 0, 3.2, 2.4], "texture": "#particle"},
				"south": {"uv": [0.8, 4, 7.2, 6.4], "texture": "#particle"},
				"west": {"uv": [0, 0, 3.2, 2.4], "texture": "#particle"},
				"up": {"uv": [0, 0, 3.2, 2.4], "texture": "#particle"},
				"down": {"uv": [0.8, 6.4, 7.2, 8.8], "texture": "#particle"}
			}
		},
		{
			"from": [3, 22.5, 9],
			"to": [13, 23.5, 11],
			"rotation": {"angle": 0, "axis": "y", "origin": [8.00739, 24.64918, 7.124]},
			"faces": {
				"north": {"uv": [0, 0, 8, 2.4], "texture": "#particle"},
				"east": {"uv": [0.8, 0.8, 2.4, 1.6], "texture": "#particle"},
				"south": {"uv": [0, 2.4, 8, 3.2], "texture": "#particle"},
				"west": {"uv": [0.8, 0.8, 2.4, 1.6], "texture": "#particle"},
				"up": {"uv": [0, 0, 8, 1.6], "texture": "#particle"},
				"down": {"uv": [0, 1.6, 1.6, 2.4], "texture": "#particle"}
			}
		},
		{
			"from": [3, 21.5, 5],
			"to": [5, 23.5, 9],
			"rotation": {"angle": 0, "axis": "y", "origin": [8.00739, 24.64918, 7.124]},
			"faces": {
				"north": {"uv": [6.4, 0, 8, 1.6], "texture": "#particle"},
				"east": {"uv": [6.4, 0, 8, 1.6], "texture": "#particle"},
				"south": {"uv": [6.4, 0, 8, 1.6], "texture": "#particle"},
				"west": {"uv": [3.2, 0, 6.4, 1.6], "texture": "#particle"},
				"up": {"uv": [6.4, 0, 8, 3.2], "texture": "#particle"},
				"down": {"uv": [6.4, 0, 8, 1.6], "texture": "#particle"}
			}
		},
		{
			"from": [4.5, 21.5, 4],
			"to": [11.5, 23.5, 5],
			"rotation": {"angle": 0, "axis": "y", "origin": [8.00739, 24.64918, 7.124]},
			"faces": {
				"north": {"uv": [16, 2.4, 10.4, 4], "texture": "#particle"},
				"east": {"uv": [9.6, 1.6, 10.4, 3.2], "texture": "#particle"},
				"south": {"uv": [16, 1.6, 10.4, 2.4], "texture": "#particle"},
				"west": {"uv": [9.6, 1.6, 10.4, 3.2], "texture": "#particle"},
				"up": {"uv": [16, 1.6, 10.4, 2.4], "texture": "#particle"},
				"down": {"uv": [16, 4, 10.4, 4.8], "texture": "#particle"}
			}
		},
		{
			"from": [7, 23, 3.5],
			"to": [9, 24, 4.5],
			"rotation": {"angle": 0, "axis": "y", "origin": [8.00739, 24.64918, 7.124]},
			"faces": {
				"north": {"uv": [1.6, 15.2, 3.2, 16], "texture": "#particle"},
				"east": {"uv": [2.4, 15.2, 3.2, 16], "texture": "#particle"},
				"south": {"uv": [1.6, 15.2, 3.2, 16], "texture": "#particle"},
				"west": {"uv": [1.6, 15.2, 2.4, 16], "texture": "#particle"},
				"up": {"uv": [1.6, 15.2, 3.2, 16], "texture": "#particle"},
				"down": {"uv": [1.6, 15.2, 3.2, 16], "texture": "#particle"}
			}
		},
		{
			"from": [11, 21.5, 5],
			"to": [13, 23.5, 9],
			"rotation": {"angle": 0, "axis": "y", "origin": [8.00739, 24.64918, 7.124]},
			"faces": {
				"north": {"uv": [6.4, 0, 8, 1.6], "rotation": 180, "texture": "#particle"},
				"east": {"uv": [6.4, 0, 8, 1.6], "texture": "#particle"},
				"south": {"uv": [6.4, 0, 8, 1.6], "texture": "#particle"},
				"west": {"uv": [3.2, 0, 6.4, 1.6], "texture": "#particle"},
				"up": {"uv": [6.4, 0, 8, 3.2], "texture": "#particle"},
				"down": {"uv": [6.4, 0, 8, 1.6], "texture": "#particle"}
			}
		},
		{
			"from": [11, 23.5, 5],
			"to": [12, 27.5, 6],
			"rotation": {"angle": 0, "axis": "y", "origin": [8.00739, 24.64918, 7.124]},
			"faces": {
				"north": {"uv": [1.6, 0.8, 2.4, 4], "texture": "#particle"},
				"east": {"uv": [2.4, 0.8, 3.2, 4], "texture": "#particle"},
				"south": {"uv": [1.6, 0.8, 2.4, 4], "texture": "#particle"},
				"west": {"uv": [0, 12.8, 0.8, 16], "texture": "#particle"},
				"up": {"uv": [1.6, 0, 2.4, 0.8], "texture": "#particle"},
				"down": {"uv": [1.6, 4, 2.4, 4.8], "texture": "#particle"}
			}
		},
		{
			"from": [9, 26, 4.9],
			"to": [11, 26.5, 5.9],
			"rotation": {"angle": 0, "axis": "y", "origin": [8.00739, 24.64918, 7.124]},
			"faces": {
				"north": {"uv": [0, 15.2, 1.6, 16], "texture": "#particle"},
				"east": {"uv": [0, 15.2, 1.6, 16], "texture": "#particle"},
				"south": {"uv": [0, 15.2, 1.6, 16], "texture": "#particle"},
				"west": {"uv": [0, 15.2, 1.6, 16], "texture": "#particle"},
				"up": {"uv": [0, 15.2, 1.6, 16], "texture": "#particle"},
				"down": {"uv": [0, 15.2, 1.6, 16], "texture": "#particle"}
			}
		},
		{
			"from": [5, 26, 4.9],
			"to": [7, 26.5, 5.9],
			"rotation": {"angle": 0, "axis": "y", "origin": [8.00739, 24.64918, 7.124]},
			"faces": {
				"north": {"uv": [0, 15.2, 1.6, 16], "texture": "#particle"},
				"east": {"uv": [0, 15.2, 1.6, 16], "texture": "#particle"},
				"south": {"uv": [0, 15.2, 1.6, 16], "texture": "#particle"},
				"west": {"uv": [0, 15.2, 1.6, 16], "texture": "#particle"},
				"up": {"uv": [0, 15.2, 1.6, 16], "texture": "#particle"},
				"down": {"uv": [0, 15.2, 1.6, 16], "texture": "#particle"}
			}
		},
		{
			"from": [5, 25.5, 5],
			"to": [7, 27.5, 6],
			"rotation": {"angle": 0, "axis": "y", "origin": [8.00739, 24.64918, 7.124]},
			"faces": {
				"north": {"uv": [5.6, 1.6, 7.2, 3.2], "texture": "#particle"},
				"east": {"uv": [5.6, 1.6, 7.2, 3.2], "texture": "#particle"},
				"south": {"uv": [5.6, 1.6, 7.2, 3.2], "texture": "#particle"},
				"west": {"uv": [5.6, 1.6, 7.2, 3.2], "texture": "#particle"},
				"up": {"uv": [5.6, 0.8, 7.2, 1.6], "texture": "#particle"},
				"down": {"uv": [1.6, 15.2, 3.2, 16], "texture": "#particle"}
			}
		},
		{
			"from": [7, 23.5, 5],
			"to": [9, 27.5, 6],
			"rotation": {"angle": 0, "axis": "y", "origin": [8.00739, 24.64918, 7.124]},
			"faces": {
				"north": {"uv": [3.2, 0.8, 4.8, 4], "texture": "#particle"},
				"east": {"uv": [0.8, 12.8, 1.6, 16], "texture": "#particle"},
				"south": {"uv": [2.4, 0.8, 3.2, 4], "texture": "#particle"},
				"west": {"uv": [2.4, 12.8, 3.2, 16], "texture": "#particle"},
				"up": {"uv": [3.2, 0, 4.8, 0.8], "texture": "#particle"},
				"down": {"uv": [3.2, 4, 4.8, 4.8], "texture": "#particle"}
			}
		},
		{
			"from": [9, 25.5, 5],
			"to": [11, 27.5, 6],
			"rotation": {"angle": 0, "axis": "y", "origin": [8.00739, 24.64918, 7.124]},
			"faces": {
				"north": {"uv": [2.4, 1.6, 4, 3.2], "texture": "#particle"},
				"east": {"uv": [2.4, 1.6, 4, 3.2], "texture": "#particle"},
				"south": {"uv": [2.4, 1.6, 4, 3.2], "texture": "#particle"},
				"west": {"uv": [2.4, 1.6, 4, 3.2], "texture": "#particle"},
				"up": {"uv": [2.4, 0.8, 4, 1.6], "texture": "#particle"},
				"down": {"uv": [0.8, 13.6, 2.4, 14.4], "texture": "#particle"}
			}
		},
		{
			"from": [4, 23.5, 5],
			"to": [5, 27.5, 6],
			"rotation": {"angle": 0, "axis": "y", "origin": [8.00739, 24.64918, 7.124]},
			"faces": {
				"north": {"uv": [6.4, 0.8, 7.2, 4], "texture": "#particle"},
				"east": {"uv": [3.2, 12.8, 4, 16], "texture": "#particle"},
				"south": {"uv": [6.4, 0.8, 7.2, 4], "texture": "#particle"},
				"west": {"uv": [5.6, 0.8, 6.4, 4], "texture": "#particle"},
				"up": {"uv": [6.4, 0, 7.2, 0.8], "texture": "#particle"},
				"down": {"uv": [6.4, 4, 7.2, 4.8], "texture": "#particle"}
			}
		},
		{
			"from": [3.22617, 23.67227, 8],
			"to": [5.22617, 24.67227, 9],
			"rotation": {"angle": -22.5, "axis": "z", "origin": [8.00739, 24.64918, 7.124]},
			"faces": {
				"north": {"uv": [0, 9.6, 1.6, 8.8], "texture": "#particle"},
				"east": {"uv": [0, 10.4, 0.8, 8.8], "texture": "#particle"},
				"south": {"uv": [0, 10.4, 0.8, 8.8], "texture": "#particle"},
				"west": {"uv": [0, 10.4, 0.8, 8.8], "texture": "#particle"},
				"up": {"uv": [0, 10.4, 0.8, 8.8], "texture": "#particle"},
				"down": {"uv": [0, 10.4, 0.8, 8.8], "texture": "#particle"}
			}
		},
		{
			"from": [1.22617, 23.17227, 8],
			"to": [3.22617, 25.17227, 9],
			"rotation": {"angle": -22.5, "axis": "z", "origin": [8.00739, 24.64918, 7.124]},
			"faces": {
				"north": {"uv": [4, 2.4, 5.6, 4], "rotation": 270, "texture": "#particle"},
				"east": {"uv": [5.6, 2.4, 6.4, 4], "rotation": 270, "texture": "#particle"},
				"south": {"uv": [4, 2.4, 5.6, 4], "rotation": 270, "texture": "#particle"},
				"west": {"uv": [3.2, 2.4, 4, 4], "rotation": 270, "texture": "#particle"},
				"up": {"uv": [4, 1.6, 5.6, 2.4], "rotation": 270, "texture": "#particle"},
				"down": {"uv": [4, 4, 5.6, 4.8], "rotation": 270, "texture": "#particle"}
			}
		},
		{
			"from": [12.87496, 23.17793, 8],
			"to": [14.87496, 25.17793, 9],
			"rotation": {"angle": 22.5, "axis": "z", "origin": [8.00739, 24.64918, 7.124]},
			"faces": {
				"north": {"uv": [0.8, 0.8, 2.4, 2.4], "rotation": 90, "texture": "#particle"},
				"east": {"uv": [2.4, 0.8, 3.2, 2.4], "rotation": 90, "texture": "#particle"},
				"south": {"uv": [0.8, 0.8, 2.4, 2.4], "rotation": 90, "texture": "#particle"},
				"west": {"uv": [0, 0.8, 0.8, 2.4], "rotation": 90, "texture": "#particle"},
				"up": {"uv": [0.8, 0, 2.4, 0.8], "rotation": 90, "texture": "#particle"},
				"down": {"uv": [0.8, 2.4, 2.4, 3.2], "rotation": 90, "texture": "#particle"}
			}
		},
		{
			"from": [10.87496, 23.67793, 8],
			"to": [12.87496, 24.67793, 9],
			"rotation": {"angle": 22.5, "axis": "z", "origin": [8.00739, 24.64918, 7.124]},
			"faces": {
				"north": {"uv": [0, 9.6, 1.6, 8.8], "texture": "#particle"},
				"east": {"uv": [0, 9.6, 1.6, 8.8], "texture": "#particle"},
				"south": {"uv": [0, 9.6, 1.6, 8.8], "texture": "#particle"},
				"west": {"uv": [0, 9.6, 1.6, 8.8], "texture": "#particle"},
				"up": {"uv": [0, 9.6, 1.6, 8.8], "texture": "#particle"},
				"down": {"uv": [0, 9.6, 1.6, 8.8], "texture": "#particle"}
			}
		},
		{
			"from": [5, 27.5, 6],
			"to": [11, 28.5, 12],
			"rotation": {"angle": 0, "axis": "y", "origin": [8.00739, 24.64918, 7.124]},
			"faces": {
				"north": {"uv": [13.6, 9.6, 9.6, 10.4], "texture": "#particle"},
				"east": {"uv": [13.6, 9.6, 9.6, 10.4], "texture": "#particle"},
				"south": {"uv": [13.6, 9.6, 9.6, 10.4], "texture": "#particle"},
				"west": {"uv": [13.6, 9.6, 9.6, 10.4], "texture": "#particle"},
				"up": {"uv": [4, 12.8, 0, 16], "texture": "#particle"},
				"down": {"uv": [13.6, 9.6, 9.6, 10.4], "texture": "#particle"}
			}
		},
		{
			"from": [6, 27.5, 7],
			"to": [10, 31.5, 11],
			"rotation": {"angle": 0, "axis": "y", "origin": [8.00739, 24.64918, 7.124]},
			"faces": {
				"north": {"uv": [0.8, 16, 4, 12.8], "texture": "#particle"},
				"east": {"uv": [0, 16, 3.2, 12.8], "rotation": 90, "texture": "#particle"},
				"south": {"uv": [0, 16, 3.2, 12.8], "texture": "#particle"},
				"west": {"uv": [0, 16, 3.2, 12.8], "rotation": 270, "texture": "#particle"},
				"up": {"uv": [0, 16, 3.2, 12.8], "rotation": 180, "texture": "#particle"},
				"down": {"uv": [0, 16, 3.2, 12.8], "texture": "#particle"}
			}
		},
		{
			"from": [5.5, 24, 5.9],
			"to": [6.5, 25, 6.9],
			"rotation": {"angle": 0, "axis": "y", "origin": [8.00739, 24.64918, 7.124]},
			"faces": {
				"north": {"uv": [4, 8.8, 6.4, 12], "texture": "#particle"},
				"east": {"uv": [4, 8.8, 6.4, 12], "texture": "#particle"},
				"south": {"uv": [4, 8.8, 6.4, 12], "texture": "#particle"},
				"west": {"uv": [4, 8.8, 6.4, 12], "texture": "#particle"},
				"up": {"uv": [4, 8.8, 6.4, 12], "texture": "#particle"},
				"down": {"uv": [4, 8.8, 6.4, 12], "texture": "#particle"}
			}
		},
		{
			"from": [9.5, 24, 5.9],
			"to": [10.5, 25, 6.9],
			"rotation": {"angle": 0, "axis": "y", "origin": [8.00739, 24.64918, 7.124]},
			"faces": {
				"north": {"uv": [4, 8.8, 6.4, 11.2], "texture": "#particle"},
				"east": {"uv": [4, 8.8, 6.4, 11.2], "texture": "#particle"},
				"south": {"uv": [4, 8.8, 6.4, 11.2], "texture": "#particle"},
				"west": {"uv": [4, 8.8, 6.4, 11.2], "texture": "#particle"},
				"up": {"uv": [4, 8.8, 6.4, 11.2], "texture": "#particle"},
				"down": {"uv": [4, 8.8, 6.4, 11.2], "texture": "#particle"}
			}
		},
		{
			"from": [4, 23.5, 6],
			"to": [12, 27.5, 13],
			"rotation": {"angle": 0, "axis": "y", "origin": [8.00739, 24.64918, 7.124]},
			"faces": {
				"north": {"uv": [13.6, 13.6, 16, 16], "texture": "#particle"},
				"east": {"uv": [0, 0, 5.6, 3.2], "texture": "#particle"},
				"south": {"uv": [0, 0, 6.4, 3.2], "rotation": 180, "texture": "#particle"},
				"west": {"uv": [0, 0, 5.6, 3.2], "texture": "#particle"},
				"up": {"uv": [0, 0, 6.4, 5.6], "texture": "#particle"},
				"down": {"uv": [0, 0, 6.4, 3.2], "texture": "#particle"}
			}
		},
		{
			"from": [5, 21.5, 5],
			"to": [11, 23.5, 8],
			"rotation": {"angle": 0, "axis": "y", "origin": [8.00739, 24.64918, 7.124]},
			"faces": {
				"north": {"uv": [0, 0, 4, 1.6], "texture": "#particle"},
				"east": {"uv": [0, 0, 2.4, 1.6], "texture": "#particle"},
				"south": {"uv": [0, 0, 3.2, 2.4], "texture": "#particle"},
				"west": {"uv": [0, 0, 2.4, 1.6], "texture": "#particle"},
				"up": {"uv": [0, 15.2, 4, 16], "texture": "#particle"},
				"down": {"uv": [8.8, 10.4, 13.6, 12], "texture": "#particle"}
			}
		}
	],
	"display": {
		"thirdperson_righthand": {
			"rotation": [-180, 31, -123],
			"translation": [-4.25, 2.75, 0]
		},
		"firstperson_righthand": {
			"rotation": [113, 57, -83],
			"translation": [0, 0, -1.5]
		},
		"ground": {
			"scale": [0.4, 0.4, 0.4]
		},
		"gui": {
			"rotation": [0, -180, 0],
			"translation": [0.25, -1.5, 0],
			"scale": [0.4, 0.4, 0.4]
		},
		"head": {
			"translation": [0, -17.5, -2],
			"scale": [1.7, 1.7, 1.7]
		},
		"fixed": {
			"translation": [0, -1.25, -0.5]
		}
	},
	"groups": [
		{
			"name": "Ear2",
			"origin": [0, 0, 0],
			"color": 0,
			"children": [0]
		},
		{
			"name": "Ear1",
			"origin": [0, 0, 0],
			"color": 0,
			"children": [1]
		},
		{
			"name": "LeftLeg",
			"origin": [0, 5, 0],
			"color": 0,
			"children": [
				{
					"name": "LeftFoot",
					"origin": [0, 5, 0],
					"color": 0,
					"children": [2, 3, 4]
				}, 5, 6, 7, 8]
		},
		{
			"name": "RightLeg",
			"origin": [0, 5, 0],
			"color": 0,
			"children": [9, 10, 11, 12,
				{
					"name": "RightFoot",
					"origin": [0, 5, 0],
					"color": 0,
					"children": [13, 14, 15]
				}
			]
		},
		{
			"name": "LeftArm",
			"origin": [0, 5, 0],
			"color": 0,
			"children": [16, 17, 18, 19, 20, 21]
		},
		{
			"name": "RightArm",
			"origin": [0, 5, 0],
			"color": 0,
			"children": [22, 23, 24, 25, 26, 27, 28, 29]
		}, 30,
		{
			"name": "Body",
			"origin": [0, 0, 0],
			"color": 0,
			"children": [31, 32, 33, 34, 35, 36, 37, 38]
		},
		{
			"name": "Head",
			"origin": [0, 5, 0],
			"color": 0,
			"children": [39, 40, 41, 42, 43, 44, 45, 46, 47, 48, 49, 50, 51, 52, 53, 54, 55, 56, 57, 58, 59, 60, 61, 62, 63]
		}
	]
}