{
	"credit": "Made with Blockbench",
	"texture_size": [1, 1],
	"textures": {
		"particle": "fnaf_texture/fnaf1_texture/freddy/freddy_skin"
	},
	"elements": [
		{
			"from": [2, -3.32143, 17.82143],
			"to": [8, -1.32143, 19.82143],
			"rotation": {"angle": 0, "axis": "x", "origin": [5, 5.25, 8.57143]},
			"faces": {
				"north": {"uv": [14.4, 8.8, 15.2, 9.6], "rotation": 90, "texture": "#particle"},
				"east": {"uv": [14.4, 8.8, 15.2, 9.6], "rotation": 90, "texture": "#particle"},
				"south": {"uv": [14.4, 8.8, 15.2, 9.6], "rotation": 90, "texture": "#particle"},
				"west": {"uv": [14.4, 8.8, 15.2, 9.6], "rotation": 90, "texture": "#particle"},
				"up": {"uv": [14.4, 8.8, 15.2, 9.6], "rotation": 90, "texture": "#particle"},
				"down": {"uv": [14.4, 8.8, 15.2, 9.6], "rotation": 90, "texture": "#particle"}
			}
		},
		{
			"from": [3.5, -0.82143, 16.32143],
			"to": [6.5, 2.17857, 18.32143],
			"rotation": {"angle": 0, "axis": "x", "origin": [5, 5.25, 8.57143]},
			"faces": {
				"north": {"uv": [14.4, 10.4, 15.2, 11.2], "rotation": 90, "texture": "#particle"},
				"east": {"uv": [14.4, 10.4, 15.2, 11.2], "rotation": 90, "texture": "#particle"},
				"south": {"uv": [14.4, 10.4, 15.2, 11.2], "rotation": 90, "texture": "#particle"},
				"west": {"uv": [14.4, 10.4, 15.2, 11.2], "rotation": 90, "texture": "#particle"},
				"up": {"uv": [14.4, 10.4, 15.2, 11.2], "rotation": 90, "texture": "#particle"},
				"down": {"uv": [14.4, 10.4, 15.2, 11.2], "rotation": 90, "texture": "#particle"}
			}
		},
		{
			"from": [3, -1.32143, 17.82143],
			"to": [7, 2.67857, 19.82143],
			"rotation": {"angle": 0, "axis": "x", "origin": [5, 5.25, 8.57143]},
			"faces": {
				"north": {"uv": [14.4, 8.8, 15.2, 9.6], "rotation": 90, "texture": "#particle"},
				"east": {"uv": [14.4, 8.8, 15.2, 9.6], "rotation": 90, "texture": "#particle"},
				"south": {"uv": [14.4, 8.8, 15.2, 9.6], "rotation": 90, "texture": "#particle"},
				"west": {"uv": [14.4, 8.8, 15.2, 9.6], "rotation": 90, "texture": "#particle"},
				"up": {"uv": [14.4, 8.8, 15.2, 9.6], "rotation": 90, "texture": "#particle"},
				"down": {"uv": [14.4, 8.8, 15.2, 9.6], "rotation": 90, "texture": "#particle"}
			}
		},
		{
			"from": [3, -3.75, 9.75],
			"to": [7, 0.25, 14.75],
			"rotation": {"angle": -22.5, "axis": "x", "origin": [5, 5.25, 9]},
			"faces": {
				"north": {"uv": [14.4, 8.8, 15.2, 9.6], "rotation": 180, "texture": "#particle"},
				"east": {"uv": [14.4, 8.8, 15.2, 9.6], "rotation": 180, "texture": "#particle"},
				"south": {"uv": [14.4, 8.8, 15.2, 9.6], "rotation": 180, "texture": "#particle"},
				"west": {"uv": [14.4, 8.8, 15.2, 9.6], "rotation": 180, "texture": "#particle"},
				"up": {"uv": [14.4, 8.8, 15.2, 9.6], "rotation": 180, "texture": "#particle"},
				"down": {"uv": [14.4, 8.8, 15.2, 9.6], "rotation": 180, "texture": "#particle"}
			}
		},
		{
			"from": [3.5, -2, 7.5],
			"to": [6.5, 0, 10.5],
			"rotation": {"angle": -22.5, "axis": "x", "origin": [5, 5.25, 9]},
			"faces": {
				"north": {"uv": [14.4, 10.4, 15.2, 11.2], "rotation": 90, "texture": "#particle"},
				"east": {"uv": [14.4, 10.4, 15.2, 11.2], "rotation": 90, "texture": "#particle"},
				"south": {"uv": [14.4, 10.4, 15.2, 11.2], "rotation": 90, "texture": "#particle"},
				"west": {"uv": [14.4, 10.4, 15.2, 11.2], "rotation": 90, "texture": "#particle"},
				"up": {"uv": [14.4, 10.4, 15.2, 11.2], "rotation": 90, "texture": "#particle"},
				"down": {"uv": [14.4, 10.4, 15.2, 11.2], "rotation": 90, "texture": "#particle"}
			}
		},
		{
			"from": [3, 0, 7],
			"to": [7, 5, 11],
			"rotation": {"angle": -22.5, "axis": "x", "origin": [5, 5.25, 9]},
			"faces": {
				"north": {"uv": [14.4, 8.8, 15.2, 9.6], "rotation": 180, "texture": "#particle"},
				"east": {"uv": [14.4, 8.8, 15.2, 9.6], "rotation": 180, "texture": "#particle"},
				"south": {"uv": [14.4, 8.8, 15.2, 9.6], "rotation": 180, "texture": "#particle"},
				"west": {"uv": [14.4, 8.8, 15.2, 9.6], "rotation": 180, "texture": "#particle"},
				"up": {"uv": [14.4, 8.8, 15.2, 9.6], "rotation": 180, "texture": "#particle"},
				"down": {"uv": [14.4, 8.8, 15.2, 9.6], "rotation": 180, "texture": "#particle"}
			}
		},
		{
			"from": [3.5, 4.5, 7.5],
			"to": [6.5, 6.5, 10.5],
			"rotation": {"angle": -22.5, "axis": "x", "origin": [5, 5.25, 9]},
			"faces": {
				"north": {"uv": [14.4, 10.4, 15.2, 11.2], "rotation": 90, "texture": "#particle"},
				"east": {"uv": [14.4, 10.4, 15.2, 11.2], "rotation": 90, "texture": "#particle"},
				"south": {"uv": [14.4, 10.4, 15.2, 11.2], "rotation": 90, "texture": "#particle"},
				"west": {"uv": [14.4, 10.4, 15.2, 11.2], "rotation": 90, "texture": "#particle"},
				"up": {"uv": [14.4, 10.4, 15.2, 11.2], "rotation": 90, "texture": "#particle"},
				"down": {"uv": [14.4, 10.4, 15.2, 11.2], "rotation": 90, "texture": "#particle"}
			}
		},
		{
			"from": [9.5, 3.75, 8.25],
			"to": [12.5, 6.75, 10.25],
			"rotation": {"angle": -22.5, "axis": "x", "origin": [11, 5.25, 9]},
			"faces": {
				"north": {"uv": [14.4, 10.4, 15.2, 11.2], "rotation": 90, "texture": "#particle"},
				"east": {"uv": [14.4, 10.4, 15.2, 11.2], "rotation": 90, "texture": "#particle"},
				"south": {"uv": [14.4, 10.4, 15.2, 11.2], "rotation": 90, "texture": "#particle"},
				"west": {"uv": [14.4, 10.4, 15.2, 11.2], "rotation": 90, "texture": "#particle"},
				"up": {"uv": [14.4, 10.4, 15.2, 11.2], "rotation": 90, "texture": "#particle"},
				"down": {"uv": [14.4, 10.4, 15.2, 11.2], "rotation": 90, "texture": "#particle"}
			}
		},
		{
			"from": [9, 3.25, 3.75],
			"to": [13, 7.25, 8.75],
			"rotation": {"angle": 0, "axis": "x", "origin": [11, 5.25, 9]},
			"faces": {
				"north": {"uv": [14.4, 8.8, 15.2, 9.6], "rotation": 180, "texture": "#particle"},
				"east": {"uv": [14.4, 8.8, 15.2, 9.6], "rotation": 180, "texture": "#particle"},
				"south": {"uv": [14.4, 8.8, 15.2, 9.6], "rotation": 180, "texture": "#particle"},
				"west": {"uv": [14.4, 8.8, 15.2, 9.6], "rotation": 180, "texture": "#particle"},
				"up": {"uv": [14.4, 8.8, 15.2, 9.6], "rotation": 180, "texture": "#particle"},
				"down": {"uv": [14.4, 8.8, 15.2, 9.6], "rotation": 180, "texture": "#particle"}
			}
		},
		{
			"from": [9.5, 2.75, 1.75],
			"to": [12.5, 5.75, 3.75],
			"rotation": {"angle": 0, "axis": "x", "origin": [11, 5.25, 9]},
			"faces": {
				"north": {"uv": [14.4, 10.4, 15.2, 11.2], "rotation": 90, "texture": "#particle"},
				"east": {"uv": [14.4, 10.4, 15.2, 11.2], "rotation": 90, "texture": "#particle"},
				"south": {"uv": [14.4, 10.4, 15.2, 11.2], "rotation": 90, "texture": "#particle"},
				"west": {"uv": [14.4, 10.4, 15.2, 11.2], "rotation": 90, "texture": "#particle"},
				"up": {"uv": [14.4, 10.4, 15.2, 11.2], "rotation": 90, "texture": "#particle"},
				"down": {"uv": [14.4, 10.4, 15.2, 11.2], "rotation": 90, "texture": "#particle"}
			}
		},
		{
			"from": [9, -1.5, 1],
			"to": [13, 3.5, 5],
			"rotation": {"angle": 0, "axis": "x", "origin": [11, 5.25, 9]},
			"faces": {
				"north": {"uv": [14.4, 8.8, 15.2, 9.6], "rotation": 180, "texture": "#particle"},
				"east": {"uv": [14.4, 8.8, 15.2, 9.6], "rotation": 180, "texture": "#particle"},
				"south": {"uv": [14.4, 8.8, 15.2, 9.6], "rotation": 180, "texture": "#particle"},
				"west": {"uv": [14.4, 8.8, 15.2, 9.6], "rotation": 180, "texture": "#particle"},
				"up": {"uv": [14.4, 8.8, 15.2, 9.6], "rotation": 180, "texture": "#particle"},
				"down": {"uv": [14.4, 8.8, 15.2, 9.6], "rotation": 180, "texture": "#particle"}
			}
		},
		{
			"from": [8, -4, 0],
			"to": [14, -2, 2],
			"rotation": {"angle": 0, "axis": "x", "origin": [11, 5.25, 9]},
			"faces": {
				"north": {"uv": [14.4, 8.8, 16, 9.6], "rotation": 270, "texture": "#particle"},
				"east": {"uv": [14.4, 8.8, 16, 9.6], "rotation": 270, "texture": "#particle"},
				"south": {"uv": [14.4, 8.8, 16, 9.6], "rotation": 270, "texture": "#particle"},
				"west": {"uv": [14.4, 8.8, 16, 9.6], "rotation": 270, "texture": "#particle"},
				"up": {"uv": [15.2, 8.8, 16, 9.6], "rotation": 270, "texture": "#particle"},
				"down": {"uv": [14.4, 8.8, 15.2, 9.6], "rotation": 270, "texture": "#particle"}
			}
		},
		{
			"from": [9.5, -2.25, 1.75],
			"to": [12.5, 0.75, 4.75],
			"rotation": {"angle": 0, "axis": "x", "origin": [11, 5.25, 9]},
			"faces": {
				"north": {"uv": [14.4, 10.4, 15.2, 11.2], "rotation": 90, "texture": "#particle"},
				"east": {"uv": [14.4, 10.4, 15.2, 11.2], "rotation": 90, "texture": "#particle"},
				"south": {"uv": [14.4, 10.4, 15.2, 11.2], "rotation": 90, "texture": "#particle"},
				"west": {"uv": [14.4, 10.4, 15.2, 11.2], "rotation": 90, "texture": "#particle"},
				"up": {"uv": [14.4, 10.4, 15.2, 11.2], "rotation": 90, "texture": "#particle"},
				"down": {"uv": [14.4, 10.4, 15.2, 11.2], "rotation": 90, "texture": "#particle"}
			}
		},
		{
			"from": [9, -4, 2],
			"to": [13, -2, 6],
			"rotation": {"angle": 0, "axis": "x", "origin": [11, 5.25, 9]},
			"faces": {
				"north": {"uv": [14.4, 8.8, 16, 9.6], "rotation": 270, "texture": "#particle"},
				"east": {"uv": [14.4, 8.8, 16, 9.6], "rotation": 270, "texture": "#particle"},
				"south": {"uv": [14.4, 8.8, 16, 9.6], "rotation": 270, "texture": "#particle"},
				"west": {"uv": [14.4, 8.8, 16, 9.6], "rotation": 270, "texture": "#particle"},
				"up": {"uv": [15.2, 8.8, 16, 9.6], "rotation": 270, "texture": "#particle"},
				"down": {"uv": [15.2, 8.8, 16, 9.6], "rotation": 270, "texture": "#particle"}
			}
		},
		{
			"from": [-1, 9, -7],
			"to": [3, 13, -5],
			"rotation": {"angle": -22.5, "axis": "x", "origin": [1, 18, 9]},
			"faces": {
				"north": {"uv": [14.4, 8.8, 15.2, 9.6], "rotation": 180, "texture": "#particle"},
				"east": {"uv": [14.4, 8.8, 15.2, 9.6], "rotation": 180, "texture": "#particle"},
				"south": {"uv": [14.4, 8.8, 15.2, 9.6], "rotation": 180, "texture": "#particle"},
				"west": {"uv": [14.4, 8.8, 15.2, 9.6], "rotation": 180, "texture": "#particle"},
				"up": {"uv": [14.4, 8.8, 15.2, 9.6], "rotation": 180, "texture": "#particle"},
				"down": {"uv": [14.4, 8.8, 15.2, 9.6], "rotation": 180, "texture": "#particle"}
			}
		},
		{
			"from": [-0.5, 9.5, -5.5],
			"to": [2.5, 12.5, -3.5],
			"rotation": {"angle": -22.5, "axis": "x", "origin": [1, 18, 9]},
			"faces": {
				"north": {"uv": [14.4, 10.4, 15.2, 11.2], "rotation": 90, "texture": "#particle"},
				"east": {"uv": [14.4, 10.4, 15.2, 11.2], "rotation": 90, "texture": "#particle"},
				"south": {"uv": [14.4, 10.4, 15.2, 11.2], "rotation": 90, "texture": "#particle"},
				"west": {"uv": [14.4, 10.4, 15.2, 11.2], "rotation": 90, "texture": "#particle"},
				"up": {"uv": [14.4, 10.4, 15.2, 11.2], "rotation": 90, "texture": "#particle"},
				"down": {"uv": [14.4, 10.4, 15.2, 11.2], "rotation": 90, "texture": "#particle"}
			}
		},
		{
			"from": [-1, 9, -4.5],
			"to": [3, 13, 0.5],
			"rotation": {"angle": -22.5, "axis": "x", "origin": [1, 18, 9]},
			"faces": {
				"north": {"uv": [14.4, 8.8, 15.2, 9.6], "rotation": 180, "texture": "#particle"},
				"east": {"uv": [14.4, 8.8, 15.2, 9.6], "rotation": 180, "texture": "#particle"},
				"south": {"uv": [14.4, 8.8, 15.2, 9.6], "rotation": 180, "texture": "#particle"},
				"west": {"uv": [14.4, 8.8, 15.2, 9.6], "rotation": 180, "texture": "#particle"},
				"up": {"uv": [14.4, 8.8, 15.2, 9.6], "rotation": 180, "texture": "#particle"},
				"down": {"uv": [14.4, 8.8, 15.2, 9.6], "rotation": 180, "texture": "#particle"}
			}
		},
		{
			"from": [-0.5, 8, 2.5],
			"to": [2.5, 11, 5.5],
			"rotation": {"angle": 0, "axis": "x", "origin": [1, 18, 9]},
			"faces": {
				"north": {"uv": [14.4, 10.4, 15.2, 11.2], "rotation": 90, "texture": "#particle"},
				"east": {"uv": [14.4, 10.4, 15.2, 11.2], "rotation": 90, "texture": "#particle"},
				"south": {"uv": [14.4, 10.4, 15.2, 11.2], "rotation": 90, "texture": "#particle"},
				"west": {"uv": [14.4, 10.4, 15.2, 11.2], "rotation": 90, "texture": "#particle"},
				"up": {"uv": [14.4, 10.4, 15.2, 11.2], "rotation": 90, "texture": "#particle"},
				"down": {"uv": [14.4, 10.4, 15.2, 11.2], "rotation": 90, "texture": "#particle"}
			}
		},
		{
			"from": [-1, 10, 2],
			"to": [3, 15, 6],
			"rotation": {"angle": 0, "axis": "x", "origin": [1, 18, 9]},
			"faces": {
				"north": {"uv": [14.4, 8.8, 15.2, 9.6], "rotation": 180, "texture": "#particle"},
				"east": {"uv": [14.4, 8.8, 15.2, 9.6], "rotation": 180, "texture": "#particle"},
				"south": {"uv": [14.4, 8.8, 15.2, 9.6], "rotation": 180, "texture": "#particle"},
				"west": {"uv": [14.4, 8.8, 15.2, 9.6], "rotation": 180, "texture": "#particle"},
				"up": {"uv": [14.4, 8.8, 15.2, 9.6], "rotation": 180, "texture": "#particle"},
				"down": {"uv": [14.4, 8.8, 15.2, 9.6], "rotation": 180, "texture": "#particle"}
			}
		},
		{
			"from": [0.5, 14, 2.5],
			"to": [3, 16, 5.5],
			"rotation": {"angle": 0, "axis": "x", "origin": [1, 18, 9]},
			"faces": {
				"north": {"uv": [14.4, 10.4, 15.2, 11.2], "rotation": 90, "texture": "#particle"},
				"east": {"uv": [14.4, 10.4, 15.2, 11.2], "rotation": 90, "texture": "#particle"},
				"south": {"uv": [14.4, 10.4, 15.2, 11.2], "rotation": 90, "texture": "#particle"},
				"west": {"uv": [14.4, 10.4, 15.2, 11.2], "rotation": 90, "texture": "#particle"},
				"up": {"uv": [14.4, 10.4, 15.2, 11.2], "rotation": 90, "texture": "#particle"},
				"down": {"uv": [14.4, 10.4, 15.2, 11.2], "rotation": 90, "texture": "#particle"}
			}
		},
		{
			"from": [13, 14, 2.5],
			"to": [15.5, 16, 5.5],
			"rotation": {"angle": 0, "axis": "x", "origin": [15, 18, 9]},
			"faces": {
				"north": {"uv": [14.4, 10.4, 15.2, 11.2], "rotation": 90, "texture": "#particle"},
				"east": {"uv": [14.4, 10.4, 15.2, 11.2], "rotation": 90, "texture": "#particle"},
				"south": {"uv": [14.4, 10.4, 15.2, 11.2], "rotation": 90, "texture": "#particle"},
				"west": {"uv": [14.4, 10.4, 15.2, 11.2], "rotation": 90, "texture": "#particle"},
				"up": {"uv": [14.4, 10.4, 15.2, 11.2], "rotation": 90, "texture": "#particle"},
				"down": {"uv": [14.4, 10.4, 15.2, 11.2], "rotation": 90, "texture": "#particle"}
			}
		},
		{
			"from": [13, 10, 2],
			"to": [17, 15, 6],
			"rotation": {"angle": 0, "axis": "x", "origin": [15, 18, 9]},
			"faces": {
				"north": {"uv": [14.4, 8.8, 15.2, 9.6], "rotation": 180, "texture": "#particle"},
				"east": {"uv": [14.4, 8.8, 15.2, 9.6], "rotation": 180, "texture": "#particle"},
				"south": {"uv": [14.4, 8.8, 15.2, 9.6], "rotation": 180, "texture": "#particle"},
				"west": {"uv": [14.4, 8.8, 15.2, 9.6], "rotation": 180, "texture": "#particle"},
				"up": {"uv": [14.4, 8.8, 15.2, 9.6], "rotation": 180, "texture": "#particle"},
				"down": {"uv": [14.4, 8.8, 15.2, 9.6], "rotation": 180, "texture": "#particle"}
			}
		},
		{
			"from": [13.5, 8, 2.5],
			"to": [16.5, 10, 5.5],
			"rotation": {"angle": 0, "axis": "x", "origin": [15, 18, 9]},
			"faces": {
				"north": {"uv": [14.4, 10.4, 15.2, 11.2], "rotation": 90, "texture": "#particle"},
				"east": {"uv": [14.4, 10.4, 15.2, 11.2], "rotation": 90, "texture": "#particle"},
				"south": {"uv": [14.4, 10.4, 15.2, 11.2], "rotation": 90, "texture": "#particle"},
				"west": {"uv": [14.4, 10.4, 15.2, 11.2], "rotation": 90, "texture": "#particle"},
				"up": {"uv": [14.4, 10.4, 15.2, 11.2], "rotation": 90, "texture": "#particle"},
				"down": {"uv": [14.4, 10.4, 15.2, 11.2], "rotation": 90, "texture": "#particle"}
			}
		},
		{
			"from": [13, 9, -4.5],
			"to": [17, 13, 0.5],
			"rotation": {"angle": -22.5, "axis": "x", "origin": [15, 18, 9]},
			"faces": {
				"north": {"uv": [14.4, 8.8, 15.2, 9.6], "rotation": 180, "texture": "#particle"},
				"east": {"uv": [14.4, 8.8, 15.2, 9.6], "rotation": 180, "texture": "#particle"},
				"south": {"uv": [14.4, 8.8, 15.2, 9.6], "rotation": 180, "texture": "#particle"},
				"west": {"uv": [14.4, 8.8, 15.2, 9.6], "rotation": 180, "texture": "#particle"},
				"up": {"uv": [14.4, 8.8, 15.2, 9.6], "rotation": 180, "texture": "#particle"},
				"down": {"uv": [14.4, 8.8, 15.2, 9.6], "rotation": 180, "texture": "#particle"}
			}
		},
		{
			"from": [13.5, 9.5, -5.5],
			"to": [16.5, 12.5, -3.5],
			"rotation": {"angle": -22.5, "axis": "x", "origin": [15, 18, 9]},
			"faces": {
				"north": {"uv": [14.4, 10.4, 15.2, 11.2], "rotation": 90, "texture": "#particle"},
				"east": {"uv": [14.4, 10.4, 15.2, 11.2], "rotation": 90, "texture": "#particle"},
				"south": {"uv": [14.4, 10.4, 15.2, 11.2], "rotation": 90, "texture": "#particle"},
				"west": {"uv": [14.4, 10.4, 15.2, 11.2], "rotation": 90, "texture": "#particle"},
				"up": {"uv": [14.4, 10.4, 15.2, 11.2], "rotation": 90, "texture": "#particle"},
				"down": {"uv": [14.4, 10.4, 15.2, 11.2], "rotation": 90, "texture": "#particle"}
			}
		},
		{
			"from": [13, 9, -7],
			"to": [17, 13, -5],
			"rotation": {"angle": -22.5, "axis": "x", "origin": [15, 18, 9]},
			"faces": {
				"north": {"uv": [14.4, 8.8, 15.2, 9.6], "rotation": 180, "texture": "#particle"},
				"east": {"uv": [14.4, 8.8, 15.2, 9.6], "rotation": 180, "texture": "#particle"},
				"south": {"uv": [14.4, 8.8, 15.2, 9.6], "rotation": 180, "texture": "#particle"},
				"west": {"uv": [14.4, 8.8, 15.2, 9.6], "rotation": 180, "texture": "#particle"},
				"up": {"uv": [14.4, 8.8, 15.2, 9.6], "rotation": 180, "texture": "#particle"},
				"down": {"uv": [14.4, 8.8, 15.2, 9.6], "rotation": 180, "texture": "#particle"}
			}
		},
		{
			"from": [14, 11, -8],
			"to": [16, 15, -6],
			"rotation": {"angle": -22.5, "axis": "x", "origin": [15, 18, 9]},
			"faces": {
				"north": {"uv": [14.4, 10.4, 15.2, 11.2], "rotation": 90, "texture": "#particle"},
				"east": {"uv": [14.4, 10.4, 15.2, 11.2], "rotation": 90, "texture": "#particle"},
				"south": {"uv": [14.4, 10.4, 15.2, 11.2], "rotation": 90, "texture": "#particle"},
				"west": {"uv": [14.4, 10.4, 15.2, 11.2], "rotation": 90, "texture": "#particle"},
				"up": {"uv": [14.4, 10.4, 15.2, 11.2], "rotation": 90, "texture": "#particle"},
				"down": {"uv": [14.4, 10.4, 15.2, 11.2], "rotation": 90, "texture": "#particle"}
			}
		},
		{
			"from": [13.7, 14.7, -8.3],
			"to": [16.3, 17.3, -5.7],
			"rotation": {"angle": -22.5, "axis": "x", "origin": [15, 18, 9]},
			"faces": {
				"north": {"uv": [14.4, 10.4, 15.2, 11.2], "rotation": 90, "texture": "#particle"},
				"east": {"uv": [14.4, 10.4, 15.2, 11.2], "rotation": 90, "texture": "#particle"},
				"south": {"uv": [14.4, 10.4, 15.2, 11.2], "rotation": 90, "texture": "#particle"},
				"west": {"uv": [14.4, 10.4, 15.2, 11.2], "rotation": 90, "texture": "#particle"},
				"up": {"uv": [14.4, 10.4, 15.2, 11.2], "rotation": 90, "texture": "#particle"},
				"down": {"uv": [14.4, 10.4, 15.2, 11.2], "rotation": 90, "texture": "#particle"}
			}
		},
		{
			"from": [3, 5.5, 6],
			"to": [13, 8, 12],
			"rotation": {"angle": 0, "axis": "y", "origin": [8, 9, 9]},
			"faces": {
				"north": {"uv": [14.4, 8.8, 15.2, 9.6], "rotation": 180, "texture": "#particle"},
				"east": {"uv": [14.4, 8.8, 15.2, 9.6], "rotation": 180, "texture": "#particle"},
				"south": {"uv": [14.4, 8.8, 15.2, 9.6], "rotation": 180, "texture": "#particle"},
				"west": {"uv": [14.4, 8.8, 15.2, 9.6], "rotation": 180, "texture": "#particle"},
				"up": {"uv": [14.4, 8.8, 15.2, 9.6], "rotation": 180, "texture": "#particle"},
				"down": {"uv": [14.4, 8.8, 15.2, 9.6], "rotation": 180, "texture": "#particle"}
			}
		},
		{
			"from": [5.5, 8, 6.5],
			"to": [10.5, 10, 11.5],
			"rotation": {"angle": 0, "axis": "x", "origin": [8, 9, 9]},
			"faces": {
				"north": {"uv": [14.4, 10.4, 15.2, 11.2], "rotation": 90, "texture": "#particle"},
				"east": {"uv": [14.4, 10.4, 15.2, 11.2], "rotation": 90, "texture": "#particle"},
				"south": {"uv": [14.4, 10.4, 15.2, 11.2], "rotation": 90, "texture": "#particle"},
				"west": {"uv": [14.4, 10.4, 15.2, 11.2], "rotation": 90, "texture": "#particle"},
				"up": {"uv": [14.4, 10.4, 15.2, 11.2], "rotation": 90, "texture": "#particle"},
				"down": {"uv": [14.4, 10.4, 15.2, 11.2], "rotation": 90, "texture": "#particle"}
			}
		},
		{
			"from": [4, 8.5, 5],
			"to": [12, 15.5, 6],
			"rotation": {"angle": -45, "axis": "x", "origin": [8, 9, 9]},
			"faces": {
				"north": {"uv": [15.2, 8.8, 16, 9.6], "rotation": 90, "texture": "#particle"},
				"east": {"uv": [15.2, 8.8, 16, 9.6], "rotation": 90, "texture": "#particle"},
				"south": {"uv": [15.2, 8.8, 16, 9.6], "rotation": 90, "texture": "#particle"},
				"west": {"uv": [15.2, 8.8, 16, 9.6], "rotation": 90, "texture": "#particle"},
				"up": {"uv": [15.2, 8.8, 16, 9.6], "rotation": 90, "texture": "#particle"},
				"down": {"uv": [15.2, 8.8, 16, 9.6], "rotation": 90, "texture": "#particle"}
			}
		},
		{
			"from": [3, 8.5, 6],
			"to": [13, 19, 12],
			"rotation": {"angle": -45, "axis": "x", "origin": [8, 9, 9]},
			"faces": {
				"north": {"uv": [14.4, 8.8, 15.2, 9.6], "rotation": 180, "texture": "#particle"},
				"east": {"uv": [14.4, 8.8, 15.2, 9.6], "rotation": 180, "texture": "#particle"},
				"south": {"uv": [14.4, 8.8, 15.2, 9.6], "rotation": 180, "texture": "#particle"},
				"west": {"uv": [14.4, 8.8, 15.2, 9.6], "rotation": 180, "texture": "#particle"},
				"up": {"uv": [14.4, 8.8, 15.2, 9.6], "rotation": 180, "texture": "#particle"},
				"down": {"uv": [14.4, 8.8, 15.2, 9.6], "rotation": 180, "texture": "#particle"}
			}
		},
		{
			"from": [5.5, 16.5, 4.9],
			"to": [7.5, 18.5, 6],
			"rotation": {"angle": -45, "axis": "x", "origin": [8, 9, 9]},
			"faces": {
				"north": {"uv": [14.4, 10.4, 15.2, 11.2], "rotation": 90, "texture": "#particle"},
				"east": {"uv": [14.4, 10.4, 15.2, 11.2], "rotation": 90, "texture": "#particle"},
				"south": {"uv": [14.4, 10.4, 15.2, 11.2], "rotation": 90, "texture": "#particle"},
				"west": {"uv": [14.4, 10.4, 15.2, 11.2], "rotation": 90, "texture": "#particle"},
				"up": {"uv": [14.4, 10.4, 15.2, 11.2], "rotation": 90, "texture": "#particle"},
				"down": {"uv": [14.4, 10.4, 15.2, 11.2], "rotation": 90, "texture": "#particle"}
			}
		},
		{
			"from": [8.5, 16.5, 4.9],
			"to": [10.5, 18.5, 6],
			"rotation": {"angle": -45, "axis": "x", "origin": [8, 9, 9]},
			"faces": {
				"north": {"uv": [14.4, 10.4, 15.2, 11.2], "rotation": 90, "texture": "#particle"},
				"east": {"uv": [14.4, 10.4, 15.2, 11.2], "rotation": 90, "texture": "#particle"},
				"south": {"uv": [14.4, 10.4, 15.2, 11.2], "rotation": 90, "texture": "#particle"},
				"west": {"uv": [14.4, 10.4, 15.2, 11.2], "rotation": 90, "texture": "#particle"},
				"up": {"uv": [14.4, 10.4, 15.2, 11.2], "rotation": 90, "texture": "#particle"},
				"down": {"uv": [14.4, 10.4, 15.2, 11.2], "rotation": 90, "texture": "#particle"}
			}
		},
		{
			"from": [5, 15.5, 5],
			"to": [11, 17.5, 6],
			"rotation": {"angle": -45, "axis": "x", "origin": [8, 9, 9]},
			"faces": {
				"north": {"uv": [15.2, 8.8, 16, 9.6], "rotation": 90, "texture": "#particle"},
				"east": {"uv": [15.2, 8.8, 16, 9.6], "rotation": 90, "texture": "#particle"},
				"south": {"uv": [15.2, 8.8, 16, 9.6], "rotation": 90, "texture": "#particle"},
				"west": {"uv": [15.2, 8.8, 16, 9.6], "rotation": 90, "texture": "#particle"},
				"up": {"uv": [15.2, 8.8, 16, 9.6], "rotation": 90, "texture": "#particle"},
				"down": {"uv": [15.2, 8.8, 16, 9.6], "rotation": 90, "texture": "#particle"}
			}
		},
		{
			"from": [4, 8.5, 12],
			"to": [12, 18, 13],
			"rotation": {"angle": -45, "axis": "x", "origin": [8, 9, 9]},
			"faces": {
				"north": {"uv": [14.4, 8.8, 15.2, 9.6], "rotation": 180, "texture": "#particle"},
				"east": {"uv": [14.4, 8.8, 15.2, 9.6], "rotation": 180, "texture": "#particle"},
				"south": {"uv": [14.4, 8.8, 15.2, 9.6], "rotation": 180, "texture": "#particle"},
				"west": {"uv": [14.4, 8.8, 15.2, 9.6], "rotation": 180, "texture": "#particle"},
				"up": {"uv": [14.4, 8.8, 15.2, 9.6], "rotation": 180, "texture": "#particle"},
				"down": {"uv": [14.4, 8.8, 15.2, 9.6], "rotation": 180, "texture": "#particle"}
			}
		},
		{
			"from": [7.5, 17, 4.9],
			"to": [8.5, 18, 6],
			"rotation": {"angle": -45, "axis": "x", "origin": [8, 9, 9]},
			"faces": {
				"north": {"uv": [14.4, 10.4, 15.2, 11.2], "rotation": 90, "texture": "#particle"},
				"east": {"uv": [14.4, 10.4, 15.2, 11.2], "rotation": 90, "texture": "#particle"},
				"south": {"uv": [14.4, 10.4, 15.2, 11.2], "rotation": 90, "texture": "#particle"},
				"west": {"uv": [14.4, 10.4, 15.2, 11.2], "rotation": 90, "texture": "#particle"},
				"up": {"uv": [14.4, 10.4, 15.2, 11.2], "rotation": 90, "texture": "#particle"},
				"down": {"uv": [14.4, 10.4, 15.2, 11.2], "rotation": 90, "texture": "#particle"}
			}
		},
		{
			"from": [6.5, 14.5, -1.5],
			"to": [9.5, 17.5, 0.5],
			"rotation": {"angle": -22.5, "axis": "x", "origin": [8.00739, 21.64918, 0.124]},
			"faces": {
				"north": {"uv": [14.4, 10.4, 15.2, 11.2], "rotation": 90, "texture": "#particle"},
				"east": {"uv": [14.4, 10.4, 15.2, 11.2], "rotation": 90, "texture": "#particle"},
				"south": {"uv": [14.4, 10.4, 15.2, 11.2], "rotation": 90, "texture": "#particle"},
				"west": {"uv": [14.4, 10.4, 15.2, 11.2], "rotation": 90, "texture": "#particle"},
				"up": {"uv": [14.4, 10.4, 15.2, 11.2], "rotation": 90, "texture": "#particle"},
				"down": {"uv": [14.4, 10.4, 15.2, 11.2], "rotation": 90, "texture": "#particle"}
			}
		},
		{
			"from": [4, 16.5, -2],
			"to": [12, 18.5, 2],
			"rotation": {"angle": 0, "axis": "x", "origin": [8, 17.5, 1]},
			"faces": {
				"north": {"uv": [14.4, 8.8, 15.2, 9.6], "rotation": 180, "texture": "#particle"},
				"east": {"uv": [14.4, 8.8, 15.2, 9.6], "rotation": 180, "texture": "#particle"},
				"south": {"uv": [14.4, 8.8, 15.2, 9.6], "rotation": 180, "texture": "#particle"},
				"west": {"uv": [14.4, 8.8, 15.2, 9.6], "rotation": 180, "texture": "#particle"},
				"up": {"uv": [14.4, 8.8, 15.2, 9.6], "rotation": 180, "texture": "#particle"},
				"down": {"uv": [14.4, 8.8, 15.2, 9.6], "rotation": 180, "texture": "#particle"}
			}
		},
		{
			"from": [4, 17.5, 2],
			"to": [12, 20.5, 6],
			"rotation": {"angle": 0, "axis": "y", "origin": [8.00739, 21.64918, 0.124]},
			"faces": {
				"north": {"uv": [14.4, 8.8, 15.2, 9.6], "rotation": 180, "texture": "#particle"},
				"east": {"uv": [14.4, 8.8, 15.2, 9.6], "rotation": 180, "texture": "#particle"},
				"south": {"uv": [14.4, 8.8, 15.2, 9.6], "rotation": 180, "texture": "#particle"},
				"west": {"uv": [14.4, 8.8, 15.2, 9.6], "rotation": 180, "texture": "#particle"},
				"up": {"uv": [14.4, 8.8, 15.2, 9.6], "rotation": 180, "texture": "#particle"},
				"down": {"uv": [14.4, 8.8, 15.2, 9.6], "rotation": 180, "texture": "#particle"}
			}
		},
		{
			"from": [3, 19.5, 2],
			"to": [13, 20.5, 4],
			"rotation": {"angle": 0, "axis": "y", "origin": [8.00739, 21.64918, 0.124]},
			"faces": {
				"north": {"uv": [14.4, 8.8, 15.2, 9.6], "rotation": 180, "texture": "#particle"},
				"east": {"uv": [14.4, 8.8, 15.2, 9.6], "rotation": 180, "texture": "#particle"},
				"south": {"uv": [14.4, 8.8, 15.2, 9.6], "rotation": 180, "texture": "#particle"},
				"west": {"uv": [14.4, 8.8, 15.2, 9.6], "rotation": 180, "texture": "#particle"},
				"up": {"uv": [14.4, 8.8, 15.2, 9.6], "rotation": 180, "texture": "#particle"},
				"down": {"uv": [14.4, 8.8, 15.2, 9.6], "rotation": 180, "texture": "#particle"}
			}
		},
		{
			"from": [3, 18.5, -2],
			"to": [5, 20.5, 2],
			"rotation": {"angle": 0, "axis": "y", "origin": [8.00739, 21.64918, 0.124]},
			"faces": {
				"north": {"uv": [14.4, 8.8, 15.2, 9.6], "rotation": 180, "texture": "#particle"},
				"east": {"uv": [14.4, 8.8, 15.2, 9.6], "rotation": 180, "texture": "#particle"},
				"south": {"uv": [14.4, 8.8, 15.2, 9.6], "rotation": 180, "texture": "#particle"},
				"west": {"uv": [14.4, 8.8, 15.2, 9.6], "rotation": 180, "texture": "#particle"},
				"up": {"uv": [14.4, 8.8, 15.2, 9.6], "rotation": 180, "texture": "#particle"},
				"down": {"uv": [14.4, 8.8, 15.2, 9.6], "rotation": 180, "texture": "#particle"}
			}
		},
		{
			"from": [4.5, 18.5, -3],
			"to": [11.5, 20.5, -2],
			"rotation": {"angle": 0, "axis": "y", "origin": [8.00739, 21.64918, 0.124]},
			"faces": {
				"north": {"uv": [15.2, 8.8, 16, 9.6], "rotation": 90, "texture": "#particle"},
				"east": {"uv": [15.2, 8.8, 16, 9.6], "rotation": 90, "texture": "#particle"},
				"south": {"uv": [15.2, 8.8, 16, 9.6], "rotation": 90, "texture": "#particle"},
				"west": {"uv": [15.2, 8.8, 16, 9.6], "rotation": 90, "texture": "#particle"},
				"up": {"uv": [15.2, 8.8, 16, 9.6], "rotation": 90, "texture": "#particle"},
				"down": {"uv": [15.2, 8.8, 16, 9.6], "rotation": 90, "texture": "#particle"}
			}
		},
		{
			"from": [7, 20, -3.5],
			"to": [9, 21, -2.5],
			"rotation": {"angle": 0, "axis": "y", "origin": [8.00739, 21.64918, 0.124]},
			"faces": {
				"north": {"uv": [14.4, 10.4, 15.2, 11.2], "rotation": 90, "texture": "#particle"},
				"east": {"uv": [14.4, 10.4, 15.2, 11.2], "rotation": 90, "texture": "#particle"},
				"south": {"uv": [14.4, 10.4, 15.2, 11.2], "rotation": 90, "texture": "#particle"},
				"west": {"uv": [14.4, 10.4, 15.2, 11.2], "rotation": 90, "texture": "#particle"},
				"up": {"uv": [14.4, 10.4, 15.2, 11.2], "rotation": 90, "texture": "#particle"},
				"down": {"uv": [14.4, 10.4, 15.2, 11.2], "rotation": 90, "texture": "#particle"}
			}
		},
		{
			"from": [11, 18.5, -2],
			"to": [13, 20.5, 2],
			"rotation": {"angle": 0, "axis": "y", "origin": [8.00739, 21.64918, 0.124]},
			"faces": {
				"north": {"uv": [14.4, 8.8, 15.2, 9.6], "rotation": 180, "texture": "#particle"},
				"east": {"uv": [14.4, 8.8, 15.2, 9.6], "rotation": 180, "texture": "#particle"},
				"south": {"uv": [14.4, 8.8, 15.2, 9.6], "rotation": 180, "texture": "#particle"},
				"west": {"uv": [14.4, 8.8, 15.2, 9.6], "rotation": 180, "texture": "#particle"},
				"up": {"uv": [14.4, 8.8, 15.2, 9.6], "rotation": 180, "texture": "#particle"},
				"down": {"uv": [14.4, 8.8, 15.2, 9.6], "rotation": 180, "texture": "#particle"}
			}
		},
		{
			"from": [11, 20.5, -2],
			"to": [12, 24.5, -1],
			"rotation": {"angle": 0, "axis": "y", "origin": [8.00739, 21.64918, 0.124]},
			"faces": {
				"north": {"uv": [14.4, 8.8, 15.2, 9.6], "rotation": 180, "texture": "#particle"},
				"east": {"uv": [14.4, 8.8, 15.2, 9.6], "rotation": 180, "texture": "#particle"},
				"south": {"uv": [14.4, 8.8, 15.2, 9.6], "rotation": 180, "texture": "#particle"},
				"west": {"uv": [14.4, 10.4, 15.2, 11.2], "rotation": 90, "texture": "#particle"},
				"up": {"uv": [14.4, 8.8, 15.2, 9.6], "rotation": 180, "texture": "#particle"},
				"down": {"uv": [14.4, 8.8, 15.2, 9.6], "rotation": 180, "texture": "#particle"}
			}
		},
		{
			"from": [9, 23, -2.1],
			"to": [11, 23.5, -1.1],
			"rotation": {"angle": 0, "axis": "y", "origin": [8.00739, 21.64918, 0.124]},
			"faces": {
				"north": {"uv": [14.4, 10.4, 15.2, 11.2], "rotation": 90, "texture": "#particle"},
				"east": {"uv": [14.4, 10.4, 15.2, 11.2], "rotation": 90, "texture": "#particle"},
				"south": {"uv": [14.4, 10.4, 15.2, 11.2], "rotation": 90, "texture": "#particle"},
				"west": {"uv": [14.4, 10.4, 15.2, 11.2], "rotation": 90, "texture": "#particle"},
				"up": {"uv": [14.4, 10.4, 15.2, 11.2], "rotation": 90, "texture": "#particle"},
				"down": {"uv": [14.4, 10.4, 15.2, 11.2], "rotation": 90, "texture": "#particle"}
			}
		},
		{
			"from": [5, 23, -2.1],
			"to": [7, 23.5, -1.1],
			"rotation": {"angle": 0, "axis": "y", "origin": [8.00739, 21.64918, 0.124]},
			"faces": {
				"north": {"uv": [14.4, 10.4, 15.2, 11.2], "rotation": 90, "texture": "#particle"},
				"east": {"uv": [14.4, 10.4, 15.2, 11.2], "rotation": 90, "texture": "#particle"},
				"south": {"uv": [14.4, 10.4, 15.2, 11.2], "rotation": 90, "texture": "#particle"},
				"west": {"uv": [14.4, 10.4, 15.2, 11.2], "rotation": 90, "texture": "#particle"},
				"up": {"uv": [14.4, 10.4, 15.2, 11.2], "rotation": 90, "texture": "#particle"},
				"down": {"uv": [14.4, 10.4, 15.2, 11.2], "rotation": 90, "texture": "#particle"}
			}
		},
		{
			"from": [5, 22.5, -2],
			"to": [7, 24.5, -1],
			"rotation": {"angle": 0, "axis": "y", "origin": [8.00739, 21.64918, 0.124]},
			"faces": {
				"north": {"uv": [14.4, 8.8, 15.2, 9.6], "rotation": 180, "texture": "#particle"},
				"east": {"uv": [14.4, 8.8, 15.2, 9.6], "rotation": 180, "texture": "#particle"},
				"south": {"uv": [14.4, 8.8, 15.2, 9.6], "rotation": 180, "texture": "#particle"},
				"west": {"uv": [14.4, 8.8, 15.2, 9.6], "rotation": 180, "texture": "#particle"},
				"up": {"uv": [14.4, 8.8, 15.2, 9.6], "rotation": 180, "texture": "#particle"},
				"down": {"uv": [14.4, 10.4, 15.2, 11.2], "rotation": 90, "texture": "#particle"}
			}
		},
		{
			"from": [7, 20.5, -2],
			"to": [9, 24.5, -1],
			"rotation": {"angle": 0, "axis": "y", "origin": [8.00739, 21.64918, 0.124]},
			"faces": {
				"north": {"uv": [14.4, 8.8, 15.2, 9.6], "rotation": 180, "texture": "#particle"},
				"east": {"uv": [14.4, 8.8, 15.2, 9.6], "rotation": 180, "texture": "#particle"},
				"south": {"uv": [14.4, 8.8, 15.2, 9.6], "rotation": 180, "texture": "#particle"},
				"west": {"uv": [14.4, 10.4, 15.2, 11.2], "rotation": 90, "texture": "#particle"},
				"up": {"uv": [14.4, 8.8, 15.2, 9.6], "rotation": 180, "texture": "#particle"},
				"down": {"uv": [14.4, 8.8, 15.2, 9.6], "rotation": 180, "texture": "#particle"}
			}
		},
		{
			"from": [9, 22.5, -2],
			"to": [11, 24.5, -1],
			"rotation": {"angle": 0, "axis": "y", "origin": [8.00739, 21.64918, 0.124]},
			"faces": {
				"north": {"uv": [14.4, 8.8, 15.2, 9.6], "rotation": 180, "texture": "#particle"},
				"east": {"uv": [14.4, 8.8, 15.2, 9.6], "rotation": 180, "texture": "#particle"},
				"south": {"uv": [14.4, 8.8, 15.2, 9.6], "rotation": 180, "texture": "#particle"},
				"west": {"uv": [14.4, 8.8, 15.2, 9.6], "rotation": 180, "texture": "#particle"},
				"up": {"uv": [14.4, 8.8, 15.2, 9.6], "rotation": 180, "texture": "#particle"},
				"down": {"uv": [14.4, 10.4, 15.2, 11.2], "rotation": 90, "texture": "#particle"}
			}
		},
		{
			"from": [4, 20.5, -2],
			"to": [5, 24.5, -1],
			"rotation": {"angle": 0, "axis": "y", "origin": [8.00739, 21.64918, 0.124]},
			"faces": {
				"north": {"uv": [14.4, 8.8, 15.2, 9.6], "rotation": 180, "texture": "#particle"},
				"east": {"uv": [14.4, 10.4, 15.2, 11.2], "rotation": 90, "texture": "#particle"},
				"south": {"uv": [14.4, 8.8, 15.2, 9.6], "rotation": 180, "texture": "#particle"},
				"west": {"uv": [14.4, 8.8, 15.2, 9.6], "rotation": 180, "texture": "#particle"},
				"up": {"uv": [14.4, 8.8, 15.2, 9.6], "rotation": 180, "texture": "#particle"},
				"down": {"uv": [14.4, 8.8, 15.2, 9.6], "rotation": 180, "texture": "#particle"}
			}
		},
		{
			"from": [3.22617, 20.67227, 1],
			"to": [5.22617, 21.67227, 2],
			"rotation": {"angle": -22.5, "axis": "z", "origin": [8.00739, 21.64918, 0.124]},
			"faces": {
				"north": {"uv": [14.4, 10.4, 15.2, 11.2], "rotation": 90, "texture": "#particle"},
				"east": {"uv": [14.4, 10.4, 15.2, 11.2], "rotation": 90, "texture": "#particle"},
				"south": {"uv": [14.4, 10.4, 15.2, 11.2], "rotation": 90, "texture": "#particle"},
				"west": {"uv": [14.4, 10.4, 15.2, 11.2], "rotation": 90, "texture": "#particle"},
				"up": {"uv": [14.4, 10.4, 15.2, 11.2], "rotation": 90, "texture": "#particle"},
				"down": {"uv": [14.4, 10.4, 15.2, 11.2], "rotation": 90, "texture": "#particle"}
			}
		},
		{
			"from": [1.22617, 20.17227, 1],
			"to": [3.22617, 22.17227, 2],
			"rotation": {"angle": -22.5, "axis": "z", "origin": [8.00739, 21.64918, 0.124]},
			"faces": {
				"north": {"uv": [14.4, 8.8, 15.2, 9.6], "rotation": 180, "texture": "#particle"},
				"east": {"uv": [14.4, 8.8, 15.2, 9.6], "rotation": 180, "texture": "#particle"},
				"south": {"uv": [14.4, 8.8, 15.2, 9.6], "rotation": 180, "texture": "#particle"},
				"west": {"uv": [14.4, 8.8, 15.2, 9.6], "rotation": 180, "texture": "#particle"},
				"up": {"uv": [14.4, 8.8, 15.2, 9.6], "rotation": 180, "texture": "#particle"},
				"down": {"uv": [14.4, 8.8, 15.2, 9.6], "rotation": 180, "texture": "#particle"}
			}
		},
		{
			"from": [12.87496, 20.17793, 1],
			"to": [14.87496, 22.17793, 2],
			"rotation": {"angle": 22.5, "axis": "z", "origin": [8.00739, 21.64918, 0.124]},
			"faces": {
				"north": {"uv": [14.4, 8.8, 15.2, 9.6], "rotation": 90, "texture": "#particle"},
				"east": {"uv": [14.4, 8.8, 15.2, 9.6], "rotation": 90, "texture": "#particle"},
				"south": {"uv": [14.4, 8.8, 15.2, 9.6], "rotation": 90, "texture": "#particle"},
				"west": {"uv": [14.4, 8.8, 15.2, 9.6], "rotation": 90, "texture": "#particle"},
				"up": {"uv": [14.4, 8.8, 15.2, 9.6], "rotation": 90, "texture": "#particle"},
				"down": {"uv": [14.4, 8.8, 15.2, 9.6], "rotation": 90, "texture": "#particle"}
			}
		},
		{
			"from": [10.87496, 20.67793, 1],
			"to": [12.87496, 21.67793, 2],
			"rotation": {"angle": 22.5, "axis": "z", "origin": [8.00739, 21.64918, 0.124]},
			"faces": {
				"north": {"uv": [14.4, 10.4, 15.2, 11.2], "rotation": 90, "texture": "#particle"},
				"east": {"uv": [14.4, 10.4, 15.2, 11.2], "rotation": 90, "texture": "#particle"},
				"south": {"uv": [14.4, 10.4, 15.2, 11.2], "rotation": 90, "texture": "#particle"},
				"west": {"uv": [14.4, 10.4, 15.2, 11.2], "rotation": 90, "texture": "#particle"},
				"up": {"uv": [14.4, 10.4, 15.2, 11.2], "rotation": 90, "texture": "#particle"},
				"down": {"uv": [14.4, 10.4, 15.2, 11.2], "rotation": 90, "texture": "#particle"}
			}
		},
		{
			"from": [5, 24.5, -1],
			"to": [11, 25.5, 5],
			"rotation": {"angle": 0, "axis": "y", "origin": [8.00739, 21.64918, 0.124]},
			"faces": {
				"north": {"uv": [14.4, 10.4, 15.2, 11.2], "rotation": 90, "texture": "#particle"},
				"east": {"uv": [14.4, 10.4, 15.2, 11.2], "rotation": 90, "texture": "#particle"},
				"south": {"uv": [14.4, 10.4, 15.2, 11.2], "rotation": 90, "texture": "#particle"},
				"west": {"uv": [14.4, 10.4, 15.2, 11.2], "rotation": 90, "texture": "#particle"},
				"up": {"uv": [14.4, 10.4, 15.2, 11.2], "rotation": 90, "texture": "#particle"},
				"down": {"uv": [14.4, 10.4, 15.2, 11.2], "rotation": 90, "texture": "#particle"}
			}
		},
		{
			"from": [6, 24.5, 0],
			"to": [10, 28.5, 4],
			"rotation": {"angle": 0, "axis": "y", "origin": [8.00739, 21.64918, 0.124]},
			"faces": {
				"north": {"uv": [14.4, 10.4, 15.2, 11.2], "rotation": 90, "texture": "#particle"},
				"east": {"uv": [14.4, 10.4, 15.2, 11.2], "rotation": 90, "texture": "#particle"},
				"south": {"uv": [14.4, 10.4, 15.2, 11.2], "rotation": 90, "texture": "#particle"},
				"west": {"uv": [14.4, 10.4, 15.2, 11.2], "rotation": 90, "texture": "#particle"},
				"up": {"uv": [14.4, 10.4, 15.2, 11.2], "rotation": 90, "texture": "#particle"},
				"down": {"uv": [14.4, 10.4, 15.2, 11.2], "rotation": 90, "texture": "#particle"}
			}
		},
		{
			"from": [5.5, 21, -1.1],
			"to": [6.5, 22, -0.1],
			"rotation": {"angle": 0, "axis": "y", "origin": [8.00739, 21.64918, 0.124]},
			"faces": {
				"north": {"uv": [15.2, 8.8, 16, 9.6], "rotation": 90, "texture": "#particle"},
				"east": {"uv": [15.2, 8.8, 16, 9.6], "rotation": 90, "texture": "#particle"},
				"south": {"uv": [15.2, 8.8, 16, 9.6], "rotation": 90, "texture": "#particle"},
				"west": {"uv": [15.2, 8.8, 16, 9.6], "rotation": 90, "texture": "#particle"},
				"up": {"uv": [15.2, 8.8, 16, 9.6], "rotation": 90, "texture": "#particle"},
				"down": {"uv": [15.2, 8.8, 16, 9.6], "rotation": 90, "texture": "#particle"}
			}
		},
		{
			"from": [9.5, 21, -1.1],
			"to": [10.5, 22, -0.1],
			"rotation": {"angle": 0, "axis": "y", "origin": [8.00739, 21.64918, 0.124]},
			"faces": {
				"north": {"uv": [15.2, 8.8, 16, 9.6], "rotation": 90, "texture": "#particle"},
				"east": {"uv": [15.2, 8.8, 16, 9.6], "rotation": 90, "texture": "#particle"},
				"south": {"uv": [15.2, 8.8, 16, 9.6], "rotation": 90, "texture": "#particle"},
				"west": {"uv": [15.2, 8.8, 16, 9.6], "rotation": 90, "texture": "#particle"},
				"up": {"uv": [15.2, 8.8, 16, 9.6], "rotation": 90, "texture": "#particle"},
				"down": {"uv": [15.2, 8.8, 16, 9.6], "rotation": 90, "texture": "#particle"}
			}
		},
		{
			"from": [4, 20.5, -1],
			"to": [12, 24.5, 6],
			"rotation": {"angle": 0, "axis": "y", "origin": [8.00739, 21.64918, 0.124]},
			"faces": {
				"north": {"uv": [14.4, 10.4, 15.2, 11.2], "rotation": 90, "texture": "#particle"},
				"east": {"uv": [14.4, 8.8, 15.2, 9.6], "rotation": 180, "texture": "#particle"},
				"south": {"uv": [14.4, 8.8, 15.2, 9.6], "rotation": 180, "texture": "#particle"},
				"west": {"uv": [14.4, 8.8, 15.2, 9.6], "rotation": 180, "texture": "#particle"},
				"up": {"uv": [14.4, 8.8, 15.2, 9.6], "rotation": 180, "texture": "#particle"},
				"down": {"uv": [14.4, 8.8, 15.2, 9.6], "rotation": 180, "texture": "#particle"}
			}
		},
		{
			"from": [5, 18.5, -2],
			"to": [11, 20.5, 1],
			"rotation": {"angle": 0, "axis": "y", "origin": [8.00739, 21.64918, 0.124]},
			"faces": {
				"north": {"uv": [14.4, 8.8, 15.2, 9.6], "rotation": 180, "texture": "#particle"},
				"east": {"uv": [14.4, 8.8, 15.2, 9.6], "rotation": 180, "texture": "#particle"},
				"south": {"uv": [14.4, 8.8, 15.2, 9.6], "rotation": 180, "texture": "#particle"},
				"west": {"uv": [14.4, 8.8, 15.2, 9.6], "rotation": 180, "texture": "#particle"},
				"up": {"uv": [14.4, 10.4, 15.2, 11.2], "rotation": 90, "texture": "#particle"},
				"down": {"uv": [14.4, 8.8, 15.2, 9.6], "rotation": 180, "texture": "#particle"}
			}
		},
		{
			"from": [1.87962, 20.64033, 0.9],
			"to": [2.87962, 21.64033, 1],
			"rotation": {"angle": -22.5, "axis": "z", "origin": [8.1644, 22.01892, 0.16667]},
			"faces": {
				"north": {"uv": [15.2, 8.8, 16, 9.6], "rotation": 90, "texture": "#particle"},
				"east": {"uv": [15.2, 8.8, 16, 9.6], "rotation": 90, "texture": "#particle"},
				"south": {"uv": [15.2, 8.8, 16, 9.6], "rotation": 90, "texture": "#particle"},
				"west": {"uv": [15.2, 8.8, 16, 9.6], "rotation": 90, "texture": "#particle"},
				"up": {"uv": [15.2, 8.8, 16, 9.6], "rotation": 90, "texture": "#particle"},
				"down": {"uv": [15.2, 8.8, 16, 9.6], "rotation": 90, "texture": "#particle"}
			}
		},
		{
			"from": [13.24541, 20.76616, 0.9],
			"to": [14.24541, 21.76616, 1],
			"rotation": {"angle": 22.5, "axis": "z", "origin": [8.1644, 22.01892, 0.16667]},
			"faces": {
				"north": {"uv": [15.2, 8.8, 16, 9.6], "rotation": 90, "texture": "#particle"},
				"east": {"uv": [15.2, 8.8, 16, 9.6], "rotation": 90, "texture": "#particle"},
				"south": {"uv": [15.2, 8.8, 16, 9.6], "rotation": 90, "texture": "#particle"},
				"west": {"uv": [15.2, 8.8, 16, 9.6], "rotation": 90, "texture": "#particle"},
				"up": {"uv": [15.2, 8.8, 16, 9.6], "rotation": 90, "texture": "#particle"},
				"down": {"uv": [15.2, 8.8, 16, 9.6], "rotation": 90, "texture": "#particle"}
			}
		}
	],
	"display": {
		"thirdperson_righthand": {
			"rotation": [-180, 31, -123],
			"translation": [-4.25, 2.75, 0]
		},
		"firstperson_righthand": {
			"rotation": [113, 57, -83],
			"translation": [0, 0, -1.5]
		},
		"ground": {
			"scale": [0.4, 0.4, 0.4]
		},
		"gui": {
			"rotation": [0, -180, 0],
			"translation": [0.25, -1.5, 0],
			"scale": [0.4, 0.4, 0.4]
		},
		"head": {
			"translation": [0, -25.5, -2],
			"scale": [1.7, 1.7, 1.7]
		},
		"fixed": {
			"translation": [0, -1.25, -0.5]
		}
	},
	"groups": [
		{
			"name": "LeftLeg",
			"origin": [0, 5, 0],
			"color": 0,
			"children": [
				{
					"name": "LeftFoot",
					"origin": [0, 5, 0],
					"color": 0,
					"children": [0, 1, 2]
				}, 3, 4, 5, 6]
		},
		{
			"name": "RightLeg",
			"origin": [0, 5, 0],
			"color": 0,
			"children": [7, 8, 9, 10,
				{
					"name": "RightFoot",
					"origin": [0, 5, 0],
					"color": 0,
					"children": [11, 12, 13]
				}
			]
		},
		{
			"name": "LeftArm",
			"origin": [0, 5, 0],
			"color": 0,
			"children": [14, 15, 16, 17, 18, 19]
		},
		{
			"name": "RightArm",
			"origin": [0, 5, 0],
			"color": 0,
			"children": [20, 21, 22, 23, 24, 25, 26, 27]
		}, 28,
		{
			"name": "Body",
			"origin": [0, 0, 0],
			"color": 0,
			"children": [29, 30, 31, 32, 33, 34, 35, 36]
		},
		{
			"name": "Head",
			"origin": [0, 5, 0],
			"color": 0,
			"children": [37, 38, 39, 40, 41, 42, 43, 44, 45, 46, 47, 48, 49, 50, 51, 52, 53, 54, 55, 56, 57, 58, 59, 60, 61, 62, 63]
		}
	]
}