{
  "providers": [
    {
      "type": "bitmap",
      "file": "tcc:gui/negative_space.png",
      "ascent": -32768,
      "height": -140,
      "chars": [
        "\uc000"
      ]
    },
    {
      "type": "bitmap",
      "file": "tcc:gui/jewelry_table/recipe_book.png",
      "ascent": 13,
      "height": 133,
      "chars": [
        "\uc001"
      ]
    },
    {
      "type": "bitmap",
      "file": "tcc:gui/jewelry_table/main.png",
      "ascent": 13,
      "height": 176,
      "chars": [
        "\uc002"
      ]
    },
    {
      "type": "bitmap",
      "file": "tcc:gui/negative_space.png",
      "ascent": -32768,
      "height": -171,
      "chars": [
        "\uc003"
      ]
    }
  ]
}
