{
	"credit": "Made with Blockbench",
	"texture_size": [1, 1],
	"textures": {
		"particle": "fnaf_texture/fnaf1_texture/bonnie/bonnie_skin"
	},
	"elements": [
		{
			"from": [2, -15, 1],
			"to": [8, -13, 4],
			"rotation": {"angle": 0, "axis": "x", "origin": [5, -2.75, 8.57143]},
			"faces": {
				"north": {"uv": [7.2, 3.2, 8.8, 8], "rotation": 90, "texture": "#particle"},
				"east": {"uv": [7.2, 6.4, 8.8, 8], "rotation": 90, "texture": "#particle"},
				"south": {"uv": [7.2, 0, 8.8, 4.8], "rotation": 90, "texture": "#particle"},
				"west": {"uv": [7.2, 0, 8.8, 1.6], "rotation": 90, "texture": "#particle"},
				"up": {"uv": [5.6, 4, 8, 8.8], "rotation": 270, "texture": "#particle"},
				"down": {"uv": [8, 0, 10.4, 4.8], "rotation": 270, "texture": "#particle"}
			}
		},
		{
			"from": [3.5, -13.5, 4.5],
			"to": [6.5, -11.5, 7.5],
			"rotation": {"angle": 0, "axis": "x", "origin": [5, -2.75, 8.57143]},
			"faces": {
				"north": {"uv": [0.8, 11.2, 2.4, 8.8], "rotation": 180, "texture": "#particle"},
				"east": {"uv": [0.8, 11.2, 2.4, 8.8], "rotation": 180, "texture": "#particle"},
				"south": {"uv": [0.8, 11.2, 2.4, 8.8], "rotation": 180, "texture": "#particle"},
				"west": {"uv": [0.8, 11.2, 2.4, 8.8], "rotation": 180, "texture": "#particle"},
				"up": {"uv": [0.8, 11.2, 2.4, 8.8], "rotation": 180, "texture": "#particle"},
				"down": {"uv": [0.8, 11.2, 2.4, 8.8], "rotation": 180, "texture": "#particle"}
			}
		},
		{
			"from": [3, -15, 4],
			"to": [7, -13, 8],
			"rotation": {"angle": 0, "axis": "x", "origin": [5, -2.75, 8.57143]},
			"faces": {
				"north": {"uv": [7.2, 0, 8.8, 3.2], "rotation": 90, "texture": "#particle"},
				"east": {"uv": [7.2, 0, 8.8, 3.2], "rotation": 90, "texture": "#particle"},
				"south": {"uv": [7.2, 3.2, 8.8, 6.4], "rotation": 90, "texture": "#particle"},
				"west": {"uv": [7.2, 0, 8.8, 3.2], "rotation": 90, "texture": "#particle"},
				"up": {"uv": [4, 0, 7.2, 3.2], "rotation": 90, "texture": "#particle"},
				"down": {"uv": [9.6, 0, 12.8, 3.2], "rotation": 90, "texture": "#particle"}
			}
		},
		{
			"from": [3, -12.5, 4],
			"to": [7, -7.5, 8],
			"rotation": {"angle": 0, "axis": "x", "origin": [5, -2.75, 9]},
			"faces": {
				"north": {"uv": [0, 0, 3.2, 4], "texture": "#particle"},
				"east": {"uv": [4.8, 4.8, 8, 8.8], "texture": "#particle"},
				"south": {"uv": [0, 4.8, 3.2, 8.8], "texture": "#particle"},
				"west": {"uv": [3.2, 0, 6.4, 4], "texture": "#particle"},
				"up": {"uv": [0, 0, 3.2, 3.2], "texture": "#particle"},
				"down": {"uv": [0, 5.6, 3.2, 8.8], "texture": "#particle"}
			}
		},
		{
			"from": [3.5, -10, 7.5],
			"to": [6.5, -7, 10.5],
			"rotation": {"angle": 22.5, "axis": "x", "origin": [5, -2.75, 9]},
			"faces": {
				"north": {"uv": [0.8, 11.2, 2.4, 8.8], "rotation": 180, "texture": "#particle"},
				"east": {"uv": [0.8, 11.2, 2.4, 8.8], "rotation": 180, "texture": "#particle"},
				"south": {"uv": [0.8, 11.2, 2.4, 8.8], "rotation": 180, "texture": "#particle"},
				"west": {"uv": [0.8, 11.2, 2.4, 8.8], "rotation": 180, "texture": "#particle"},
				"up": {"uv": [0.8, 11.2, 2.4, 8.8], "rotation": 180, "texture": "#particle"},
				"down": {"uv": [0.8, 11.2, 2.4, 8.8], "rotation": 180, "texture": "#particle"}
			}
		},
		{
			"from": [3, -8, 7],
			"to": [7, -3, 11],
			"rotation": {"angle": 22.5, "axis": "x", "origin": [5, -2.75, 9]},
			"faces": {
				"north": {"uv": [0, 0, 3.2, 4], "texture": "#particle"},
				"east": {"uv": [4.8, 4.8, 8, 8.8], "texture": "#particle"},
				"south": {"uv": [0, 4.8, 3.2, 8.8], "texture": "#particle"},
				"west": {"uv": [3.2, 0, 6.4, 4], "texture": "#particle"},
				"up": {"uv": [0, 0, 3.2, 3.2], "texture": "#particle"},
				"down": {"uv": [0, 5.6, 3.2, 8.8], "texture": "#particle"}
			}
		},
		{
			"from": [3.5, -3.5, 7.5],
			"to": [6.5, -1.5, 10.5],
			"rotation": {"angle": 22.5, "axis": "x", "origin": [5, -2.75, 9]},
			"faces": {
				"north": {"uv": [0.8, 11.2, 2.4, 8.8], "rotation": 180, "texture": "#particle"},
				"east": {"uv": [0.8, 11.2, 2.4, 8.8], "rotation": 180, "texture": "#particle"},
				"south": {"uv": [0.8, 11.2, 2.4, 8.8], "rotation": 180, "texture": "#particle"},
				"west": {"uv": [0.8, 11.2, 2.4, 8.8], "rotation": 180, "texture": "#particle"},
				"up": {"uv": [0.8, 11.2, 2.4, 8.8], "rotation": 180, "texture": "#particle"},
				"down": {"uv": [0.8, 11.2, 2.4, 8.8], "rotation": 180, "texture": "#particle"}
			}
		},
		{
			"from": [9.5, -3.5, 7.5],
			"to": [12.5, -1.5, 10.5],
			"rotation": {"angle": 0, "axis": "x", "origin": [11, -2.75, 9]},
			"faces": {
				"north": {"uv": [0.8, 11.2, 2.4, 8.8], "rotation": 180, "texture": "#particle"},
				"east": {"uv": [0.8, 11.2, 2.4, 8.8], "rotation": 180, "texture": "#particle"},
				"south": {"uv": [0.8, 11.2, 2.4, 8.8], "rotation": 180, "texture": "#particle"},
				"west": {"uv": [0.8, 11.2, 2.4, 8.8], "rotation": 180, "texture": "#particle"},
				"up": {"uv": [0.8, 11.2, 2.4, 8.8], "rotation": 180, "texture": "#particle"},
				"down": {"uv": [0.8, 11.2, 2.4, 8.8], "rotation": 180, "texture": "#particle"}
			}
		},
		{
			"from": [9, -8, 7],
			"to": [13, -3, 11],
			"rotation": {"angle": 0, "axis": "x", "origin": [11, -2.75, 9]},
			"faces": {
				"north": {"uv": [0, 0, 3.2, 4], "rotation": 180, "texture": "#particle"},
				"east": {"uv": [4.8, 4.8, 8, 8.8], "rotation": 180, "texture": "#particle"},
				"south": {"uv": [0, 4.8, 3.2, 8.8], "rotation": 180, "texture": "#particle"},
				"west": {"uv": [3.2, 0, 6.4, 4], "texture": "#particle"},
				"up": {"uv": [4.8, 4.8, 8, 8], "texture": "#particle"},
				"down": {"uv": [4.8, 1.6, 8, 4.8], "texture": "#particle"}
			}
		},
		{
			"from": [9.5, -9, 7.5],
			"to": [12.5, -7, 10.5],
			"rotation": {"angle": 0, "axis": "x", "origin": [11, -2.75, 9]},
			"faces": {
				"north": {"uv": [0.8, 11.2, 2.4, 8.8], "rotation": 180, "texture": "#particle"},
				"east": {"uv": [0.8, 11.2, 2.4, 8.8], "rotation": 180, "texture": "#particle"},
				"south": {"uv": [0.8, 11.2, 2.4, 8.8], "rotation": 180, "texture": "#particle"},
				"west": {"uv": [0.8, 11.2, 2.4, 8.8], "rotation": 180, "texture": "#particle"},
				"up": {"uv": [0.8, 11.2, 2.4, 8.8], "rotation": 180, "texture": "#particle"},
				"down": {"uv": [0.8, 11.2, 2.4, 8.8], "rotation": 180, "texture": "#particle"}
			}
		},
		{
			"from": [9, -13.5, 7],
			"to": [13, -8.5, 11],
			"rotation": {"angle": 0, "axis": "x", "origin": [11, -2.75, 9]},
			"faces": {
				"north": {"uv": [0, 0, 3.2, 4], "rotation": 180, "texture": "#particle"},
				"east": {"uv": [4.8, 4.8, 8, 8.8], "rotation": 180, "texture": "#particle"},
				"south": {"uv": [0, 4.8, 3.2, 8.8], "rotation": 180, "texture": "#particle"},
				"west": {"uv": [3.2, 0, 6.4, 4], "texture": "#particle"},
				"up": {"uv": [4.8, 4.8, 8, 8], "texture": "#particle"},
				"down": {"uv": [4.8, 1.6, 8, 4.8], "texture": "#particle"}
			}
		},
		{
			"from": [8, -16, 4],
			"to": [14, -14, 7],
			"rotation": {"angle": 0, "axis": "x", "origin": [11, -2.75, 9]},
			"faces": {
				"north": {"uv": [7.2, 2.4, 8.8, 7.2], "rotation": 90, "texture": "#particle"},
				"east": {"uv": [7.2, 0, 8.8, 1.6], "rotation": 90, "texture": "#particle"},
				"south": {"uv": [7.2, 0, 8.8, 4.8], "rotation": 90, "texture": "#particle"},
				"west": {"uv": [7.2, 6.4, 8.8, 8], "rotation": 90, "texture": "#particle"},
				"up": {"uv": [5.6, 0, 8, 4.8], "rotation": 90, "texture": "#particle"},
				"down": {"uv": [8, 0, 10.4, 4.8], "rotation": 90, "texture": "#particle"}
			}
		},
		{
			"from": [9.5, -14.5, 7.5],
			"to": [12.5, -12.5, 10.5],
			"rotation": {"angle": 0, "axis": "x", "origin": [11, -2.75, 9]},
			"faces": {
				"north": {"uv": [0.8, 11.2, 2.4, 8.8], "rotation": 180, "texture": "#particle"},
				"east": {"uv": [0.8, 11.2, 2.4, 8.8], "rotation": 180, "texture": "#particle"},
				"south": {"uv": [0.8, 11.2, 2.4, 8.8], "rotation": 180, "texture": "#particle"},
				"west": {"uv": [0.8, 11.2, 2.4, 8.8], "rotation": 180, "texture": "#particle"},
				"up": {"uv": [0.8, 11.2, 2.4, 8.8], "rotation": 180, "texture": "#particle"},
				"down": {"uv": [0.8, 11.2, 2.4, 8.8], "rotation": 180, "texture": "#particle"}
			}
		},
		{
			"from": [9, -16, 7],
			"to": [13, -14, 11],
			"rotation": {"angle": 0, "axis": "x", "origin": [11, -2.75, 9]},
			"faces": {
				"north": {"uv": [7.2, 0, 8.8, 3.2], "rotation": 90, "texture": "#particle"},
				"east": {"uv": [7.2, 0, 8.8, 3.2], "rotation": 90, "texture": "#particle"},
				"south": {"uv": [7.2, 0, 8.8, 3.2], "rotation": 90, "texture": "#particle"},
				"west": {"uv": [7.2, 0, 8.8, 3.2], "rotation": 90, "texture": "#particle"},
				"up": {"uv": [4, 0, 7.2, 3.2], "rotation": 90, "texture": "#particle"},
				"down": {"uv": [9.6, 0, 12.8, 3.2], "rotation": 90, "texture": "#particle"}
			}
		},
		{
			"from": [-1, 14, 0],
			"to": [3, 16, 4],
			"rotation": {"angle": -45, "axis": "x", "origin": [1, 10, 9]},
			"faces": {
				"north": {"uv": [6.4, 0, 8, 3.2], "rotation": 270, "texture": "#particle"},
				"east": {"uv": [6.4, 4, 8, 7.2], "rotation": 270, "texture": "#particle"},
				"south": {"uv": [6.4, 5.6, 8, 8.8], "rotation": 270, "texture": "#particle"},
				"west": {"uv": [6.4, 4, 8, 7.2], "rotation": 270, "texture": "#particle"},
				"up": {"uv": [9.6, 0, 12.8, 3.2], "rotation": 90, "texture": "#particle"},
				"down": {"uv": [4, 0, 7.2, 3.2], "rotation": 90, "texture": "#particle"}
			}
		},
		{
			"from": [-0.5, 12.5, 0.5],
			"to": [2.5, 14.5, 3.5],
			"rotation": {"angle": -45, "axis": "x", "origin": [1, 10, 9]},
			"faces": {
				"north": {"uv": [0.8, 11.2, 2.4, 8.8], "texture": "#particle"},
				"east": {"uv": [0.8, 11.2, 2.4, 8.8], "texture": "#particle"},
				"south": {"uv": [0.8, 11.2, 2.4, 8.8], "texture": "#particle"},
				"west": {"uv": [0.8, 11.2, 2.4, 8.8], "texture": "#particle"},
				"up": {"uv": [0.8, 11.2, 2.4, 8.8], "rotation": 180, "texture": "#particle"},
				"down": {"uv": [0.8, 11.2, 2.4, 8.8], "rotation": 180, "texture": "#particle"}
			}
		},
		{
			"from": [-1, 8.5, 0],
			"to": [3, 13.5, 4],
			"rotation": {"angle": -45, "axis": "x", "origin": [1, 10, 9]},
			"faces": {
				"north": {"uv": [0, 4.8, 3.2, 8.8], "rotation": 180, "texture": "#particle"},
				"east": {"uv": [4.8, 4.8, 8, 8.8], "rotation": 180, "texture": "#particle"},
				"south": {"uv": [0, 0, 3.2, 4], "rotation": 180, "texture": "#particle"},
				"west": {"uv": [3.2, 0, 6.4, 4], "rotation": 180, "texture": "#particle"},
				"up": {"uv": [0, 5.6, 3.2, 8.8], "texture": "#particle"},
				"down": {"uv": [0, 0, 3.2, 3.2], "texture": "#particle"}
			}
		},
		{
			"from": [-0.5, 3, 4.5],
			"to": [2.5, 6, 7.5],
			"rotation": {"angle": 0, "axis": "x", "origin": [1, 10, 9]},
			"faces": {
				"north": {"uv": [0.8, 11.2, 2.4, 8.8], "rotation": 180, "texture": "#particle"},
				"east": {"uv": [0.8, 11.2, 2.4, 8.8], "rotation": 180, "texture": "#particle"},
				"south": {"uv": [0.8, 11.2, 2.4, 8.8], "rotation": 180, "texture": "#particle"},
				"west": {"uv": [0.8, 11.2, 2.4, 8.8], "rotation": 180, "texture": "#particle"},
				"up": {"uv": [0.8, 11.2, 2.4, 8.8], "rotation": 180, "texture": "#particle"},
				"down": {"uv": [0.8, 11.2, 2.4, 8.8], "rotation": 180, "texture": "#particle"}
			}
		},
		{
			"from": [-1, 5, 7],
			"to": [3, 10, 11],
			"rotation": {"angle": 22.5, "axis": "x", "origin": [1, 10, 9]},
			"faces": {
				"north": {"uv": [0, 0, 3.2, 4], "texture": "#particle"},
				"east": {"uv": [4.8, 4.8, 8, 8.8], "texture": "#particle"},
				"south": {"uv": [0, 4.8, 3.2, 8.8], "texture": "#particle"},
				"west": {"uv": [3.2, 0, 6.4, 4], "texture": "#particle"},
				"up": {"uv": [0, 0, 3.2, 3.2], "texture": "#particle"},
				"down": {"uv": [0, 5.6, 3.2, 8.8], "texture": "#particle"}
			}
		},
		{
			"from": [0.5, 9, 7.5],
			"to": [3, 11, 10.5],
			"rotation": {"angle": 22.5, "axis": "x", "origin": [1, 10, 9]},
			"faces": {
				"north": {"uv": [0.8, 11.2, 2.4, 8.8], "rotation": 180, "texture": "#particle"},
				"east": {"uv": [0.8, 11.2, 2.4, 8.8], "rotation": 180, "texture": "#particle"},
				"south": {"uv": [0.8, 11.2, 2.4, 8.8], "rotation": 180, "texture": "#particle"},
				"west": {"uv": [0.8, 11.2, 2.4, 8.8], "rotation": 180, "texture": "#particle"},
				"up": {"uv": [0.8, 11.2, 2.4, 8.8], "rotation": 180, "texture": "#particle"},
				"down": {"uv": [0.8, 11.2, 2.4, 8.8], "rotation": 180, "texture": "#particle"}
			}
		},
		{
			"from": [13, 8.5, 7],
			"to": [15.5, 11.5, 10],
			"rotation": {"angle": 0, "axis": "x", "origin": [15, 10, 9]},
			"faces": {
				"north": {"uv": [0, 10.4, 2.4, 8.8], "rotation": 180, "texture": "#particle"},
				"east": {"uv": [0, 10.4, 2.4, 8.8], "rotation": 270, "texture": "#particle"},
				"south": {"uv": [1.6, 12.8, 3.2, 10.4], "texture": "#particle"},
				"west": {"uv": [0, 10.4, 2.4, 8.8], "rotation": 90, "texture": "#particle"},
				"up": {"uv": [0, 10.4, 2.4, 8.8], "rotation": 180, "texture": "#particle"},
				"down": {"uv": [0, 10.4, 2.4, 8.8], "texture": "#particle"}
			}
		},
		{
			"from": [13, 8, 4],
			"to": [17, 12, 9],
			"rotation": {"angle": 0, "axis": "x", "origin": [15, 10, 9]},
			"faces": {
				"north": {"uv": [4.8, 1.6, 8, 4.8], "rotation": 180, "texture": "#particle"},
				"east": {"uv": [4.8, 4.8, 8, 8.8], "rotation": 90, "texture": "#particle"},
				"south": {"uv": [4.8, 4.8, 8, 8], "texture": "#particle"},
				"west": {"uv": [3.2, 0, 6.4, 4], "rotation": 90, "texture": "#particle"},
				"up": {"uv": [0, 0, 3.2, 4], "texture": "#particle"},
				"down": {"uv": [0, 4.8, 3.2, 8.8], "rotation": 180, "texture": "#particle"}
			}
		},
		{
			"from": [13.5, 9.5, 2],
			"to": [16.5, 12.5, 5],
			"rotation": {"angle": -22.5, "axis": "x", "origin": [15, 11, 9]},
			"faces": {
				"north": {"uv": [0, 10.4, 2.4, 8.8], "rotation": 180, "texture": "#particle"},
				"east": {"uv": [0, 10.4, 2.4, 8.8], "rotation": 270, "texture": "#particle"},
				"south": {"uv": [0, 10.4, 2.4, 8.8], "texture": "#particle"},
				"west": {"uv": [0, 10.4, 2.4, 8.8], "rotation": 90, "texture": "#particle"},
				"up": {"uv": [0, 10.4, 2.4, 8.8], "rotation": 180, "texture": "#particle"},
				"down": {"uv": [0, 10.4, 2.4, 8.8], "texture": "#particle"}
			}
		},
		{
			"from": [13, 2.5, 2],
			"to": [17, 7.5, 6],
			"rotation": {"angle": 22.5, "axis": "x", "origin": [15, 11, 9]},
			"faces": {
				"north": {"uv": [0, 0, 3.2, 4], "rotation": 180, "texture": "#particle"},
				"east": {"uv": [4.8, 4.8, 8, 8.8], "rotation": 180, "texture": "#particle"},
				"south": {"uv": [0, 4.8, 3.2, 8.8], "rotation": 180, "texture": "#particle"},
				"west": {"uv": [3.2, 0, 6.4, 4], "texture": "#particle"},
				"up": {"uv": [4.8, 4.8, 8, 8], "texture": "#particle"},
				"down": {"uv": [4.8, 1.6, 8, 4.8], "texture": "#particle"}
			}
		},
		{
			"from": [13.5, 1.5, 2.5],
			"to": [16.5, 3.5, 5.5],
			"rotation": {"angle": 22.5, "axis": "x", "origin": [15, 11, 9]},
			"faces": {
				"north": {"uv": [0.8, 11.2, 2.4, 8.8], "rotation": 180, "texture": "#particle"},
				"east": {"uv": [0.8, 11.2, 2.4, 8.8], "rotation": 180, "texture": "#particle"},
				"south": {"uv": [0.8, 11.2, 2.4, 8.8], "rotation": 180, "texture": "#particle"},
				"west": {"uv": [0.8, 11.2, 2.4, 8.8], "rotation": 180, "texture": "#particle"},
				"up": {"uv": [0.8, 11.2, 2.4, 8.8], "rotation": 180, "texture": "#particle"},
				"down": {"uv": [0.8, 11.2, 2.4, 8.8], "rotation": 180, "texture": "#particle"}
			}
		},
		{
			"from": [13, 0, 2],
			"to": [17, 2, 6],
			"rotation": {"angle": 22.5, "axis": "x", "origin": [15, 11, 9]},
			"faces": {
				"north": {"uv": [6.4, 0.8, 8, 4], "rotation": 90, "texture": "#particle"},
				"east": {"uv": [6.4, 5.6, 8, 8.8], "rotation": 90, "texture": "#particle"},
				"south": {"uv": [6.4, 3.2, 8, 6.4], "rotation": 90, "texture": "#particle"},
				"west": {"uv": [6.4, 5.6, 8, 8.8], "rotation": 90, "texture": "#particle"},
				"up": {"uv": [4, 0, 7.2, 3.2], "rotation": 90, "texture": "#particle"},
				"down": {"uv": [9.6, 0, 12.8, 3.2], "rotation": 90, "texture": "#particle"}
			}
		},
		{
			"from": [3, -2.5, 6],
			"to": [13, 0, 12],
			"rotation": {"angle": 0, "axis": "y", "origin": [8, 1, 9]},
			"faces": {
				"north": {"uv": [0, 0, 8, 1.6], "texture": "#particle"},
				"east": {"uv": [3.2, 0, 8, 1.6], "texture": "#particle"},
				"south": {"uv": [0, 0, 8, 1.6], "texture": "#particle"},
				"west": {"uv": [0, 0, 4.8, 1.6], "texture": "#particle"},
				"up": {"uv": [0, 4, 8, 8.8], "texture": "#particle"},
				"down": {"uv": [0, 0, 8, 4.8], "texture": "#particle"}
			}
		},
		{
			"from": [5.5, 0, 6.5],
			"to": [10.5, 2, 11.5],
			"rotation": {"angle": 0, "axis": "y", "origin": [8, 1, 9]},
			"faces": {
				"north": {"uv": [0.8, 11.2, 2.4, 8.8], "rotation": 180, "texture": "#particle"},
				"east": {"uv": [0.8, 11.2, 2.4, 8.8], "rotation": 180, "texture": "#particle"},
				"south": {"uv": [0.8, 11.2, 2.4, 8.8], "rotation": 180, "texture": "#particle"},
				"west": {"uv": [0.8, 11.2, 2.4, 8.8], "rotation": 180, "texture": "#particle"},
				"up": {"uv": [0.8, 11.2, 2.4, 8.8], "rotation": 180, "texture": "#particle"},
				"down": {"uv": [0.8, 11.2, 2.4, 8.8], "rotation": 180, "texture": "#particle"}
			}
		},
		{
			"from": [4, 0.5, 5],
			"to": [12, 7.5, 6],
			"rotation": {"angle": 0, "axis": "y", "origin": [8, 1, 9]},
			"faces": {
				"north": {"uv": [8, 0, 16, 7.2], "texture": "#particle"},
				"east": {"uv": [15.2, 0, 16, 7.2], "texture": "#particle"},
				"south": {"uv": [8, 0, 16, 7.2], "texture": "#particle"},
				"west": {"uv": [8, 0, 8.8, 7.2], "texture": "#particle"},
				"up": {"uv": [8, 0, 16, 0.8], "texture": "#particle"},
				"down": {"uv": [8, 7.2, 16, 8], "texture": "#particle"}
			}
		},
		{
			"from": [3, 0.5, 6],
			"to": [13, 11, 12],
			"rotation": {"angle": 0, "axis": "y", "origin": [8, 1, 9]},
			"faces": {
				"north": {"uv": [0, 0, 8, 8.8], "texture": "#particle"},
				"east": {"uv": [0, 0, 8, 8.8], "texture": "#particle"},
				"south": {"uv": [0, 0, 8, 8.8], "texture": "#particle"},
				"west": {"uv": [0, 0, 8, 8.8], "texture": "#particle"},
				"up": {"uv": [0, 2.4, 8, 7.2], "texture": "#particle"},
				"down": {"uv": [0, 2.4, 8, 7.2], "texture": "#particle"}
			}
		},
		{
			"from": [5.5, 8.5, 4.9],
			"to": [7.5, 10.5, 6],
			"rotation": {"angle": 0, "axis": "y", "origin": [8, 1, 9]},
			"faces": {
				"north": {"uv": [1.6, 14.4, 3.2, 16], "texture": "#particle"},
				"east": {"uv": [0, 14.4, 1.6, 16], "texture": "#particle"},
				"south": {"uv": [0, 14.4, 1.6, 16], "texture": "#particle"},
				"west": {"uv": [0, 14.4, 0.8, 16], "texture": "#particle"},
				"up": {"uv": [0, 14.4, 0.8, 16], "texture": "#particle"},
				"down": {"uv": [0, 15.2, 1.6, 16], "texture": "#particle"}
			}
		},
		{
			"from": [8.5, 8.5, 4.9],
			"to": [10.5, 10.5, 6],
			"rotation": {"angle": 0, "axis": "y", "origin": [8, 1, 9]},
			"faces": {
				"north": {"uv": [1.6, 14.4, 3.2, 16], "rotation": 90, "texture": "#particle"},
				"east": {"uv": [0, 14.4, 1.6, 16], "texture": "#particle"},
				"south": {"uv": [0, 14.4, 1.6, 16], "texture": "#particle"},
				"west": {"uv": [0, 14.4, 0.8, 16], "texture": "#particle"},
				"up": {"uv": [0, 14.4, 0.8, 16], "texture": "#particle"},
				"down": {"uv": [0, 15.2, 1.6, 16], "texture": "#particle"}
			}
		},
		{
			"from": [5, 7.5, 5],
			"to": [11, 9.5, 6],
			"rotation": {"angle": 0, "axis": "y", "origin": [8, 1, 9]},
			"faces": {
				"north": {"uv": [8.8, 7.2, 15.2, 8.8], "texture": "#particle"},
				"east": {"uv": [8, 7.2, 8.8, 8.8], "texture": "#particle"},
				"south": {"uv": [8.8, 7.2, 15.2, 8.8], "texture": "#particle"},
				"west": {"uv": [15.2, 7.2, 16, 8.8], "texture": "#particle"},
				"up": {"uv": [8.8, 6.4, 15.2, 7.2], "texture": "#particle"},
				"down": {"uv": [8.8, 8, 15.2, 8.8], "texture": "#particle"}
			}
		},
		{
			"from": [4, 0.5, 12],
			"to": [12, 10, 13],
			"rotation": {"angle": 0, "axis": "y", "origin": [8, 1, 9]},
			"faces": {
				"north": {"uv": [0.8, 0.8, 7.2, 8.8], "texture": "#particle"},
				"east": {"uv": [7.2, 0.8, 8, 8.8], "texture": "#particle"},
				"south": {"uv": [0.8, 0, 7.2, 8.8], "texture": "#particle"},
				"west": {"uv": [0, 0.8, 0.8, 8.8], "texture": "#particle"},
				"up": {"uv": [0.8, 0, 7.2, 0.8], "texture": "#particle"},
				"down": {"uv": [0.8, 8, 7.2, 8.8], "texture": "#particle"}
			}
		},
		{
			"from": [7.5, 9, 4.9],
			"to": [8.5, 10, 6],
			"rotation": {"angle": 0, "axis": "y", "origin": [8, 1, 9]},
			"faces": {
				"north": {"uv": [1.6, 15.2, 2.4, 16], "texture": "#particle"},
				"east": {"uv": [1.6, 15.2, 2.4, 16], "texture": "#particle"},
				"south": {"uv": [1.6, 15.2, 2.4, 16], "texture": "#particle"},
				"west": {"uv": [1.6, 15.2, 2.4, 16], "texture": "#particle"},
				"up": {"uv": [1.6, 15.2, 2.4, 16], "texture": "#particle"},
				"down": {"uv": [1.6, 15.2, 2.4, 16], "texture": "#particle"}
			}
		},
		{
			"from": [6.5, 9.5, 7.5],
			"to": [9.5, 12.5, 9.5],
			"rotation": {"angle": 0, "axis": "x", "origin": [8.00739, 16.64918, 7.124]},
			"faces": {
				"north": {"uv": [0.8, 11.2, 2.4, 8.8], "rotation": 180, "texture": "#particle"},
				"east": {"uv": [0.8, 11.2, 2.4, 8.8], "rotation": 180, "texture": "#particle"},
				"south": {"uv": [0.8, 11.2, 2.4, 8.8], "rotation": 180, "texture": "#particle"},
				"west": {"uv": [0.8, 11.2, 2.4, 8.8], "rotation": 180, "texture": "#particle"},
				"up": {"uv": [0.8, 11.2, 2.4, 8.8], "rotation": 180, "texture": "#particle"},
				"down": {"uv": [0.8, 11.2, 2.4, 8.8], "rotation": 180, "texture": "#particle"}
			}
		},
		{
			"from": [4, 11.5, 5],
			"to": [12, 13.5, 9],
			"rotation": {"angle": 0, "axis": "x", "origin": [8, 12.5, 8]},
			"faces": {
				"north": {"uv": [0, 0, 6.4, 1.6], "texture": "#particle"},
				"east": {"uv": [0, 0, 3.2, 1.6], "texture": "#particle"},
				"south": {"uv": [1.6, 0, 8, 1.6], "texture": "#particle"},
				"west": {"uv": [4.8, 0, 8, 1.6], "texture": "#particle"},
				"up": {"uv": [8, 8.8, 14.4, 12], "rotation": 180, "texture": "#particle"},
				"down": {"uv": [0, 0, 6.4, 3.2], "texture": "#particle"}
			}
		},
		{
			"from": [4, 12.5, 9],
			"to": [12, 15.5, 13],
			"rotation": {"angle": 0, "axis": "x", "origin": [8.00739, 16.64918, 7.124]},
			"faces": {
				"north": {"uv": [9.6, 8.8, 12.8, 11.2], "texture": "#particle"},
				"east": {"uv": [0, 0, 3.2, 2.4], "texture": "#particle"},
				"south": {"uv": [0.8, 4, 7.2, 6.4], "texture": "#particle"},
				"west": {"uv": [0, 0, 3.2, 2.4], "texture": "#particle"},
				"up": {"uv": [0, 0, 3.2, 2.4], "texture": "#particle"},
				"down": {"uv": [0.8, 6.4, 7.2, 8.8], "texture": "#particle"}
			}
		},
		{
			"from": [12, 13.5, 5],
			"to": [13, 15.5, 12],
			"rotation": {"angle": 0, "axis": "x", "origin": [8.00739, 16.64918, 7.124]},
			"faces": {
				"north": {"uv": [7.2, 0, 8, 2.4], "texture": "#particle"},
				"east": {"uv": [0.8, 4.8, 6.4, 6.4], "texture": "#particle"},
				"south": {"uv": [0, 2.4, 1.6, 3.2], "rotation": 90, "texture": "#particle"},
				"west": {"uv": [0.8, 0.8, 2.4, 1.6], "texture": "#particle"},
				"up": {"uv": [0, 0, 0.8, 5.6], "texture": "#particle"},
				"down": {"uv": [0, 0, 0.8, 5.6], "texture": "#particle"}
			}
		},
		{
			"from": [3, 13.5, 5],
			"to": [4, 15.5, 12],
			"rotation": {"angle": 0, "axis": "x", "origin": [8.00739, 16.64918, 7.124]},
			"faces": {
				"north": {"uv": [0, 0, 0.8, 1.6], "texture": "#particle"},
				"east": {"uv": [0.8, 0.8, 2.4, 1.6], "texture": "#particle"},
				"south": {"uv": [0, 1.6, 0.8, 3.2], "texture": "#particle"},
				"west": {"uv": [0, 0, 5.6, 1.6], "texture": "#particle"},
				"up": {"uv": [0, 0, 0.8, 5.6], "texture": "#particle"},
				"down": {"uv": [0, 0, 0.8, 5.6], "texture": "#particle"}
			}
		},
		{
			"from": [4.5, 13.5, 4],
			"to": [11.5, 14.5, 5],
			"rotation": {"angle": 0, "axis": "x", "origin": [8.00739, 16.64918, 7.124]},
			"faces": {
				"north": {"uv": [16, 2.4, 10.4, 4], "texture": "#particle"},
				"east": {"uv": [9.6, 1.6, 10.4, 3.2], "texture": "#particle"},
				"south": {"uv": [16, 1.6, 10.4, 2.4], "texture": "#particle"},
				"west": {"uv": [9.6, 1.6, 10.4, 3.2], "texture": "#particle"},
				"up": {"uv": [16, 1.6, 10.4, 2.4], "texture": "#particle"},
				"down": {"uv": [16, 4, 10.4, 4.8], "texture": "#particle"}
			}
		},
		{
			"from": [5.5, 14.5, 4],
			"to": [10.5, 15.5, 5],
			"rotation": {"angle": 0, "axis": "x", "origin": [8.00739, 16.64918, 7.124]},
			"faces": {
				"north": {"uv": [16, 2.4, 10.4, 4], "texture": "#particle"},
				"east": {"uv": [9.6, 1.6, 10.4, 3.2], "texture": "#particle"},
				"south": {"uv": [16, 1.6, 10.4, 2.4], "texture": "#particle"},
				"west": {"uv": [9.6, 1.6, 10.4, 3.2], "texture": "#particle"},
				"up": {"uv": [16, 1.6, 10.4, 2.4], "texture": "#particle"},
				"down": {"uv": [16, 4, 10.4, 4.8], "texture": "#particle"}
			}
		},
		{
			"from": [7, 15, 3.5],
			"to": [9, 16, 4.5],
			"rotation": {"angle": 0, "axis": "x", "origin": [8.00739, 16.64918, 7.124]},
			"faces": {
				"north": {"uv": [10.4, 9.6, 12, 10.4], "texture": "#particle"},
				"east": {"uv": [9.6, 9.6, 10.4, 10.4], "texture": "#particle"},
				"south": {"uv": [10.4, 9.6, 12, 10.4], "texture": "#particle"},
				"west": {"uv": [12, 9.6, 12.8, 10.4], "texture": "#particle"},
				"up": {"uv": [10.4, 9.6, 12, 10.4], "texture": "#particle"},
				"down": {"uv": [10.4, 9.6, 12, 10.4], "texture": "#particle"}
			}
		},
		{
			"from": [11, 15.5, 5],
			"to": [12, 19.5, 6],
			"rotation": {"angle": 0, "axis": "x", "origin": [8.00739, 16.64918, 7.124]},
			"faces": {
				"north": {"uv": [1.6, 0.8, 2.4, 4], "texture": "#particle"},
				"east": {"uv": [2.4, 0.8, 3.2, 4], "texture": "#particle"},
				"south": {"uv": [1.6, 0.8, 2.4, 4], "texture": "#particle"},
				"west": {"uv": [8.8, 8.8, 9.6, 12], "texture": "#particle"},
				"up": {"uv": [1.6, 0, 2.4, 0.8], "texture": "#particle"},
				"down": {"uv": [1.6, 4, 2.4, 4.8], "texture": "#particle"}
			}
		},
		{
			"from": [5, 17.5, 5],
			"to": [7, 19.5, 6],
			"rotation": {"angle": 0, "axis": "x", "origin": [8.00739, 16.64918, 7.124]},
			"faces": {
				"north": {"uv": [5.6, 1.6, 7.2, 3.2], "texture": "#particle"},
				"east": {"uv": [5.6, 1.6, 7.2, 3.2], "texture": "#particle"},
				"south": {"uv": [5.6, 1.6, 7.2, 3.2], "texture": "#particle"},
				"west": {"uv": [5.6, 1.6, 7.2, 3.2], "texture": "#particle"},
				"up": {"uv": [5.6, 0.8, 7.2, 1.6], "texture": "#particle"},
				"down": {"uv": [10.4, 9.6, 12, 10.4], "texture": "#particle"}
			}
		},
		{
			"from": [7, 15.5, 5],
			"to": [9, 19.5, 6],
			"rotation": {"angle": 0, "axis": "x", "origin": [8.00739, 16.64918, 7.124]},
			"faces": {
				"north": {"uv": [3.2, 0.8, 4.8, 4], "texture": "#particle"},
				"east": {"uv": [10.4, 8.8, 11.2, 12], "texture": "#particle"},
				"south": {"uv": [2.4, 0.8, 3.2, 4], "texture": "#particle"},
				"west": {"uv": [11.2, 8.8, 12, 12], "texture": "#particle"},
				"up": {"uv": [3.2, 0, 4.8, 0.8], "texture": "#particle"},
				"down": {"uv": [3.2, 4, 4.8, 4.8], "texture": "#particle"}
			}
		},
		{
			"from": [9, 17.5, 5],
			"to": [11, 19.5, 6],
			"rotation": {"angle": 0, "axis": "x", "origin": [8.00739, 16.64918, 7.124]},
			"faces": {
				"north": {"uv": [2.4, 1.6, 4, 3.2], "texture": "#particle"},
				"east": {"uv": [2.4, 1.6, 4, 3.2], "texture": "#particle"},
				"south": {"uv": [2.4, 1.6, 4, 3.2], "texture": "#particle"},
				"west": {"uv": [2.4, 1.6, 4, 3.2], "texture": "#particle"},
				"up": {"uv": [2.4, 0.8, 4, 1.6], "texture": "#particle"},
				"down": {"uv": [8.8, 9.6, 10.4, 10.4], "texture": "#particle"}
			}
		},
		{
			"from": [4, 15.5, 5],
			"to": [5, 19.5, 6],
			"rotation": {"angle": 0, "axis": "x", "origin": [8.00739, 16.64918, 7.124]},
			"faces": {
				"north": {"uv": [6.4, 0.8, 7.2, 4], "texture": "#particle"},
				"east": {"uv": [11.2, 8.8, 12, 12], "texture": "#particle"},
				"south": {"uv": [6.4, 0.8, 7.2, 4], "texture": "#particle"},
				"west": {"uv": [5.6, 0.8, 6.4, 4], "texture": "#particle"},
				"up": {"uv": [6.4, 0, 7.2, 0.8], "texture": "#particle"},
				"down": {"uv": [6.4, 4, 7.2, 4.8], "texture": "#particle"}
			}
		},
		{
			"from": [9, 21, 8],
			"to": [12, 26, 9],
			"rotation": {"angle": 0, "axis": "x", "origin": [8.00739, 16.64918, 8.124]},
			"faces": {
				"north": {"uv": [4, 13.6, 8, 16], "rotation": 90, "texture": "#particle"},
				"east": {"uv": [0.8, 2.4, 4.8, 3.2], "rotation": 90, "texture": "#particle"},
				"south": {"uv": [4, 6.4, 8, 8.8], "rotation": 90, "texture": "#particle"},
				"west": {"uv": [0.8, 2.4, 4.8, 3.2], "rotation": 90, "texture": "#particle"},
				"up": {"uv": [2.4, 0.8, 3.2, 3.2], "rotation": 90, "texture": "#particle"},
				"down": {"uv": [2.4, 0.8, 3.2, 3.2], "rotation": 90, "texture": "#particle"}
			}
		},
		{
			"from": [10, 20.5, 8],
			"to": [11, 21, 9],
			"rotation": {"angle": 0, "axis": "x", "origin": [8.00739, 16.64918, 8.124]},
			"faces": {
				"north": {"uv": [0, 9.6, 1.6, 8.8], "rotation": 90, "texture": "#particle"},
				"east": {"uv": [0, 9.6, 1.6, 8.8], "rotation": 270, "texture": "#particle"},
				"south": {"uv": [0, 9.6, 1.6, 8.8], "rotation": 270, "texture": "#particle"},
				"west": {"uv": [0, 9.6, 1.6, 8.8], "rotation": 270, "texture": "#particle"},
				"up": {"uv": [0, 9.6, 1.6, 8.8], "rotation": 270, "texture": "#particle"},
				"down": {"uv": [0, 9.6, 1.6, 8.8], "rotation": 270, "texture": "#particle"}
			}
		},
		{
			"from": [5, 20.5, 8],
			"to": [6, 21, 9],
			"rotation": {"angle": 0, "axis": "x", "origin": [8.00739, 16.64918, 8.124]},
			"faces": {
				"north": {"uv": [0, 9.6, 1.6, 8.8], "rotation": 90, "texture": "#particle"},
				"east": {"uv": [0, 9.6, 1.6, 8.8], "rotation": 270, "texture": "#particle"},
				"south": {"uv": [0, 9.6, 1.6, 8.8], "rotation": 270, "texture": "#particle"},
				"west": {"uv": [0, 9.6, 1.6, 8.8], "rotation": 270, "texture": "#particle"},
				"up": {"uv": [0, 9.6, 1.6, 8.8], "rotation": 270, "texture": "#particle"},
				"down": {"uv": [0, 9.6, 1.6, 8.8], "rotation": 270, "texture": "#particle"}
			}
		},
		{
			"from": [4, 21, 8],
			"to": [7, 26, 9],
			"rotation": {"angle": 0, "axis": "x", "origin": [8.00739, 16.64918, 8.124]},
			"faces": {
				"north": {"uv": [4, 13.6, 8, 16], "rotation": 270, "texture": "#particle"},
				"east": {"uv": [0.8, 2.4, 4.8, 3.2], "rotation": 90, "texture": "#particle"},
				"south": {"uv": [0, 6.4, 4, 8.8], "rotation": 90, "texture": "#particle"},
				"west": {"uv": [0.8, 2.4, 4.8, 3.2], "rotation": 90, "texture": "#particle"},
				"up": {"uv": [2.4, 0.8, 3.2, 3.2], "rotation": 90, "texture": "#particle"},
				"down": {"uv": [2.4, 0.8, 3.2, 3.2], "rotation": 90, "texture": "#particle"}
			}
		},
		{
			"from": [5, 26, 8],
			"to": [6, 26.5, 9],
			"rotation": {"angle": 0, "axis": "x", "origin": [8.00739, 16.64918, 8.124]},
			"faces": {
				"north": {"uv": [0, 9.6, 1.6, 8.8], "rotation": 90, "texture": "#particle"},
				"east": {"uv": [0, 9.6, 1.6, 8.8], "rotation": 270, "texture": "#particle"},
				"south": {"uv": [0, 9.6, 1.6, 8.8], "rotation": 270, "texture": "#particle"},
				"west": {"uv": [0, 9.6, 1.6, 8.8], "rotation": 270, "texture": "#particle"},
				"up": {"uv": [0, 9.6, 1.6, 8.8], "rotation": 270, "texture": "#particle"},
				"down": {"uv": [0, 9.6, 1.6, 8.8], "rotation": 270, "texture": "#particle"}
			}
		},
		{
			"from": [10, 26, 8],
			"to": [11, 26.5, 9],
			"rotation": {"angle": 0, "axis": "x", "origin": [8.00739, 16.64918, 8.124]},
			"faces": {
				"north": {"uv": [0, 9.6, 1.6, 8.8], "rotation": 90, "texture": "#particle"},
				"east": {"uv": [0, 9.6, 1.6, 8.8], "rotation": 270, "texture": "#particle"},
				"south": {"uv": [0, 9.6, 1.6, 8.8], "rotation": 270, "texture": "#particle"},
				"west": {"uv": [0, 9.6, 1.6, 8.8], "rotation": 270, "texture": "#particle"},
				"up": {"uv": [0, 9.6, 1.6, 8.8], "rotation": 270, "texture": "#particle"},
				"down": {"uv": [0, 9.6, 1.6, 8.8], "rotation": 270, "texture": "#particle"}
			}
		},
		{
			"from": [9, 26.5, 8],
			"to": [12, 31.5, 9],
			"rotation": {"angle": 0, "axis": "x", "origin": [8.00739, 16.64918, 8.124]},
			"faces": {
				"north": {"uv": [4, 13.6, 8, 16], "rotation": 90, "texture": "#particle"},
				"east": {"uv": [0.8, 2.4, 4.8, 3.2], "rotation": 90, "texture": "#particle"},
				"south": {"uv": [0, 1.6, 4, 4], "rotation": 90, "texture": "#particle"},
				"west": {"uv": [0.8, 2.4, 4.8, 3.2], "rotation": 90, "texture": "#particle"},
				"up": {"uv": [2.4, 0.8, 3.2, 3.2], "rotation": 90, "texture": "#particle"},
				"down": {"uv": [2.4, 0.8, 3.2, 3.2], "rotation": 90, "texture": "#particle"}
			}
		},
		{
			"from": [4, 26.5, 8],
			"to": [7, 31.5, 9],
			"rotation": {"angle": 0, "axis": "x", "origin": [8.00739, 16.64918, 8.124]},
			"faces": {
				"north": {"uv": [4, 13.6, 8, 16], "rotation": 270, "texture": "#particle"},
				"east": {"uv": [0.8, 2.4, 4.8, 3.2], "rotation": 90, "texture": "#particle"},
				"south": {"uv": [3.2, 0, 7.2, 2.4], "rotation": 90, "texture": "#particle"},
				"west": {"uv": [0.8, 2.4, 4.8, 3.2], "rotation": 90, "texture": "#particle"},
				"up": {"uv": [2.4, 0.8, 3.2, 3.2], "rotation": 90, "texture": "#particle"},
				"down": {"uv": [2.4, 0.8, 3.2, 3.2], "rotation": 90, "texture": "#particle"}
			}
		},
		{
			"from": [5.5, 16, 5.9],
			"to": [6.5, 17, 6.9],
			"rotation": {"angle": 0, "axis": "x", "origin": [8.00739, 16.64918, 7.124]},
			"faces": {
				"north": {"uv": [0, 15.2, 0.8, 16], "texture": "#particle"},
				"east": {"uv": [0, 15.2, 0.8, 16], "texture": "#particle"},
				"south": {"uv": [0, 15.2, 0.8, 16], "texture": "#particle"},
				"west": {"uv": [0, 15.2, 0.8, 16], "texture": "#particle"},
				"up": {"uv": [0, 15.2, 0.8, 16], "texture": "#particle"},
				"down": {"uv": [0, 15.2, 0.8, 16], "texture": "#particle"}
			}
		},
		{
			"from": [9.5, 16, 5.9],
			"to": [10.5, 17, 6.9],
			"rotation": {"angle": 0, "axis": "x", "origin": [8.00739, 16.64918, 7.124]},
			"faces": {
				"north": {"uv": [0, 15.2, 0.8, 16], "texture": "#particle"},
				"east": {"uv": [0, 15.2, 0.8, 16], "texture": "#particle"},
				"south": {"uv": [0, 15.2, 0.8, 16], "texture": "#particle"},
				"west": {"uv": [0, 15.2, 0.8, 16], "texture": "#particle"},
				"up": {"uv": [0, 15.2, 0.8, 16], "texture": "#particle"},
				"down": {"uv": [0, 15.2, 0.8, 16], "texture": "#particle"}
			}
		},
		{
			"from": [4, 15.5, 6],
			"to": [12, 19.5, 13],
			"rotation": {"angle": 0, "axis": "x", "origin": [8.00739, 16.64918, 7.124]},
			"faces": {
				"north": {"uv": [13.6, 12, 16, 12.8], "texture": "#particle"},
				"east": {"uv": [0, 0, 5.6, 3.2], "texture": "#particle"},
				"south": {"uv": [0, 0, 6.4, 3.2], "rotation": 180, "texture": "#particle"},
				"west": {"uv": [0, 0, 5.6, 3.2], "texture": "#particle"},
				"up": {"uv": [0, 0, 6.4, 5.6], "texture": "#particle"},
				"down": {"uv": [0, 0, 6.4, 3.2], "texture": "#particle"}
			}
		},
		{
			"from": [5, 19.5, 6],
			"to": [11, 20.5, 12],
			"rotation": {"angle": 0, "axis": "x", "origin": [8.00739, 16.64918, 7.124]},
			"faces": {
				"north": {"uv": [0, 0, 4.8, 0.8], "texture": "#particle"},
				"east": {"uv": [0, 0, 5.6, 3.2], "texture": "#particle"},
				"south": {"uv": [0, 0, 6.4, 3.2], "rotation": 180, "texture": "#particle"},
				"west": {"uv": [0, 0, 5.6, 3.2], "texture": "#particle"},
				"up": {"uv": [0, 0, 4.8, 4.8], "texture": "#particle"},
				"down": {"uv": [0, 0, 6.4, 3.2], "texture": "#particle"}
			}
		},
		{
			"from": [4, 13.5, 5],
			"to": [12, 15.5, 8],
			"rotation": {"angle": 0, "axis": "x", "origin": [8.00739, 16.64918, 7.124]},
			"faces": {
				"north": {"uv": [0, 0, 4, 1.6], "texture": "#particle"},
				"east": {"uv": [0, 0, 2.4, 1.6], "texture": "#particle"},
				"south": {"uv": [0, 0, 3.2, 2.4], "texture": "#particle"},
				"west": {"uv": [0, 0, 2.4, 1.6], "texture": "#particle"},
				"up": {"uv": [8.8, 9.6, 12.8, 10.4], "texture": "#particle"},
				"down": {"uv": [8.8, 10.4, 13.6, 12], "texture": "#particle"}
			}
		},
		{
			"name": "Neck",
			"from": [-2.10051, 3.65685, 3],
			"to": [10.89949, 6.65685, 4],
			"rotation": {"angle": -22.5, "axis": "z", "origin": [9.89949, 5.65685, 0.5]},
			"faces": {
				"north": {"uv": [10.4, 12.8, 14.4, 16], "texture": "#particle"},
				"east": {"uv": [10.4, 12.8, 14.4, 16], "texture": "#particle"},
				"south": {"uv": [10.4, 12.8, 14.4, 16], "texture": "#particle"},
				"west": {"uv": [10.4, 12.8, 14.4, 16], "texture": "#particle"},
				"up": {"uv": [10.4, 14.4, 14.4, 15.2], "texture": "#particle"},
				"down": {"uv": [10.4, 15.2, 14.4, 16], "texture": "#particle"}
			}
		},
		{
			"name": "Neck",
			"from": [10.89949, 2.65685, 3],
			"to": [14.89949, 7.65685, 4],
			"rotation": {"angle": -22.5, "axis": "z", "origin": [9.89949, 5.65685, 0.5]},
			"faces": {
				"north": {"uv": [8.8, 12, 10.4, 14.4], "texture": "#particle"},
				"east": {"uv": [8, 12.8, 8.8, 14.4], "rotation": 90, "texture": "#particle"},
				"south": {"uv": [8, 12.8, 8.8, 14.4], "rotation": 90, "texture": "#particle"},
				"west": {"uv": [8, 12.8, 8.8, 14.4], "rotation": 90, "texture": "#particle"},
				"up": {"uv": [8, 12.8, 8.8, 14.4], "rotation": 90, "texture": "#particle"},
				"down": {"uv": [8, 12.8, 8.8, 14.4], "rotation": 90, "texture": "#particle"}
			}
		},
		{
			"name": "Neck",
			"from": [-4.10051, 2.65685, 3],
			"to": [-2.10051, 7.65685, 4],
			"rotation": {"angle": -22.5, "axis": "z", "origin": [9.89949, 5.65685, 0.5]},
			"faces": {
				"north": {"uv": [0, 8.8, 4, 10.4], "rotation": 90, "texture": "#particle"},
				"east": {"uv": [0, 8.8, 4, 9.6], "rotation": 90, "texture": "#particle"},
				"south": {"uv": [0, 8.8, 3.2, 10.4], "rotation": 90, "texture": "#particle"},
				"west": {"uv": [0, 8.8, 4, 9.6], "rotation": 90, "texture": "#particle"},
				"up": {"uv": [0, 8.8, 0.8, 10.4], "rotation": 90, "texture": "#particle"},
				"down": {"uv": [0, 8.8, 0.8, 10.4], "rotation": 90, "texture": "#particle"}
			}
		},
		{
			"name": "Neck",
			"from": [-6.10051, 3.65685, 3],
			"to": [-4.10051, 6.65685, 4],
			"rotation": {"angle": -22.5, "axis": "z", "origin": [9.89949, 5.65685, 0.5]},
			"faces": {
				"north": {"uv": [0, 8.8, 2.4, 10.4], "rotation": 90, "texture": "#particle"},
				"east": {"uv": [0, 8.8, 2.4, 10.4], "rotation": 90, "texture": "#particle"},
				"south": {"uv": [0, 8.8, 2.4, 10.4], "rotation": 90, "texture": "#particle"},
				"west": {"uv": [0, 8.8, 0.8, 11.2], "rotation": 90, "texture": "#particle"},
				"up": {"uv": [0, 8.8, 0.8, 10.4], "rotation": 90, "texture": "#particle"},
				"down": {"uv": [0, 8.8, 0.8, 10.4], "rotation": 90, "texture": "#particle"}
			}
		},
		{
			"name": "Neck",
			"from": [-8.10051, 4.65685, 3],
			"to": [-6.10051, 5.65685, 4],
			"rotation": {"angle": -22.5, "axis": "z", "origin": [9.89949, 5.65685, 0.5]},
			"faces": {
				"north": {"uv": [0, 8.8, 0.8, 10.4], "rotation": 90, "texture": "#particle"},
				"east": {"uv": [0.8, 8.8, 1.6, 9.6], "rotation": 90, "texture": "#particle"},
				"south": {"uv": [0, 8.8, 0.8, 10.4], "rotation": 90, "texture": "#particle"},
				"west": {"uv": [0.8, 8.8, 1.6, 9.6], "rotation": 90, "texture": "#particle"},
				"up": {"uv": [0, 8.8, 0.8, 10.4], "rotation": 90, "texture": "#particle"},
				"down": {"uv": [0, 8.8, 0.8, 10.4], "rotation": 90, "texture": "#particle"}
			}
		},
		{
			"name": "Neck",
			"from": [14.89949, 1.65685, 3],
			"to": [16.89949, 8.65685, 4],
			"rotation": {"angle": -22.5, "axis": "z", "origin": [9.89949, 5.65685, 0.5]},
			"faces": {
				"north": {"uv": [3.2, 12.8, 8.8, 13.6], "rotation": 90, "texture": "#particle"},
				"east": {"uv": [8, 13.6, 8.8, 14.4], "rotation": 90, "texture": "#particle"},
				"south": {"uv": [8, 13.6, 8.8, 14.4], "rotation": 90, "texture": "#particle"},
				"west": {"uv": [8, 13.6, 8.8, 14.4], "rotation": 90, "texture": "#particle"},
				"up": {"uv": [8, 13.6, 8.8, 14.4], "rotation": 90, "texture": "#particle"},
				"down": {"uv": [8, 13.6, 8.8, 14.4], "rotation": 90, "texture": "#particle"}
			}
		},
		{
			"name": "Neck",
			"from": [16.89949, 0.65685, 3],
			"to": [18.89949, 4.65685, 4],
			"rotation": {"angle": -22.5, "axis": "z", "origin": [9.89949, 5.65685, 0.5]},
			"faces": {
				"north": {"uv": [8, 12, 9.6, 14.4], "texture": "#particle"},
				"east": {"uv": [8, 13.6, 8.8, 14.4], "rotation": 90, "texture": "#particle"},
				"south": {"uv": [8, 13.6, 8.8, 14.4], "rotation": 90, "texture": "#particle"},
				"west": {"uv": [8, 12, 8.8, 13.6], "rotation": 90, "texture": "#particle"},
				"up": {"uv": [8, 13.6, 8.8, 14.4], "rotation": 90, "texture": "#particle"},
				"down": {"uv": [8, 12.8, 8.8, 14.4], "rotation": 90, "texture": "#particle"}
			}
		},
		{
			"name": "Neck",
			"from": [16.89949, 5.65685, 3],
			"to": [18.89949, 9.65685, 4],
			"rotation": {"angle": -22.5, "axis": "z", "origin": [9.89949, 5.65685, 0.5]},
			"faces": {
				"north": {"uv": [8, 12, 9.6, 14.4], "texture": "#particle"},
				"east": {"uv": [8, 13.6, 8.8, 14.4], "rotation": 90, "texture": "#particle"},
				"south": {"uv": [8, 13.6, 8.8, 14.4], "rotation": 90, "texture": "#particle"},
				"west": {"uv": [8, 12.8, 8.8, 14.4], "rotation": 90, "texture": "#particle"},
				"up": {"uv": [8, 13.6, 8.8, 14.4], "rotation": 90, "texture": "#particle"},
				"down": {"uv": [8, 13.6, 8.8, 14.4], "rotation": 90, "texture": "#particle"}
			}
		},
		{
			"name": "Neck",
			"from": [18.89949, 0.65685, 3],
			"to": [21.89949, 2.65685, 4],
			"rotation": {"angle": -22.5, "axis": "z", "origin": [9.89949, 5.65685, 0.5]},
			"faces": {
				"north": {"uv": [8, 13.6, 8.8, 14.4], "rotation": 90, "texture": "#particle"},
				"east": {"uv": [8, 13.6, 8.8, 14.4], "rotation": 90, "texture": "#particle"},
				"south": {"uv": [8, 13.6, 8.8, 14.4], "rotation": 90, "texture": "#particle"},
				"west": {"uv": [8, 13.6, 8.8, 14.4], "rotation": 90, "texture": "#particle"},
				"up": {"uv": [8, 13.6, 8.8, 14.4], "rotation": 90, "texture": "#particle"},
				"down": {"uv": [8, 13.6, 8.8, 14.4], "rotation": 90, "texture": "#particle"}
			}
		},
		{
			"name": "Neck",
			"from": [18.89949, 7.65685, 3],
			"to": [21.89949, 9.65685, 4],
			"rotation": {"angle": -22.5, "axis": "z", "origin": [9.89949, 5.65685, 0.5]},
			"faces": {
				"north": {"uv": [8, 13.6, 8.8, 14.4], "rotation": 90, "texture": "#particle"},
				"east": {"uv": [8, 13.6, 8.8, 14.4], "rotation": 90, "texture": "#particle"},
				"south": {"uv": [8, 13.6, 8.8, 14.4], "rotation": 90, "texture": "#particle"},
				"west": {"uv": [8, 13.6, 8.8, 14.4], "rotation": 90, "texture": "#particle"},
				"up": {"uv": [8, 13.6, 8.8, 14.4], "rotation": 90, "texture": "#particle"},
				"down": {"uv": [8, 13.6, 8.8, 14.4], "rotation": 90, "texture": "#particle"}
			}
		},
		{
			"name": "Neck",
			"from": [18.89949, 6.65685, 3],
			"to": [19.89949, 7.65685, 4],
			"rotation": {"angle": -22.5, "axis": "z", "origin": [9.89949, 5.65685, 0.5]},
			"faces": {
				"north": {"uv": [8, 13.6, 8.8, 14.4], "rotation": 90, "texture": "#particle"},
				"east": {"uv": [8, 13.6, 8.8, 14.4], "rotation": 90, "texture": "#particle"},
				"south": {"uv": [8, 13.6, 8.8, 14.4], "rotation": 90, "texture": "#particle"},
				"west": {"uv": [8, 13.6, 8.8, 14.4], "rotation": 90, "texture": "#particle"},
				"up": {"uv": [8, 13.6, 8.8, 14.4], "rotation": 90, "texture": "#particle"},
				"down": {"uv": [8, 13.6, 8.8, 14.4], "rotation": 90, "texture": "#particle"}
			}
		},
		{
			"name": "Neck",
			"from": [18.89949, 2.65685, 3],
			"to": [19.89949, 3.65685, 4],
			"rotation": {"angle": -22.5, "axis": "z", "origin": [9.89949, 5.65685, 0.5]},
			"faces": {
				"north": {"uv": [8, 13.6, 8.8, 14.4], "rotation": 90, "texture": "#particle"},
				"east": {"uv": [8, 13.6, 8.8, 14.4], "rotation": 90, "texture": "#particle"},
				"south": {"uv": [8, 13.6, 8.8, 14.4], "rotation": 90, "texture": "#particle"},
				"west": {"uv": [8, 13.6, 8.8, 14.4], "rotation": 90, "texture": "#particle"},
				"up": {"uv": [8, 13.6, 8.8, 14.4], "rotation": 90, "texture": "#particle"},
				"down": {"uv": [8, 13.6, 8.8, 14.4], "rotation": 90, "texture": "#particle"}
			}
		},
		{
			"name": "Neck",
			"from": [21.89949, 0.65685, 3],
			"to": [22.89949, 1.65685, 4],
			"rotation": {"angle": -22.5, "axis": "z", "origin": [9.89949, 5.65685, 0.5]},
			"faces": {
				"north": {"uv": [8, 13.6, 8.8, 14.4], "rotation": 90, "texture": "#particle"},
				"east": {"uv": [8, 13.6, 8.8, 14.4], "rotation": 90, "texture": "#particle"},
				"south": {"uv": [8, 13.6, 8.8, 14.4], "rotation": 90, "texture": "#particle"},
				"west": {"uv": [8, 13.6, 8.8, 14.4], "rotation": 90, "texture": "#particle"},
				"up": {"uv": [8, 13.6, 8.8, 14.4], "rotation": 90, "texture": "#particle"},
				"down": {"uv": [8, 13.6, 8.8, 14.4], "rotation": 90, "texture": "#particle"}
			}
		},
		{
			"name": "Neck",
			"from": [21.89949, 8.65685, 3],
			"to": [22.89949, 9.65685, 4],
			"rotation": {"angle": -22.5, "axis": "z", "origin": [9.89949, 5.65685, 0.5]},
			"faces": {
				"north": {"uv": [8, 13.6, 8.8, 14.4], "rotation": 90, "texture": "#particle"},
				"east": {"uv": [8, 13.6, 8.8, 14.4], "rotation": 90, "texture": "#particle"},
				"south": {"uv": [8, 13.6, 8.8, 14.4], "rotation": 90, "texture": "#particle"},
				"west": {"uv": [8, 13.6, 8.8, 14.4], "rotation": 90, "texture": "#particle"},
				"up": {"uv": [8, 13.6, 8.8, 14.4], "rotation": 90, "texture": "#particle"},
				"down": {"uv": [8, 13.6, 8.8, 14.4], "rotation": 90, "texture": "#particle"}
			}
		}
	],
	"display": {
		"thirdperson_righthand": {
			"rotation": [-180, 31, -123],
			"translation": [-4.25, 2.75, 0]
		},
		"firstperson_righthand": {
			"rotation": [113, 57, -83],
			"translation": [0, 0, -1.5]
		},
		"ground": {
			"scale": [0.4, 0.4, 0.4]
		},
		"gui": {
			"rotation": [0, -180, 0],
			"translation": [0.25, 1.75, 0],
			"scale": [0.4, 0.4, 0.4]
		},
		"head": {
			"translation": [0, -5, -2],
			"scale": [1.66, 1.66, 1.66]
		},
		"fixed": {
			"translation": [0, -1.25, -0.5]
		}
	},
	"groups": [
		{
			"name": "Ear2",
			"origin": [0, 0, 0],
			"color": 0,
			"children": []
		},
		{
			"name": "Ear1",
			"origin": [0, 0, 0],
			"color": 0,
			"children": []
		},
		{
			"name": "LeftLeg",
			"origin": [0, 5, 0],
			"color": 0,
			"children": [
				{
					"name": "LeftFoot",
					"origin": [0, 5, 0],
					"color": 0,
					"children": [0, 1, 2]
				}, 3, 4, 5, 6]
		},
		{
			"name": "RightLeg",
			"origin": [0, 5, 0],
			"color": 0,
			"children": [7, 8, 9, 10,
				{
					"name": "RightFoot",
					"origin": [0, 5, 0],
					"color": 0,
					"children": [11, 12, 13]
				}
			]
		},
		{
			"name": "LeftArm",
			"origin": [0, 5, 0],
			"color": 0,
			"children": [14, 15, 16, 17, 18, 19]
		},
		{
			"name": "RightArm",
			"origin": [0, 5, 0],
			"color": 0,
			"children": [20, 21, 22, 23, 24, 25]
		}, 26,
		{
			"name": "Body",
			"origin": [0, 0, 0],
			"color": 0,
			"children": [27, 28, 29, 30, 31, 32, 33, 34]
		},
		{
			"name": "Head",
			"origin": [0, 5, 0],
			"color": 0,
			"children": [35, 36, 37, 38, 39, 40, 41, 42, 43, 44, 45, 46, 47, 48, 49, 50, 51, 52, 53, 54, 55, 56, 57, 58, 59, 60]
		},
		{
			"name": "Guitar",
			"origin": [8, 8, 8],
			"color": 0,
			"children": [61, 62, 63, 64, 65, 66, 67, 68, 69, 70, 71, 72, 73, 74]
		}
	]
}