{
	"credit": "Made with Blockbench",
	"texture_size": [1, 1],
	"textures": {
		"particle": "fnaf_texture/fnaf1_texture/bonnie/bonnie_skin"
	},
	"elements": [
		{
			"from": [3.5, -14.5, 7.5],
			"to": [6.5, -12.5, 10.5],
			"rotation": {"angle": 0, "axis": "y", "origin": [5, -2.75, 8.57143]},
			"faces": {
				"north": {"uv": [15.2, 8.8, 16, 9.6], "rotation": 90, "texture": "#particle"},
				"east": {"uv": [15.2, 8.8, 16, 9.6], "rotation": 90, "texture": "#particle"},
				"south": {"uv": [15.2, 8.8, 16, 9.6], "rotation": 90, "texture": "#particle"},
				"west": {"uv": [15.2, 8.8, 16, 9.6], "rotation": 90, "texture": "#particle"},
				"up": {"uv": [15.2, 8.8, 16, 9.6], "rotation": 90, "texture": "#particle"},
				"down": {"uv": [15.2, 8.8, 16, 9.6], "rotation": 90, "texture": "#particle"}
			}
		},
		{
			"from": [3, -13.5, 7],
			"to": [7, -8.5, 11],
			"rotation": {"angle": 0, "axis": "x", "origin": [5, -2.75, 9]},
			"faces": {
				"north": {"uv": [14.4, 8.8, 15.2, 9.6], "texture": "#particle"},
				"east": {"uv": [14.4, 8.8, 15.2, 9.6], "texture": "#particle"},
				"south": {"uv": [14.4, 8.8, 15.2, 9.6], "texture": "#particle"},
				"west": {"uv": [14.4, 8.8, 15.2, 9.6], "texture": "#particle"},
				"up": {"uv": [14.4, 8.8, 15.2, 9.6], "texture": "#particle"},
				"down": {"uv": [14.4, 8.8, 15.2, 9.6], "texture": "#particle"}
			}
		},
		{
			"from": [3.5, -9, 7.5],
			"to": [6.5, -7, 10.5],
			"rotation": {"angle": 0, "axis": "x", "origin": [5, -2.75, 9]},
			"faces": {
				"north": {"uv": [15.2, 8.8, 16, 9.6], "rotation": 90, "texture": "#particle"},
				"east": {"uv": [15.2, 8.8, 16, 9.6], "rotation": 90, "texture": "#particle"},
				"south": {"uv": [15.2, 8.8, 16, 9.6], "rotation": 90, "texture": "#particle"},
				"west": {"uv": [15.2, 8.8, 16, 9.6], "rotation": 90, "texture": "#particle"},
				"up": {"uv": [15.2, 8.8, 16, 9.6], "rotation": 90, "texture": "#particle"},
				"down": {"uv": [15.2, 8.8, 16, 9.6], "rotation": 90, "texture": "#particle"}
			}
		},
		{
			"from": [3, -8, 7],
			"to": [7, -3, 11],
			"rotation": {"angle": 0, "axis": "x", "origin": [5, -2.75, 9]},
			"faces": {
				"north": {"uv": [14.4, 8.8, 15.2, 9.6], "texture": "#particle"},
				"east": {"uv": [14.4, 8.8, 15.2, 9.6], "texture": "#particle"},
				"south": {"uv": [14.4, 8.8, 15.2, 9.6], "texture": "#particle"},
				"west": {"uv": [14.4, 8.8, 15.2, 9.6], "texture": "#particle"},
				"up": {"uv": [14.4, 8.8, 15.2, 9.6], "texture": "#particle"},
				"down": {"uv": [14.4, 8.8, 15.2, 9.6], "texture": "#particle"}
			}
		},
		{
			"from": [3.5, -3.5, 7.5],
			"to": [6.5, -1.5, 10.5],
			"rotation": {"angle": 0, "axis": "x", "origin": [5, -2.75, 9]},
			"faces": {
				"north": {"uv": [15.2, 8.8, 16, 9.6], "rotation": 90, "texture": "#particle"},
				"east": {"uv": [15.2, 8.8, 16, 9.6], "rotation": 90, "texture": "#particle"},
				"south": {"uv": [15.2, 8.8, 16, 9.6], "rotation": 90, "texture": "#particle"},
				"west": {"uv": [15.2, 8.8, 16, 9.6], "rotation": 90, "texture": "#particle"},
				"up": {"uv": [15.2, 8.8, 16, 9.6], "rotation": 90, "texture": "#particle"},
				"down": {"uv": [15.2, 8.8, 16, 9.6], "rotation": 90, "texture": "#particle"}
			}
		},
		{
			"from": [9.5, -3.5, 7.5],
			"to": [12.5, -1.5, 10.5],
			"rotation": {"angle": 0, "axis": "y", "origin": [11, -2.75, 9]},
			"faces": {
				"north": {"uv": [15.2, 8.8, 16, 9.6], "rotation": 90, "texture": "#particle"},
				"east": {"uv": [15.2, 8.8, 16, 9.6], "rotation": 90, "texture": "#particle"},
				"south": {"uv": [15.2, 8.8, 16, 9.6], "rotation": 90, "texture": "#particle"},
				"west": {"uv": [15.2, 8.8, 16, 9.6], "rotation": 90, "texture": "#particle"},
				"up": {"uv": [15.2, 8.8, 16, 9.6], "rotation": 90, "texture": "#particle"},
				"down": {"uv": [15.2, 8.8, 16, 9.6], "rotation": 90, "texture": "#particle"}
			}
		},
		{
			"from": [9, -8, 7],
			"to": [13, -3, 11],
			"rotation": {"angle": 0, "axis": "y", "origin": [11, -2.75, 9]},
			"faces": {
				"north": {"uv": [14.4, 8.8, 15.2, 9.6], "texture": "#particle"},
				"east": {"uv": [14.4, 8.8, 15.2, 9.6], "texture": "#particle"},
				"south": {"uv": [14.4, 8.8, 15.2, 9.6], "texture": "#particle"},
				"west": {"uv": [14.4, 8.8, 15.2, 9.6], "texture": "#particle"},
				"up": {"uv": [14.4, 8.8, 15.2, 9.6], "texture": "#particle"},
				"down": {"uv": [14.4, 8.8, 15.2, 9.6], "texture": "#particle"}
			}
		},
		{
			"from": [9.5, -9, 7.5],
			"to": [12.5, -7, 10.5],
			"rotation": {"angle": 0, "axis": "y", "origin": [11, -2.75, 9]},
			"faces": {
				"north": {"uv": [15.2, 8.8, 16, 9.6], "rotation": 90, "texture": "#particle"},
				"east": {"uv": [15.2, 8.8, 16, 9.6], "rotation": 90, "texture": "#particle"},
				"south": {"uv": [15.2, 8.8, 16, 9.6], "rotation": 90, "texture": "#particle"},
				"west": {"uv": [15.2, 8.8, 16, 9.6], "rotation": 90, "texture": "#particle"},
				"up": {"uv": [15.2, 8.8, 16, 9.6], "rotation": 90, "texture": "#particle"},
				"down": {"uv": [15.2, 8.8, 16, 9.6], "rotation": 90, "texture": "#particle"}
			}
		},
		{
			"from": [9, -13.5, 7],
			"to": [13, -8.5, 11],
			"rotation": {"angle": 0, "axis": "y", "origin": [11, -2.75, 9]},
			"faces": {
				"north": {"uv": [14.4, 8.8, 15.2, 9.6], "texture": "#particle"},
				"east": {"uv": [14.4, 8.8, 15.2, 9.6], "texture": "#particle"},
				"south": {"uv": [14.4, 8.8, 15.2, 9.6], "texture": "#particle"},
				"west": {"uv": [14.4, 8.8, 15.2, 9.6], "texture": "#particle"},
				"up": {"uv": [14.4, 8.8, 15.2, 9.6], "texture": "#particle"},
				"down": {"uv": [14.4, 8.8, 15.2, 9.6], "texture": "#particle"}
			}
		},
		{
			"from": [8, -16, 4],
			"to": [14, -14, 7],
			"rotation": {"angle": 0, "axis": "y", "origin": [11, -2.75, 9]},
			"faces": {
				"north": {"uv": [14.4, 8.8, 16, 9.6], "rotation": 90, "texture": "#particle"},
				"east": {"uv": [14.4, 8.8, 16, 9.6], "rotation": 90, "texture": "#particle"},
				"south": {"uv": [14.4, 8.8, 16, 9.6], "rotation": 90, "texture": "#particle"},
				"west": {"uv": [14.4, 8.8, 15.2, 9.6], "texture": "#particle"},
				"up": {"uv": [14.4, 8.8, 15.2, 9.6], "texture": "#particle"},
				"down": {"uv": [14.4, 8.8, 15.2, 9.6], "texture": "#particle"}
			}
		},
		{
			"from": [2, -16, 4],
			"to": [8, -14, 7],
			"rotation": {"angle": 0, "axis": "y", "origin": [11, -2.75, 9]},
			"faces": {
				"north": {"uv": [14.4, 8.8, 16, 9.6], "rotation": 90, "texture": "#particle"},
				"east": {"uv": [14.4, 8.8, 16, 9.6], "rotation": 90, "texture": "#particle"},
				"south": {"uv": [14.4, 8.8, 16, 9.6], "rotation": 90, "texture": "#particle"},
				"west": {"uv": [14.4, 8.8, 16, 9.6], "rotation": 90, "texture": "#particle"},
				"up": {"uv": [14.4, 8.8, 15.2, 9.6], "texture": "#particle"},
				"down": {"uv": [14.4, 8.8, 15.2, 9.6], "texture": "#particle"}
			}
		},
		{
			"from": [9.5, -14.5, 7.5],
			"to": [12.5, -12.5, 10.5],
			"rotation": {"angle": 0, "axis": "y", "origin": [11, -2.75, 9]},
			"faces": {
				"north": {"uv": [15.2, 8.8, 16, 9.6], "rotation": 90, "texture": "#particle"},
				"east": {"uv": [15.2, 8.8, 16, 9.6], "rotation": 90, "texture": "#particle"},
				"south": {"uv": [15.2, 8.8, 16, 9.6], "rotation": 90, "texture": "#particle"},
				"west": {"uv": [15.2, 8.8, 16, 9.6], "rotation": 90, "texture": "#particle"},
				"up": {"uv": [15.2, 8.8, 16, 9.6], "rotation": 90, "texture": "#particle"},
				"down": {"uv": [15.2, 8.8, 16, 9.6], "rotation": 90, "texture": "#particle"}
			}
		},
		{
			"from": [9, -16, 7],
			"to": [13, -14, 11],
			"rotation": {"angle": 0, "axis": "y", "origin": [11, -2.75, 9]},
			"faces": {
				"north": {"uv": [7.2, 0, 8.8, 3.2], "rotation": 90, "texture": "#particle"},
				"east": {"uv": [14.4, 8.8, 16, 9.6], "rotation": 90, "texture": "#particle"},
				"south": {"uv": [14.4, 8.8, 16, 9.6], "rotation": 90, "texture": "#particle"},
				"west": {"uv": [14.4, 8.8, 16, 9.6], "rotation": 90, "texture": "#particle"},
				"up": {"uv": [14.4, 8.8, 15.2, 9.6], "rotation": 90, "texture": "#particle"},
				"down": {"uv": [15.2, 8.8, 16, 9.6], "rotation": 90, "texture": "#particle"}
			}
		},
		{
			"from": [3, -16, 7],
			"to": [7, -14, 11],
			"rotation": {"angle": 0, "axis": "y", "origin": [11, -2.75, 9]},
			"faces": {
				"north": {"uv": [7.2, 0, 8.8, 3.2], "rotation": 90, "texture": "#particle"},
				"east": {"uv": [14.4, 8.8, 16, 9.6], "rotation": 90, "texture": "#particle"},
				"south": {"uv": [14.4, 8.8, 16, 9.6], "rotation": 90, "texture": "#particle"},
				"west": {"uv": [14.4, 8.8, 16, 9.6], "rotation": 90, "texture": "#particle"},
				"up": {"uv": [14.4, 8.8, 15.2, 9.6], "rotation": 90, "texture": "#particle"},
				"down": {"uv": [15.2, 8.8, 16, 9.6], "rotation": 90, "texture": "#particle"}
			}
		},
		{
			"from": [-1, -3, 7],
			"to": [3, -1, 11],
			"rotation": {"angle": 0, "axis": "z", "origin": [1, 10, 9]},
			"faces": {
				"north": {"uv": [14.4, 8.8, 15.2, 9.6], "texture": "#particle"},
				"east": {"uv": [14.4, 8.8, 15.2, 9.6], "texture": "#particle"},
				"south": {"uv": [14.4, 8.8, 15.2, 9.6], "texture": "#particle"},
				"west": {"uv": [14.4, 8.8, 15.2, 9.6], "texture": "#particle"},
				"up": {"uv": [14.4, 8.8, 15.2, 9.6], "texture": "#particle"},
				"down": {"uv": [15.2, 8.8, 16, 9.6], "rotation": 90, "texture": "#particle"}
			}
		},
		{
			"from": [-0.5, -1.5, 7.5],
			"to": [2.5, 0.5, 10.5],
			"rotation": {"angle": 0, "axis": "z", "origin": [1, 10, 9]},
			"faces": {
				"north": {"uv": [15.2, 8.8, 16, 9.6], "rotation": 90, "texture": "#particle"},
				"east": {"uv": [15.2, 8.8, 16, 9.6], "rotation": 90, "texture": "#particle"},
				"south": {"uv": [15.2, 8.8, 16, 9.6], "rotation": 90, "texture": "#particle"},
				"west": {"uv": [15.2, 8.8, 16, 9.6], "rotation": 90, "texture": "#particle"},
				"up": {"uv": [15.2, 8.8, 16, 9.6], "rotation": 90, "texture": "#particle"},
				"down": {"uv": [15.2, 8.8, 16, 9.6], "rotation": 90, "texture": "#particle"}
			}
		},
		{
			"from": [-1, -0.5, 7],
			"to": [3, 4.5, 11],
			"rotation": {"angle": 0, "axis": "z", "origin": [1, 10, 9]},
			"faces": {
				"north": {"uv": [14.4, 8.8, 15.2, 9.6], "texture": "#particle"},
				"east": {"uv": [14.4, 8.8, 15.2, 9.6], "texture": "#particle"},
				"south": {"uv": [14.4, 8.8, 15.2, 9.6], "texture": "#particle"},
				"west": {"uv": [14.4, 8.8, 15.2, 9.6], "texture": "#particle"},
				"up": {"uv": [14.4, 8.8, 15.2, 9.6], "texture": "#particle"},
				"down": {"uv": [14.4, 8.8, 15.2, 9.6], "texture": "#particle"}
			}
		},
		{
			"from": [-0.5, 4, 7.5],
			"to": [2.5, 6, 10.5],
			"rotation": {"angle": 0, "axis": "z", "origin": [1, 10, 9]},
			"faces": {
				"north": {"uv": [15.2, 8.8, 16, 9.6], "rotation": 90, "texture": "#particle"},
				"east": {"uv": [15.2, 8.8, 16, 9.6], "rotation": 90, "texture": "#particle"},
				"south": {"uv": [15.2, 8.8, 16, 9.6], "rotation": 90, "texture": "#particle"},
				"west": {"uv": [15.2, 8.8, 16, 9.6], "rotation": 90, "texture": "#particle"},
				"up": {"uv": [15.2, 8.8, 16, 9.6], "rotation": 90, "texture": "#particle"},
				"down": {"uv": [15.2, 8.8, 16, 9.6], "rotation": 90, "texture": "#particle"}
			}
		},
		{
			"from": [-1, 5, 7],
			"to": [3, 10, 11],
			"rotation": {"angle": 0, "axis": "z", "origin": [1, 10, 9]},
			"faces": {
				"north": {"uv": [14.4, 8.8, 15.2, 9.6], "texture": "#particle"},
				"east": {"uv": [14.4, 8.8, 15.2, 9.6], "texture": "#particle"},
				"south": {"uv": [14.4, 8.8, 15.2, 9.6], "texture": "#particle"},
				"west": {"uv": [14.4, 8.8, 15.2, 9.6], "texture": "#particle"},
				"up": {"uv": [14.4, 8.8, 15.2, 9.6], "texture": "#particle"},
				"down": {"uv": [14.4, 8.8, 15.2, 9.6], "texture": "#particle"}
			}
		},
		{
			"from": [0.5, 9, 7.5],
			"to": [3, 11, 10.5],
			"rotation": {"angle": 0, "axis": "z", "origin": [1, 10, 9]},
			"faces": {
				"north": {"uv": [15.2, 8.8, 16, 9.6], "rotation": 90, "texture": "#particle"},
				"east": {"uv": [15.2, 8.8, 16, 9.6], "rotation": 90, "texture": "#particle"},
				"south": {"uv": [15.2, 8.8, 16, 9.6], "rotation": 90, "texture": "#particle"},
				"west": {"uv": [15.2, 8.8, 16, 9.6], "rotation": 90, "texture": "#particle"},
				"up": {"uv": [15.2, 8.8, 16, 9.6], "rotation": 90, "texture": "#particle"},
				"down": {"uv": [15.2, 8.8, 16, 9.6], "rotation": 90, "texture": "#particle"}
			}
		},
		{
			"from": [13, 9, 7.5],
			"to": [15.5, 11, 10.5],
			"rotation": {"angle": 0, "axis": "z", "origin": [15, 10, 9]},
			"faces": {
				"north": {"uv": [15.2, 8.8, 16, 9.6], "rotation": 90, "texture": "#particle"},
				"east": {"uv": [15.2, 8.8, 16, 9.6], "rotation": 90, "texture": "#particle"},
				"south": {"uv": [15.2, 8.8, 16, 9.6], "rotation": 90, "texture": "#particle"},
				"west": {"uv": [15.2, 8.8, 16, 9.6], "rotation": 90, "texture": "#particle"},
				"up": {"uv": [15.2, 8.8, 16, 9.6], "rotation": 90, "texture": "#particle"},
				"down": {"uv": [15.2, 8.8, 16, 9.6], "rotation": 90, "texture": "#particle"}
			}
		},
		{
			"from": [13, 5, 7],
			"to": [17, 10, 11],
			"rotation": {"angle": 0, "axis": "z", "origin": [15, 10, 9]},
			"faces": {
				"north": {"uv": [14.4, 8.8, 15.2, 9.6], "texture": "#particle"},
				"east": {"uv": [14.4, 8.8, 15.2, 9.6], "texture": "#particle"},
				"south": {"uv": [14.4, 8.8, 15.2, 9.6], "texture": "#particle"},
				"west": {"uv": [14.4, 8.8, 15.2, 9.6], "texture": "#particle"},
				"up": {"uv": [14.4, 8.8, 15.2, 9.6], "texture": "#particle"},
				"down": {"uv": [14.4, 8.8, 15.2, 9.6], "texture": "#particle"}
			}
		},
		{
			"from": [13.5, 4, 7.5],
			"to": [16.5, 6, 10.5],
			"rotation": {"angle": 0, "axis": "z", "origin": [15, 10, 9]},
			"faces": {
				"north": {"uv": [15.2, 8.8, 16, 9.6], "rotation": 90, "texture": "#particle"},
				"east": {"uv": [15.2, 8.8, 16, 9.6], "rotation": 90, "texture": "#particle"},
				"south": {"uv": [15.2, 8.8, 16, 9.6], "rotation": 90, "texture": "#particle"},
				"west": {"uv": [15.2, 8.8, 16, 9.6], "rotation": 90, "texture": "#particle"},
				"up": {"uv": [15.2, 8.8, 16, 9.6], "rotation": 90, "texture": "#particle"},
				"down": {"uv": [15.2, 8.8, 16, 9.6], "rotation": 90, "texture": "#particle"}
			}
		},
		{
			"from": [13, -0.5, 7],
			"to": [17, 4.5, 11],
			"rotation": {"angle": 0, "axis": "z", "origin": [15, 10, 9]},
			"faces": {
				"north": {"uv": [14.4, 8.8, 15.2, 9.6], "texture": "#particle"},
				"east": {"uv": [14.4, 8.8, 15.2, 9.6], "texture": "#particle"},
				"south": {"uv": [14.4, 8.8, 15.2, 9.6], "texture": "#particle"},
				"west": {"uv": [14.4, 8.8, 15.2, 9.6], "texture": "#particle"},
				"up": {"uv": [14.4, 8.8, 15.2, 9.6], "texture": "#particle"},
				"down": {"uv": [14.4, 8.8, 15.2, 9.6], "texture": "#particle"}
			}
		},
		{
			"from": [13.5, -1.5, 7.5],
			"to": [16.5, 0.5, 10.5],
			"rotation": {"angle": 0, "axis": "z", "origin": [15, 10, 9]},
			"faces": {
				"north": {"uv": [15.2, 8.8, 16, 9.6], "rotation": 90, "texture": "#particle"},
				"east": {"uv": [15.2, 8.8, 16, 9.6], "rotation": 90, "texture": "#particle"},
				"south": {"uv": [15.2, 8.8, 16, 9.6], "rotation": 90, "texture": "#particle"},
				"west": {"uv": [15.2, 8.8, 16, 9.6], "rotation": 90, "texture": "#particle"},
				"up": {"uv": [15.2, 8.8, 16, 9.6], "rotation": 90, "texture": "#particle"},
				"down": {"uv": [15.2, 8.8, 16, 9.6], "rotation": 90, "texture": "#particle"}
			}
		},
		{
			"from": [13, -3, 7],
			"to": [17, -1, 11],
			"rotation": {"angle": 0, "axis": "z", "origin": [15, 10, 9]},
			"faces": {
				"north": {"uv": [14.4, 8.8, 15.2, 9.6], "texture": "#particle"},
				"east": {"uv": [14.4, 8.8, 15.2, 9.6], "texture": "#particle"},
				"south": {"uv": [14.4, 8.8, 15.2, 9.6], "texture": "#particle"},
				"west": {"uv": [14.4, 8.8, 15.2, 9.6], "texture": "#particle"},
				"up": {"uv": [14.4, 8.8, 15.2, 9.6], "texture": "#particle"},
				"down": {"uv": [15.2, 8.8, 16, 9.6], "rotation": 90, "texture": "#particle"}
			}
		},
		{
			"from": [3, -2.5, 6],
			"to": [13, 0, 12],
			"rotation": {"angle": 0, "axis": "y", "origin": [8, 1, 9]},
			"faces": {
				"north": {"uv": [14.4, 8.8, 15.2, 9.6], "texture": "#particle"},
				"east": {"uv": [14.4, 8.8, 15.2, 9.6], "texture": "#particle"},
				"south": {"uv": [14.4, 8.8, 15.2, 9.6], "texture": "#particle"},
				"west": {"uv": [14.4, 8.8, 15.2, 9.6], "texture": "#particle"},
				"up": {"uv": [14.4, 8.8, 15.2, 9.6], "texture": "#particle"},
				"down": {"uv": [14.4, 8.8, 15.2, 9.6], "texture": "#particle"}
			}
		},
		{
			"from": [5.5, 0, 6.5],
			"to": [10.5, 2, 11.5],
			"rotation": {"angle": 0, "axis": "y", "origin": [8, 1, 9]},
			"faces": {
				"north": {"uv": [15.2, 8.8, 16, 9.6], "rotation": 90, "texture": "#particle"},
				"east": {"uv": [15.2, 8.8, 16, 9.6], "rotation": 90, "texture": "#particle"},
				"south": {"uv": [15.2, 8.8, 16, 9.6], "rotation": 90, "texture": "#particle"},
				"west": {"uv": [15.2, 8.8, 16, 9.6], "rotation": 90, "texture": "#particle"},
				"up": {"uv": [15.2, 8.8, 16, 9.6], "rotation": 90, "texture": "#particle"},
				"down": {"uv": [15.2, 8.8, 16, 9.6], "rotation": 90, "texture": "#particle"}
			}
		},
		{
			"from": [4, 0.5, 5],
			"to": [12, 7.5, 6],
			"rotation": {"angle": 0, "axis": "y", "origin": [8, 1, 9]},
			"faces": {
				"north": {"uv": [15.2, 9.6, 16, 10.4], "rotation": 90, "texture": "#particle"},
				"east": {"uv": [15.2, 9.6, 16, 10.4], "rotation": 90, "texture": "#particle"},
				"south": {"uv": [15.2, 9.6, 16, 10.4], "rotation": 90, "texture": "#particle"},
				"west": {"uv": [15.2, 9.6, 16, 10.4], "rotation": 90, "texture": "#particle"},
				"up": {"uv": [15.2, 9.6, 16, 10.4], "rotation": 90, "texture": "#particle"},
				"down": {"uv": [15.2, 9.6, 16, 10.4], "rotation": 90, "texture": "#particle"}
			}
		},
		{
			"from": [3, 0.5, 6],
			"to": [13, 11, 12],
			"rotation": {"angle": 0, "axis": "y", "origin": [8, 1, 9]},
			"faces": {
				"north": {"uv": [14.4, 8.8, 15.2, 9.6], "texture": "#particle"},
				"east": {"uv": [14.4, 8.8, 15.2, 9.6], "texture": "#particle"},
				"south": {"uv": [14.4, 8.8, 15.2, 9.6], "texture": "#particle"},
				"west": {"uv": [14.4, 8.8, 15.2, 9.6], "texture": "#particle"},
				"up": {"uv": [14.4, 8.8, 15.2, 9.6], "texture": "#particle"},
				"down": {"uv": [14.4, 8.8, 15.2, 9.6], "texture": "#particle"}
			}
		},
		{
			"from": [5.5, 8.5, 4.9],
			"to": [7.5, 10.5, 6],
			"rotation": {"angle": 0, "axis": "y", "origin": [8, 1, 9]},
			"faces": {
				"north": {"uv": [14.4, 9.6, 15.2, 10.4], "rotation": 90, "texture": "#particle"},
				"east": {"uv": [14.4, 9.6, 15.2, 10.4], "rotation": 90, "texture": "#particle"},
				"south": {"uv": [14.4, 9.6, 15.2, 10.4], "rotation": 90, "texture": "#particle"},
				"west": {"uv": [14.4, 9.6, 15.2, 10.4], "rotation": 90, "texture": "#particle"},
				"up": {"uv": [14.4, 9.6, 15.2, 10.4], "rotation": 90, "texture": "#particle"},
				"down": {"uv": [14.4, 9.6, 15.2, 10.4], "rotation": 90, "texture": "#particle"}
			}
		},
		{
			"from": [8.5, 8.5, 4.9],
			"to": [10.5, 10.5, 6],
			"rotation": {"angle": 0, "axis": "y", "origin": [8, 1, 9]},
			"faces": {
				"north": {"uv": [14.4, 9.6, 15.2, 10.4], "rotation": 90, "texture": "#particle"},
				"east": {"uv": [14.4, 9.6, 15.2, 10.4], "rotation": 90, "texture": "#particle"},
				"south": {"uv": [14.4, 9.6, 15.2, 10.4], "rotation": 90, "texture": "#particle"},
				"west": {"uv": [14.4, 9.6, 15.2, 10.4], "rotation": 90, "texture": "#particle"},
				"up": {"uv": [14.4, 9.6, 15.2, 10.4], "rotation": 90, "texture": "#particle"},
				"down": {"uv": [14.4, 9.6, 15.2, 10.4], "rotation": 90, "texture": "#particle"}
			}
		},
		{
			"from": [5, 7.5, 5],
			"to": [11, 9.5, 6],
			"rotation": {"angle": 0, "axis": "y", "origin": [8, 1, 9]},
			"faces": {
				"north": {"uv": [15.2, 9.6, 16, 10.4], "rotation": 90, "texture": "#particle"},
				"east": {"uv": [15.2, 9.6, 16, 10.4], "rotation": 90, "texture": "#particle"},
				"south": {"uv": [15.2, 9.6, 16, 10.4], "rotation": 90, "texture": "#particle"},
				"west": {"uv": [15.2, 9.6, 16, 10.4], "rotation": 90, "texture": "#particle"},
				"up": {"uv": [15.2, 9.6, 16, 10.4], "rotation": 90, "texture": "#particle"},
				"down": {"uv": [15.2, 9.6, 16, 10.4], "rotation": 90, "texture": "#particle"}
			}
		},
		{
			"from": [4, 0.5, 12],
			"to": [12, 10, 13],
			"rotation": {"angle": 0, "axis": "y", "origin": [8, 1, 9]},
			"faces": {
				"north": {"uv": [14.4, 8.8, 15.2, 9.6], "texture": "#particle"},
				"east": {"uv": [14.4, 8.8, 15.2, 9.6], "texture": "#particle"},
				"south": {"uv": [14.4, 8.8, 15.2, 9.6], "texture": "#particle"},
				"west": {"uv": [14.4, 8.8, 15.2, 9.6], "texture": "#particle"},
				"up": {"uv": [14.4, 8.8, 15.2, 9.6], "texture": "#particle"},
				"down": {"uv": [14.4, 8.8, 15.2, 9.6], "texture": "#particle"}
			}
		},
		{
			"from": [7.5, 9, 4.9],
			"to": [8.5, 10, 6],
			"rotation": {"angle": 0, "axis": "y", "origin": [8, 1, 9]},
			"faces": {
				"north": {"uv": [14.4, 9.6, 15.2, 10.4], "rotation": 90, "texture": "#particle"},
				"east": {"uv": [14.4, 9.6, 15.2, 10.4], "rotation": 90, "texture": "#particle"},
				"south": {"uv": [14.4, 9.6, 15.2, 10.4], "rotation": 90, "texture": "#particle"},
				"west": {"uv": [14.4, 9.6, 15.2, 10.4], "rotation": 90, "texture": "#particle"},
				"up": {"uv": [14.4, 9.6, 15.2, 10.4], "rotation": 90, "texture": "#particle"},
				"down": {"uv": [14.4, 9.6, 15.2, 10.4], "rotation": 90, "texture": "#particle"}
			}
		},
		{
			"from": [6.5, 9.5, 7.5],
			"to": [9.5, 12.5, 9.5],
			"rotation": {"angle": 0, "axis": "y", "origin": [8.00739, 16.64918, 7.124]},
			"faces": {
				"north": {"uv": [15.2, 8.8, 16, 9.6], "rotation": 90, "texture": "#particle"},
				"east": {"uv": [15.2, 8.8, 16, 9.6], "rotation": 90, "texture": "#particle"},
				"south": {"uv": [15.2, 8.8, 16, 9.6], "rotation": 90, "texture": "#particle"},
				"west": {"uv": [15.2, 8.8, 16, 9.6], "rotation": 90, "texture": "#particle"},
				"up": {"uv": [15.2, 8.8, 16, 9.6], "rotation": 90, "texture": "#particle"},
				"down": {"uv": [15.2, 8.8, 16, 9.6], "rotation": 90, "texture": "#particle"}
			}
		},
		{
			"from": [4, 11.5, 5],
			"to": [12, 13.5, 9],
			"rotation": {"angle": 0, "axis": "x", "origin": [8, 12.5, 8]},
			"faces": {
				"north": {"uv": [14.4, 8.8, 15.2, 9.6], "texture": "#particle"},
				"east": {"uv": [14.4, 8.8, 15.2, 9.6], "texture": "#particle"},
				"south": {"uv": [14.4, 8.8, 15.2, 9.6], "texture": "#particle"},
				"west": {"uv": [14.4, 8.8, 15.2, 9.6], "texture": "#particle"},
				"up": {"uv": [14.4, 8.8, 15.2, 9.6], "texture": "#particle"},
				"down": {"uv": [14.4, 8.8, 15.2, 9.6], "texture": "#particle"}
			}
		},
		{
			"from": [4, 12.5, 9],
			"to": [12, 15.5, 13],
			"rotation": {"angle": 0, "axis": "y", "origin": [8.00739, 16.64918, 7.124]},
			"faces": {
				"north": {"uv": [14.4, 8.8, 15.2, 9.6], "texture": "#particle"},
				"east": {"uv": [14.4, 8.8, 15.2, 9.6], "texture": "#particle"},
				"south": {"uv": [14.4, 8.8, 15.2, 9.6], "texture": "#particle"},
				"west": {"uv": [14.4, 8.8, 15.2, 9.6], "texture": "#particle"},
				"up": {"uv": [14.4, 8.8, 15.2, 9.6], "texture": "#particle"},
				"down": {"uv": [14.4, 8.8, 15.2, 9.6], "texture": "#particle"}
			}
		},
		{
			"from": [12, 13.5, 5],
			"to": [13, 15.5, 12],
			"rotation": {"angle": 0, "axis": "y", "origin": [8.00739, 16.64918, 7.124]},
			"faces": {
				"north": {"uv": [14.4, 8.8, 15.2, 9.6], "texture": "#particle"},
				"east": {"uv": [14.4, 8.8, 15.2, 9.6], "texture": "#particle"},
				"south": {"uv": [14.4, 8.8, 15.2, 9.6], "texture": "#particle"},
				"west": {"uv": [14.4, 8.8, 15.2, 9.6], "texture": "#particle"},
				"up": {"uv": [14.4, 8.8, 15.2, 9.6], "texture": "#particle"},
				"down": {"uv": [14.4, 8.8, 15.2, 9.6], "texture": "#particle"}
			}
		},
		{
			"from": [3, 13.5, 5],
			"to": [4, 15.5, 12],
			"rotation": {"angle": 0, "axis": "y", "origin": [8.00739, 16.64918, 7.124]},
			"faces": {
				"north": {"uv": [14.4, 8.8, 15.2, 9.6], "texture": "#particle"},
				"east": {"uv": [14.4, 8.8, 15.2, 9.6], "texture": "#particle"},
				"south": {"uv": [14.4, 8.8, 15.2, 9.6], "texture": "#particle"},
				"west": {"uv": [14.4, 8.8, 15.2, 9.6], "texture": "#particle"},
				"up": {"uv": [14.4, 8.8, 15.2, 9.6], "texture": "#particle"},
				"down": {"uv": [14.4, 8.8, 15.2, 9.6], "texture": "#particle"}
			}
		},
		{
			"from": [4.5, 13.5, 4],
			"to": [11.5, 14.5, 5],
			"rotation": {"angle": 0, "axis": "y", "origin": [8.00739, 16.64918, 7.124]},
			"faces": {
				"north": {"uv": [14.4, 10.4, 15.2, 11.2], "rotation": 90, "texture": "#particle"},
				"east": {"uv": [14.4, 10.4, 15.2, 11.2], "rotation": 90, "texture": "#particle"},
				"south": {"uv": [14.4, 10.4, 15.2, 11.2], "rotation": 90, "texture": "#particle"},
				"west": {"uv": [14.4, 10.4, 15.2, 11.2], "rotation": 90, "texture": "#particle"},
				"up": {"uv": [14.4, 10.4, 15.2, 11.2], "rotation": 90, "texture": "#particle"},
				"down": {"uv": [14.4, 10.4, 15.2, 11.2], "rotation": 90, "texture": "#particle"}
			}
		},
		{
			"from": [5.5, 14.5, 4],
			"to": [10.5, 15.5, 5],
			"rotation": {"angle": 0, "axis": "y", "origin": [8.00739, 16.64918, 7.124]},
			"faces": {
				"north": {"uv": [14.4, 10.4, 15.2, 11.2], "rotation": 90, "texture": "#particle"},
				"east": {"uv": [14.4, 10.4, 15.2, 11.2], "rotation": 90, "texture": "#particle"},
				"south": {"uv": [14.4, 10.4, 15.2, 11.2], "rotation": 90, "texture": "#particle"},
				"west": {"uv": [14.4, 10.4, 15.2, 11.2], "rotation": 90, "texture": "#particle"},
				"up": {"uv": [14.4, 10.4, 15.2, 11.2], "rotation": 90, "texture": "#particle"},
				"down": {"uv": [14.4, 10.4, 15.2, 11.2], "rotation": 90, "texture": "#particle"}
			}
		},
		{
			"from": [7, 15, 3.5],
			"to": [9, 16, 4.5],
			"rotation": {"angle": 0, "axis": "y", "origin": [8.00739, 16.64918, 7.124]},
			"faces": {
				"north": {"uv": [14.4, 10.4, 15.2, 11.2], "rotation": 90, "texture": "#particle"},
				"east": {"uv": [14.4, 10.4, 15.2, 11.2], "rotation": 90, "texture": "#particle"},
				"south": {"uv": [14.4, 10.4, 15.2, 11.2], "rotation": 90, "texture": "#particle"},
				"west": {"uv": [14.4, 10.4, 15.2, 11.2], "rotation": 90, "texture": "#particle"},
				"up": {"uv": [14.4, 10.4, 15.2, 11.2], "rotation": 90, "texture": "#particle"},
				"down": {"uv": [14.4, 10.4, 15.2, 11.2], "rotation": 90, "texture": "#particle"}
			}
		},
		{
			"from": [11, 15.5, 5],
			"to": [12, 19.5, 6],
			"rotation": {"angle": 0, "axis": "y", "origin": [8.00739, 16.64918, 7.124]},
			"faces": {
				"north": {"uv": [14.4, 8.8, 15.2, 9.6], "texture": "#particle"},
				"east": {"uv": [14.4, 8.8, 15.2, 9.6], "texture": "#particle"},
				"south": {"uv": [14.4, 8.8, 15.2, 9.6], "texture": "#particle"},
				"west": {"uv": [14.4, 9.6, 15.2, 10.4], "rotation": 90, "texture": "#particle"},
				"up": {"uv": [14.4, 8.8, 15.2, 9.6], "texture": "#particle"},
				"down": {"uv": [14.4, 8.8, 15.2, 9.6], "texture": "#particle"}
			}
		},
		{
			"from": [5, 17.5, 5],
			"to": [7, 19.5, 6],
			"rotation": {"angle": 0, "axis": "y", "origin": [8.00739, 16.64918, 7.124]},
			"faces": {
				"north": {"uv": [14.4, 8.8, 15.2, 9.6], "texture": "#particle"},
				"east": {"uv": [14.4, 8.8, 15.2, 9.6], "texture": "#particle"},
				"south": {"uv": [14.4, 8.8, 15.2, 9.6], "texture": "#particle"},
				"west": {"uv": [14.4, 8.8, 15.2, 9.6], "texture": "#particle"},
				"up": {"uv": [14.4, 8.8, 15.2, 9.6], "texture": "#particle"},
				"down": {"uv": [14.4, 9.6, 15.2, 10.4], "rotation": 90, "texture": "#particle"}
			}
		},
		{
			"from": [7, 15.5, 5],
			"to": [9, 19.5, 6],
			"rotation": {"angle": 0, "axis": "y", "origin": [8.00739, 16.64918, 7.124]},
			"faces": {
				"north": {"uv": [14.4, 8.8, 15.2, 9.6], "texture": "#particle"},
				"east": {"uv": [14.4, 9.6, 15.2, 10.4], "rotation": 90, "texture": "#particle"},
				"south": {"uv": [14.4, 8.8, 15.2, 9.6], "texture": "#particle"},
				"west": {"uv": [14.4, 9.6, 15.2, 10.4], "rotation": 90, "texture": "#particle"},
				"up": {"uv": [14.4, 8.8, 15.2, 9.6], "texture": "#particle"},
				"down": {"uv": [14.4, 8.8, 15.2, 9.6], "texture": "#particle"}
			}
		},
		{
			"from": [9, 17.5, 5],
			"to": [11, 19.5, 6],
			"rotation": {"angle": 0, "axis": "y", "origin": [8.00739, 16.64918, 7.124]},
			"faces": {
				"north": {"uv": [14.4, 8.8, 15.2, 9.6], "texture": "#particle"},
				"east": {"uv": [14.4, 8.8, 15.2, 9.6], "texture": "#particle"},
				"south": {"uv": [14.4, 8.8, 15.2, 9.6], "texture": "#particle"},
				"west": {"uv": [14.4, 8.8, 15.2, 9.6], "texture": "#particle"},
				"up": {"uv": [14.4, 8.8, 15.2, 9.6], "texture": "#particle"},
				"down": {"uv": [14.4, 9.6, 15.2, 10.4], "rotation": 90, "texture": "#particle"}
			}
		},
		{
			"from": [4, 15.5, 5],
			"to": [5, 19.5, 6],
			"rotation": {"angle": 0, "axis": "y", "origin": [8.00739, 16.64918, 7.124]},
			"faces": {
				"north": {"uv": [14.4, 8.8, 15.2, 9.6], "texture": "#particle"},
				"east": {"uv": [14.4, 9.6, 15.2, 10.4], "rotation": 90, "texture": "#particle"},
				"south": {"uv": [14.4, 8.8, 15.2, 9.6], "texture": "#particle"},
				"west": {"uv": [14.4, 8.8, 15.2, 9.6], "texture": "#particle"},
				"up": {"uv": [14.4, 8.8, 15.2, 9.6], "texture": "#particle"},
				"down": {"uv": [14.4, 8.8, 15.2, 9.6], "texture": "#particle"}
			}
		},
		{
			"from": [9, 21, 8],
			"to": [12, 26, 9],
			"rotation": {"angle": 0, "axis": "z", "origin": [8.00739, 16.64918, 7.124]},
			"faces": {
				"north": {"uv": [14.4, 8.8, 15.2, 9.6], "texture": "#particle"},
				"east": {"uv": [14.4, 8.8, 15.2, 9.6], "texture": "#particle"},
				"south": {"uv": [14.4, 8.8, 15.2, 9.6], "texture": "#particle"},
				"west": {"uv": [14.4, 8.8, 15.2, 9.6], "texture": "#particle"},
				"up": {"uv": [14.4, 8.8, 15.2, 9.6], "texture": "#particle"},
				"down": {"uv": [14.4, 8.8, 15.2, 9.6], "texture": "#particle"}
			}
		},
		{
			"from": [10, 20.5, 8],
			"to": [11, 21, 9],
			"rotation": {"angle": 0, "axis": "z", "origin": [8.00739, 16.64918, 7.124]},
			"faces": {
				"north": {"uv": [15.2, 8.8, 16, 9.6], "rotation": 90, "texture": "#particle"},
				"east": {"uv": [15.2, 8.8, 16, 9.6], "rotation": 90, "texture": "#particle"},
				"south": {"uv": [15.2, 8.8, 16, 9.6], "rotation": 90, "texture": "#particle"},
				"west": {"uv": [15.2, 8.8, 16, 9.6], "rotation": 90, "texture": "#particle"},
				"up": {"uv": [15.2, 8.8, 16, 9.6], "rotation": 90, "texture": "#particle"},
				"down": {"uv": [15.2, 8.8, 16, 9.6], "rotation": 90, "texture": "#particle"}
			}
		},
		{
			"from": [5, 20.5, 8],
			"to": [6, 21, 9],
			"rotation": {"angle": 0, "axis": "z", "origin": [8.00739, 16.64918, 7.124]},
			"faces": {
				"north": {"uv": [15.2, 8.8, 16, 9.6], "rotation": 90, "texture": "#particle"},
				"east": {"uv": [15.2, 8.8, 16, 9.6], "rotation": 90, "texture": "#particle"},
				"south": {"uv": [15.2, 8.8, 16, 9.6], "rotation": 90, "texture": "#particle"},
				"west": {"uv": [15.2, 8.8, 16, 9.6], "rotation": 90, "texture": "#particle"},
				"up": {"uv": [15.2, 8.8, 16, 9.6], "rotation": 90, "texture": "#particle"},
				"down": {"uv": [15.2, 8.8, 16, 9.6], "rotation": 90, "texture": "#particle"}
			}
		},
		{
			"from": [4, 21, 8],
			"to": [7, 26, 9],
			"rotation": {"angle": 0, "axis": "z", "origin": [8.00739, 16.64918, 7.124]},
			"faces": {
				"north": {"uv": [14.4, 8.8, 15.2, 9.6], "texture": "#particle"},
				"east": {"uv": [14.4, 8.8, 15.2, 9.6], "texture": "#particle"},
				"south": {"uv": [14.4, 8.8, 15.2, 9.6], "texture": "#particle"},
				"west": {"uv": [14.4, 8.8, 15.2, 9.6], "texture": "#particle"},
				"up": {"uv": [14.4, 8.8, 15.2, 9.6], "texture": "#particle"},
				"down": {"uv": [14.4, 8.8, 15.2, 9.6], "texture": "#particle"}
			}
		},
		{
			"from": [5, 24.5, 11.5],
			"to": [6, 25.5, 12.5],
			"rotation": {"angle": -22.5, "axis": "x", "origin": [8.00739, 16.64918, 7.124]},
			"faces": {
				"north": {"uv": [15.2, 8.8, 16, 9.6], "rotation": 90, "texture": "#particle"},
				"east": {"uv": [15.2, 8.8, 16, 9.6], "rotation": 90, "texture": "#particle"},
				"south": {"uv": [15.2, 8.8, 16, 9.6], "rotation": 90, "texture": "#particle"},
				"west": {"uv": [15.2, 8.8, 16, 9.6], "rotation": 90, "texture": "#particle"},
				"up": {"uv": [15.2, 8.8, 16, 9.6], "rotation": 90, "texture": "#particle"},
				"down": {"uv": [15.2, 8.8, 16, 9.6], "rotation": 90, "texture": "#particle"}
			}
		},
		{
			"from": [10, 24.5, 11.5],
			"to": [11, 25.5, 12.5],
			"rotation": {"angle": -22.5, "axis": "x", "origin": [8.00739, 16.64918, 7.124]},
			"faces": {
				"north": {"uv": [15.2, 8.8, 16, 9.6], "rotation": 90, "texture": "#particle"},
				"east": {"uv": [15.2, 8.8, 16, 9.6], "rotation": 90, "texture": "#particle"},
				"south": {"uv": [15.2, 8.8, 16, 9.6], "rotation": 90, "texture": "#particle"},
				"west": {"uv": [15.2, 8.8, 16, 9.6], "rotation": 90, "texture": "#particle"},
				"up": {"uv": [15.2, 8.8, 16, 9.6], "rotation": 90, "texture": "#particle"},
				"down": {"uv": [15.2, 8.8, 16, 9.6], "rotation": 90, "texture": "#particle"}
			}
		},
		{
			"from": [9, 25.5, 11.5],
			"to": [12, 30.5, 12.5],
			"rotation": {"angle": -22.5, "axis": "x", "origin": [8.00739, 16.64918, 7.124]},
			"faces": {
				"north": {"uv": [14.4, 8.8, 15.2, 9.6], "texture": "#particle"},
				"east": {"uv": [14.4, 8.8, 15.2, 9.6], "texture": "#particle"},
				"south": {"uv": [14.4, 8.8, 15.2, 9.6], "texture": "#particle"},
				"west": {"uv": [14.4, 8.8, 15.2, 9.6], "texture": "#particle"},
				"up": {"uv": [14.4, 8.8, 15.2, 9.6], "texture": "#particle"},
				"down": {"uv": [14.4, 8.8, 15.2, 9.6], "texture": "#particle"}
			}
		},
		{
			"from": [4, 25.5, 11.5],
			"to": [7, 30.5, 12.5],
			"rotation": {"angle": -22.5, "axis": "x", "origin": [8.00739, 16.64918, 7.124]},
			"faces": {
				"north": {"uv": [14.4, 8.8, 15.2, 9.6], "texture": "#particle"},
				"east": {"uv": [14.4, 8.8, 15.2, 9.6], "texture": "#particle"},
				"south": {"uv": [14.4, 8.8, 15.2, 9.6], "texture": "#particle"},
				"west": {"uv": [14.4, 8.8, 15.2, 9.6], "texture": "#particle"},
				"up": {"uv": [14.4, 8.8, 15.2, 9.6], "texture": "#particle"},
				"down": {"uv": [14.4, 8.8, 15.2, 9.6], "texture": "#particle"}
			}
		},
		{
			"from": [5.5, 16, 5.9],
			"to": [6.5, 17, 6.9],
			"rotation": {"angle": 0, "axis": "y", "origin": [8.00739, 16.64918, 7.124]},
			"faces": {
				"north": {"uv": [14.4, 8.8, 15.2, 9.6], "rotation": 90, "texture": "#particle"},
				"east": {"uv": [14.4, 8.8, 15.2, 9.6], "rotation": 90, "texture": "#particle"},
				"south": {"uv": [14.4, 8.8, 15.2, 9.6], "rotation": 90, "texture": "#particle"},
				"west": {"uv": [14.4, 8.8, 15.2, 9.6], "rotation": 90, "texture": "#particle"},
				"up": {"uv": [14.4, 8.8, 15.2, 9.6], "rotation": 90, "texture": "#particle"},
				"down": {"uv": [14.4, 8.8, 15.2, 9.6], "rotation": 90, "texture": "#particle"}
			}
		},
		{
			"from": [9.5, 16, 5.9],
			"to": [10.5, 17, 6.9],
			"rotation": {"angle": 0, "axis": "y", "origin": [8.00739, 16.64918, 7.124]},
			"faces": {
				"north": {"uv": [14.4, 8.8, 15.2, 9.6], "rotation": 90, "texture": "#particle"},
				"east": {"uv": [0, 15.2, 0.8, 16], "texture": "#particle"},
				"south": {"uv": [0, 15.2, 0.8, 16], "texture": "#particle"},
				"west": {"uv": [0, 15.2, 0.8, 16], "texture": "#particle"},
				"up": {"uv": [0, 15.2, 0.8, 16], "texture": "#particle"},
				"down": {"uv": [0, 15.2, 0.8, 16], "texture": "#particle"}
			}
		},
		{
			"from": [4, 15.5, 6],
			"to": [12, 19.5, 13],
			"rotation": {"angle": 0, "axis": "y", "origin": [8.00739, 16.64918, 7.124]},
			"faces": {
				"north": {"uv": [15.2, 9.6, 16, 10.4], "rotation": 90, "texture": "#particle"},
				"east": {"uv": [14.4, 8.8, 15.2, 9.6], "texture": "#particle"},
				"south": {"uv": [14.4, 8.8, 15.2, 9.6], "texture": "#particle"},
				"west": {"uv": [14.4, 8.8, 15.2, 9.6], "texture": "#particle"},
				"up": {"uv": [14.4, 8.8, 15.2, 9.6], "texture": "#particle"},
				"down": {"uv": [14.4, 8.8, 15.2, 9.6], "texture": "#particle"}
			}
		},
		{
			"from": [5, 19.5, 6],
			"to": [11, 20.5, 12],
			"rotation": {"angle": 0, "axis": "y", "origin": [8.00739, 16.64918, 7.124]},
			"faces": {
				"north": {"uv": [14.4, 8.8, 15.2, 9.6], "texture": "#particle"},
				"east": {"uv": [14.4, 8.8, 15.2, 9.6], "texture": "#particle"},
				"south": {"uv": [14.4, 8.8, 15.2, 9.6], "texture": "#particle"},
				"west": {"uv": [14.4, 8.8, 15.2, 9.6], "texture": "#particle"},
				"up": {"uv": [14.4, 8.8, 15.2, 9.6], "texture": "#particle"},
				"down": {"uv": [14.4, 8.8, 15.2, 9.6], "texture": "#particle"}
			}
		},
		{
			"from": [4, 13.5, 5],
			"to": [12, 15.5, 8],
			"rotation": {"angle": 0, "axis": "y", "origin": [8.00739, 16.64918, 7.124]},
			"faces": {
				"north": {"uv": [14.4, 8.8, 15.2, 9.6], "texture": "#particle"},
				"east": {"uv": [14.4, 8.8, 15.2, 9.6], "texture": "#particle"},
				"south": {"uv": [14.4, 8.8, 15.2, 9.6], "texture": "#particle"},
				"west": {"uv": [14.4, 8.8, 15.2, 9.6], "texture": "#particle"},
				"up": {"uv": [14.4, 9.6, 15.2, 10.4], "rotation": 90, "texture": "#particle"},
				"down": {"uv": [14.4, 8.8, 15.2, 9.6], "texture": "#particle"}
			}
		}
	],
	"display": {
		"thirdperson_righthand": {
			"rotation": [-180, 31, -123],
			"translation": [-4.25, 2.75, 0]
		},
		"firstperson_righthand": {
			"rotation": [113, 57, -83],
			"translation": [0, 0, -1.5]
		},
		"ground": {
			"scale": [0.4, 0.4, 0.4]
		},
		"gui": {
			"rotation": [0, -180, 0],
			"translation": [0.25, -1.5, 0],
			"scale": [0.4, 0.4, 0.4]
		},
		"head": {
			"translation": [0, -5, -2],
			"scale": [1.66, 1.66, 1.66]
		},
		"fixed": {
			"translation": [0, -1.25, -0.5]
		}
	},
	"groups": [
		{
			"name": "Ear2",
			"origin": [0, 0, 0],
			"color": 0,
			"children": []
		},
		{
			"name": "Ear1",
			"origin": [0, 0, 0],
			"color": 0,
			"children": []
		},
		{
			"name": "LeftLeg",
			"origin": [0, 5, 0],
			"color": 0,
			"children": [
				{
					"name": "LeftFoot",
					"origin": [0, 5, 0],
					"color": 0,
					"children": [0]
				}, 1, 2, 3, 4]
		},
		{
			"name": "RightLeg",
			"origin": [0, 5, 0],
			"color": 0,
			"children": [5, 6, 7, 8,
				{
					"name": "RightFoot",
					"origin": [0, 5, 0],
					"color": 0,
					"children": [9, 10, 11, 12, 13]
				}
			]
		},
		{
			"name": "LeftArm",
			"origin": [0, 5, 0],
			"color": 0,
			"children": [14, 15, 16, 17, 18, 19]
		},
		{
			"name": "RightArm",
			"origin": [0, 5, 0],
			"color": 0,
			"children": [20, 21, 22, 23, 24, 25]
		}, 26,
		{
			"name": "Body",
			"origin": [0, 0, 0],
			"color": 0,
			"children": [27, 28, 29, 30, 31, 32, 33, 34]
		},
		{
			"name": "Head",
			"origin": [0, 5, 0],
			"color": 0,
			"children": [35, 36, 37, 38, 39, 40, 41, 42, 43, 44, 45, 46, 47, 48, 49, 50, 51, 52, 53, 54, 55, 56, 57, 58, 59, 60]
		}
	]
}