{
	"credit": "Made with Blockbench",
	"texture_size": [1, 1],
	"textures": {
		"main": "fnaf_texture/fnaf1_texture/bonnie/bonnie_convert_texture",
		"particle": "fnaf_texture/fnaf1_texture/bonnie/bonnie_skin"
	},
	"elements": [
		{
			"from": [-1, 7, 20],
			"to": [3, 11, 22],
			"rotation": {"angle": 22.5, "axis": "x", "origin": [1, 10, 9]},
			"faces": {
				"north": {"uv": [9.25, 0, 10.25, 1], "rotation": 270, "texture": "#main"},
				"east": {"uv": [10, 1.25, 10.5, 2.25], "rotation": 180, "texture": "#main"},
				"south": {"uv": [11, 0, 12, 1], "rotation": 90, "texture": "#main"},
				"west": {"uv": [10, 1.25, 10.5, 2.25], "texture": "#main"},
				"up": {"uv": [10, 0, 10.5, 1], "rotation": 90, "texture": "#main"},
				"down": {"uv": [10, 1.75, 10.5, 2.75], "rotation": 270, "texture": "#main"}
			}
		},
		{
			"from": [-0.5, 7.5, 18.5],
			"to": [2.5, 10.5, 20.5],
			"rotation": {"angle": 22.5, "axis": "x", "origin": [1, 10, 9]},
			"faces": {
				"north": {"uv": [8.25, 3.5, 8.75, 2.75], "texture": "#main"},
				"east": {"uv": [8.25, 3.5, 8.75, 2.75], "rotation": 270, "texture": "#main"},
				"south": {"uv": [8.25, 3.5, 8.75, 2.75], "rotation": 180, "texture": "#main"},
				"west": {"uv": [8.25, 3.5, 8.75, 2.75], "rotation": 90, "texture": "#main"},
				"up": {"uv": [8.25, 3.5, 8.75, 2.75], "rotation": 180, "texture": "#main"},
				"down": {"uv": [8.25, 3.5, 8.75, 2.75], "texture": "#main"}
			}
		},
		{
			"from": [-1, 7, 14.5],
			"to": [3, 11, 19.5],
			"rotation": {"angle": 22.5, "axis": "x", "origin": [1, 10, 9]},
			"faces": {
				"north": {"uv": [8, 0, 9, 1], "rotation": 180, "texture": "#main"},
				"east": {"uv": [9.5, 1.5, 10.5, 2.75], "rotation": 90, "texture": "#main"},
				"south": {"uv": [8, 1.75, 9, 2.75], "texture": "#main"},
				"west": {"uv": [9, 0, 10, 1.25], "rotation": 270, "texture": "#main"},
				"up": {"uv": [8, 1.5, 9, 2.75], "texture": "#main"},
				"down": {"uv": [8, 0, 9, 1.25], "rotation": 180, "texture": "#main"}
			}
		},
		{
			"from": [-0.5, 7.5, 13],
			"to": [2.5, 10.5, 15],
			"rotation": {"angle": 22.5, "axis": "x", "origin": [1, 10, 9]},
			"faces": {
				"north": {"uv": [8.25, 3.5, 8.75, 2.75], "texture": "#main"},
				"east": {"uv": [8.25, 3.5, 8.75, 2.75], "rotation": 270, "texture": "#main"},
				"south": {"uv": [8.25, 3.5, 8.75, 2.75], "rotation": 180, "texture": "#main"},
				"west": {"uv": [8.25, 3.5, 8.75, 2.75], "rotation": 90, "texture": "#main"},
				"up": {"uv": [8.25, 3.5, 8.75, 2.75], "rotation": 180, "texture": "#main"},
				"down": {"uv": [8.25, 3.5, 8.75, 2.75], "texture": "#main"}
			}
		},
		{
			"from": [-1, 7, 9],
			"to": [3, 11, 14],
			"rotation": {"angle": 22.5, "axis": "x", "origin": [1, 10, 9]},
			"faces": {
				"north": {"uv": [8, 0, 9, 1], "rotation": 180, "texture": "#main"},
				"east": {"uv": [9.5, 1.5, 10.5, 2.75], "rotation": 90, "texture": "#main"},
				"south": {"uv": [8, 1.75, 9, 2.75], "texture": "#main"},
				"west": {"uv": [9, 0, 10, 1.25], "rotation": 270, "texture": "#main"},
				"up": {"uv": [8, 1.5, 9, 2.75], "texture": "#main"},
				"down": {"uv": [8, 0, 9, 1.25], "rotation": 180, "texture": "#main"}
			}
		},
		{
			"from": [0.5, 7.5, 8],
			"to": [3, 10.5, 10],
			"rotation": {"angle": 22.5, "axis": "x", "origin": [1, 10, 9]},
			"faces": {
				"north": {"uv": [8.25, 3.5, 8.75, 2.75], "texture": "#main"},
				"east": {"uv": [8.25, 3.5, 8.75, 2.75], "rotation": 270, "texture": "#main"},
				"south": {"uv": [8.25, 3.5, 8.75, 2.75], "rotation": 180, "texture": "#main"},
				"west": {"uv": [8.25, 3.5, 8.75, 2.75], "rotation": 90, "texture": "#main"},
				"up": {"uv": [8.25, 3.5, 8.75, 2.75], "rotation": 180, "texture": "#main"},
				"down": {"uv": [8.25, 3.5, 8.75, 2.75], "texture": "#main"}
			}
		},
		{
			"from": [13, 7.5, 8],
			"to": [15.5, 10.5, 10],
			"rotation": {"angle": -22.5, "axis": "x", "origin": [15, 10, 9]},
			"faces": {
				"north": {"uv": [8, 3.25, 8.75, 2.75], "rotation": 180, "texture": "#main"},
				"east": {"uv": [8, 3.25, 8.75, 2.75], "rotation": 270, "texture": "#main"},
				"south": {"uv": [8.5, 4, 9, 3.25], "texture": "#main"},
				"west": {"uv": [8, 3.25, 8.75, 2.75], "rotation": 90, "texture": "#main"},
				"up": {"uv": [8, 3.25, 8.75, 2.75], "rotation": 180, "texture": "#main"},
				"down": {"uv": [8, 3.25, 8.75, 2.75], "texture": "#main"}
			}
		},
		{
			"from": [13, 7, 4],
			"to": [17, 11, 9],
			"rotation": {"angle": -22.5, "axis": "x", "origin": [15, 10, 9]},
			"faces": {
				"north": {"uv": [9.5, 0.5, 10.5, 1.5], "rotation": 180, "texture": "#main"},
				"east": {"uv": [9.5, 1.5, 10.5, 2.75], "rotation": 90, "texture": "#main"},
				"south": {"uv": [9.5, 1.5, 10.5, 2.5], "texture": "#main"},
				"west": {"uv": [9, 0, 10, 1.25], "rotation": 90, "texture": "#main"},
				"up": {"uv": [8, 0, 9, 1.25], "texture": "#main"},
				"down": {"uv": [8, 1.5, 9, 2.75], "rotation": 180, "texture": "#main"}
			}
		},
		{
			"from": [13.5, 7.5, 3],
			"to": [16.5, 10.5, 5],
			"rotation": {"angle": -22.5, "axis": "x", "origin": [15, 10, 9]},
			"faces": {
				"north": {"uv": [8, 3.25, 8.75, 2.75], "rotation": 180, "texture": "#main"},
				"east": {"uv": [8, 3.25, 8.75, 2.75], "rotation": 270, "texture": "#main"},
				"south": {"uv": [8, 3.25, 8.75, 2.75], "texture": "#main"},
				"west": {"uv": [8, 3.25, 8.75, 2.75], "rotation": 90, "texture": "#main"},
				"up": {"uv": [8, 3.25, 8.75, 2.75], "rotation": 180, "texture": "#main"},
				"down": {"uv": [8, 3.25, 8.75, 2.75], "texture": "#main"}
			}
		},
		{
			"from": [13, 7, -1.5],
			"to": [17, 11, 3.5],
			"rotation": {"angle": -22.5, "axis": "x", "origin": [15, 10, 9]},
			"faces": {
				"north": {"uv": [9.5, 0.5, 10.5, 1.5], "rotation": 180, "texture": "#main"},
				"east": {"uv": [9.5, 1.5, 10.5, 2.75], "rotation": 90, "texture": "#main"},
				"south": {"uv": [9.5, 1.5, 10.5, 2.5], "texture": "#main"},
				"west": {"uv": [9, 0, 10, 1.25], "rotation": 90, "texture": "#main"},
				"up": {"uv": [8, 0, 9, 1.25], "texture": "#main"},
				"down": {"uv": [8, 1.5, 9, 2.75], "rotation": 180, "texture": "#main"}
			}
		},
		{
			"from": [13.5, 7.5, -2.5],
			"to": [16.5, 10.5, -0.5],
			"rotation": {"angle": -22.5, "axis": "x", "origin": [15, 10, 9]},
			"faces": {
				"north": {"uv": [8.25, 3.5, 8.75, 2.75], "texture": "#main"},
				"east": {"uv": [8.25, 3.5, 8.75, 2.75], "rotation": 90, "texture": "#main"},
				"south": {"uv": [8.25, 3.5, 8.75, 2.75], "rotation": 180, "texture": "#main"},
				"west": {"uv": [8.25, 3.5, 8.75, 2.75], "rotation": 270, "texture": "#main"},
				"up": {"uv": [8.25, 3.5, 8.75, 2.75], "texture": "#main"},
				"down": {"uv": [8.25, 3.5, 8.75, 2.75], "rotation": 180, "texture": "#main"}
			}
		},
		{
			"from": [13, 7, -4],
			"to": [17, 11, -2],
			"rotation": {"angle": -22.5, "axis": "x", "origin": [15, 10, 9]},
			"faces": {
				"north": {"uv": [11, 0, 12, 1], "rotation": 270, "texture": "#main"},
				"east": {"uv": [10, 1.75, 10.5, 2.75], "texture": "#main"},
				"south": {"uv": [9.25, 0, 10.25, 1], "rotation": 90, "texture": "#main"},
				"west": {"uv": [10, 1.75, 10.5, 2.75], "rotation": 180, "texture": "#main"},
				"up": {"uv": [10, 0.25, 10.5, 1.25], "rotation": 270, "texture": "#main"},
				"down": {"uv": [10, 1, 10.5, 2], "rotation": 90, "texture": "#main"}
			}
		},
		{
			"from": [6.5, 9.5, 7.5],
			"to": [9.5, 12.5, 9.5],
			"rotation": {"angle": 22.5, "axis": "x", "origin": [8.00739, 16.64918, 7.124]},
			"faces": {
				"north": {"uv": [8.25, 3.5, 8.75, 2.75], "rotation": 180, "texture": "#main"},
				"east": {"uv": [8.25, 3.5, 8.75, 2.75], "rotation": 180, "texture": "#main"},
				"south": {"uv": [8.25, 3.5, 8.75, 2.75], "rotation": 180, "texture": "#main"},
				"west": {"uv": [8.25, 3.5, 8.75, 2.75], "rotation": 180, "texture": "#main"},
				"up": {"uv": [8.25, 3.5, 8.75, 2.75], "rotation": 180, "texture": "#main"},
				"down": {"uv": [8.25, 3.5, 8.75, 2.75], "rotation": 180, "texture": "#main"}
			}
		},
		{
			"from": [4, 11.5, 5],
			"to": [12, 13.5, 9],
			"rotation": {"angle": 0, "axis": "x", "origin": [8, 12.5, 8]},
			"faces": {
				"north": {"uv": [8, 0, 10, 0.5], "texture": "#main"},
				"east": {"uv": [8, 0, 9, 0.5], "texture": "#main"},
				"south": {"uv": [8.5, 0, 10.5, 0.5], "texture": "#main"},
				"west": {"uv": [9.5, 0, 10.5, 0.5], "texture": "#main"},
				"up": {"uv": [10.5, 2.75, 12.5, 3.75], "rotation": 180, "texture": "#main"},
				"down": {"uv": [8, 0, 10, 1], "texture": "#main"}
			}
		},
		{
			"from": [4, 12.5, 9],
			"to": [12, 15.5, 13],
			"rotation": {"angle": 22.5, "axis": "x", "origin": [8.00739, 16.64918, 7.124]},
			"faces": {
				"north": {"uv": [11, 2.75, 12, 3.5], "texture": "#main"},
				"east": {"uv": [8, 0, 9, 0.75], "texture": "#main"},
				"south": {"uv": [8.25, 1.25, 10.25, 2], "texture": "#main"},
				"west": {"uv": [8, 0, 9, 0.75], "texture": "#main"},
				"up": {"uv": [8, 0, 9, 0.75], "texture": "#main"},
				"down": {"uv": [8.25, 2, 10.25, 2.75], "texture": "#main"}
			}
		},
		{
			"from": [12, 13.5, 5],
			"to": [13, 15.5, 12],
			"rotation": {"angle": 22.5, "axis": "x", "origin": [8.00739, 16.64918, 7.124]},
			"faces": {
				"north": {"uv": [10.25, 0, 10.5, 0.75], "texture": "#main"},
				"east": {"uv": [8.25, 1.5, 10, 2], "texture": "#main"},
				"south": {"uv": [8, 0.75, 10.5, 1], "texture": "#main"},
				"west": {"uv": [8.25, 0.25, 8.75, 0.5], "texture": "#main"},
				"up": {"uv": [8, 0, 8.25, 1.75], "texture": "#main"},
				"down": {"uv": [8, 0, 8.25, 1.75], "texture": "#main"}
			}
		},
		{
			"from": [3, 13.5, 5],
			"to": [4, 15.5, 12],
			"rotation": {"angle": 22.5, "axis": "x", "origin": [8.00739, 16.64918, 7.124]},
			"faces": {
				"north": {"uv": [8, 0, 8.25, 0.5], "texture": "#main"},
				"east": {"uv": [8.25, 0.25, 8.75, 0.5], "texture": "#main"},
				"south": {"uv": [8, 0.5, 8.25, 1], "texture": "#main"},
				"west": {"uv": [8, 0, 9.75, 0.5], "texture": "#main"},
				"up": {"uv": [8, 0, 8.25, 1.75], "texture": "#main"},
				"down": {"uv": [8, 0, 8.25, 1.75], "texture": "#main"}
			}
		},
		{
			"from": [4.5, 13.5, 4],
			"to": [11.5, 14.5, 5],
			"rotation": {"angle": 22.5, "axis": "x", "origin": [8.00739, 16.64918, 7.124]},
			"faces": {
				"north": {"uv": [13, 0.75, 11.25, 1.25], "texture": "#main"},
				"east": {"uv": [11, 0.5, 11.25, 1], "texture": "#main"},
				"south": {"uv": [13, 0.5, 11.25, 0.75], "texture": "#main"},
				"west": {"uv": [11, 0.5, 11.25, 1], "texture": "#main"},
				"up": {"uv": [13, 0.5, 11.25, 0.75], "texture": "#main"},
				"down": {"uv": [13, 1.25, 11.25, 1.5], "texture": "#main"}
			}
		},
		{
			"from": [5.5, 14.5, 4],
			"to": [10.5, 15.5, 5],
			"rotation": {"angle": 22.5, "axis": "x", "origin": [8.00739, 16.64918, 7.124]},
			"faces": {
				"north": {"uv": [13, 0.75, 11.25, 1.25], "texture": "#main"},
				"east": {"uv": [11, 0.5, 11.25, 1], "texture": "#main"},
				"south": {"uv": [13, 0.5, 11.25, 0.75], "texture": "#main"},
				"west": {"uv": [11, 0.5, 11.25, 1], "texture": "#main"},
				"up": {"uv": [13, 0.5, 11.25, 0.75], "texture": "#main"},
				"down": {"uv": [13, 1.25, 11.25, 1.5], "texture": "#main"}
			}
		},
		{
			"from": [7, 15, 3.5],
			"to": [9, 16, 4.5],
			"rotation": {"angle": 22.5, "axis": "x", "origin": [8.00739, 16.64918, 7.124]},
			"faces": {
				"north": {"uv": [11.25, 3, 11.75, 3.25], "texture": "#main"},
				"east": {"uv": [11, 3, 11.25, 3.25], "texture": "#main"},
				"south": {"uv": [11.25, 3, 11.75, 3.25], "texture": "#main"},
				"west": {"uv": [11.75, 3, 12, 3.25], "texture": "#main"},
				"up": {"uv": [11.25, 3, 11.75, 3.25], "texture": "#main"},
				"down": {"uv": [11.25, 3, 11.75, 3.25], "texture": "#main"}
			}
		},
		{
			"from": [11, 15.5, 5],
			"to": [12, 19.5, 6],
			"rotation": {"angle": 22.5, "axis": "x", "origin": [8.00739, 16.64918, 7.124]},
			"faces": {
				"north": {"uv": [8.5, 0.25, 8.75, 1.25], "texture": "#main"},
				"east": {"uv": [8.75, 0.25, 9, 1.25], "texture": "#main"},
				"south": {"uv": [8.5, 0.25, 8.75, 1.25], "texture": "#main"},
				"west": {"uv": [10.75, 2.75, 11, 3.75], "texture": "#main"},
				"up": {"uv": [8.5, 0, 8.75, 0.25], "texture": "#main"},
				"down": {"uv": [8.5, 1.25, 8.75, 1.5], "texture": "#main"}
			}
		},
		{
			"from": [5, 17.5, 5],
			"to": [7, 19.5, 6],
			"rotation": {"angle": 22.5, "axis": "x", "origin": [8.00739, 16.64918, 7.124]},
			"faces": {
				"north": {"uv": [9.75, 0.5, 10.25, 1], "texture": "#main"},
				"east": {"uv": [9.75, 0.5, 10.25, 1], "texture": "#main"},
				"south": {"uv": [9.75, 0.5, 10.25, 1], "texture": "#main"},
				"west": {"uv": [9.75, 0.5, 10.25, 1], "texture": "#main"},
				"up": {"uv": [9.75, 0.25, 10.25, 0.5], "texture": "#main"},
				"down": {"uv": [11.25, 3, 11.75, 3.25], "texture": "#main"}
			}
		},
		{
			"from": [7, 15.5, 5],
			"to": [9, 19.5, 6],
			"rotation": {"angle": 22.5, "axis": "x", "origin": [8.00739, 16.64918, 7.124]},
			"faces": {
				"north": {"uv": [9, 0.25, 9.5, 1.25], "texture": "#main"},
				"east": {"uv": [11.25, 2.75, 11.5, 3.75], "texture": "#main"},
				"south": {"uv": [8.75, 0.25, 9, 1.25], "texture": "#main"},
				"west": {"uv": [11.5, 2.75, 11.75, 3.75], "texture": "#main"},
				"up": {"uv": [9, 0, 9.5, 0.25], "texture": "#main"},
				"down": {"uv": [9, 1.25, 9.5, 1.5], "texture": "#main"}
			}
		},
		{
			"from": [9, 17.5, 5],
			"to": [11, 19.5, 6],
			"rotation": {"angle": 22.5, "axis": "x", "origin": [8.00739, 16.64918, 7.124]},
			"faces": {
				"north": {"uv": [8.75, 0.5, 9.25, 1], "texture": "#main"},
				"east": {"uv": [8.75, 0.5, 9.25, 1], "texture": "#main"},
				"south": {"uv": [8.75, 0.5, 9.25, 1], "texture": "#main"},
				"west": {"uv": [8.75, 0.5, 9.25, 1], "texture": "#main"},
				"up": {"uv": [8.75, 0.25, 9.25, 0.5], "texture": "#main"},
				"down": {"uv": [10.75, 3, 11.25, 3.25], "texture": "#main"}
			}
		},
		{
			"from": [4, 15.5, 5],
			"to": [5, 19.5, 6],
			"rotation": {"angle": 22.5, "axis": "x", "origin": [8.00739, 16.64918, 7.124]},
			"faces": {
				"north": {"uv": [10, 0.25, 10.25, 1.25], "texture": "#main"},
				"east": {"uv": [11.5, 2.75, 11.75, 3.75], "texture": "#main"},
				"south": {"uv": [10, 0.25, 10.25, 1.25], "texture": "#main"},
				"west": {"uv": [9.75, 0.25, 10, 1.25], "texture": "#main"},
				"up": {"uv": [10, 0, 10.25, 0.25], "texture": "#main"},
				"down": {"uv": [10, 1.25, 10.25, 1.5], "texture": "#main"}
			}
		},
		{
			"from": [9, 21, 8],
			"to": [12, 26, 9],
			"rotation": {"angle": 22.5, "axis": "x", "origin": [8.00739, 16.64918, 7.124]},
			"faces": {
				"north": {"uv": [9.25, 4.25, 10.5, 5], "rotation": 90, "texture": "#main"},
				"east": {"uv": [8.25, 0.75, 9.5, 1], "rotation": 90, "texture": "#main"},
				"south": {"uv": [9.25, 2, 10.5, 2.75], "rotation": 90, "texture": "#main"},
				"west": {"uv": [8.25, 0.75, 9.5, 1], "rotation": 90, "texture": "#main"},
				"up": {"uv": [8.75, 0.25, 9, 1], "rotation": 90, "texture": "#main"},
				"down": {"uv": [8.75, 0.25, 9, 1], "rotation": 90, "texture": "#main"}
			}
		},
		{
			"from": [10, 20.5, 8],
			"to": [11, 21, 9],
			"rotation": {"angle": 22.5, "axis": "x", "origin": [8.00739, 16.64918, 7.124]},
			"faces": {
				"north": {"uv": [8, 3, 8.5, 2.75], "rotation": 90, "texture": "#main"},
				"east": {"uv": [8, 3, 8.5, 2.75], "rotation": 270, "texture": "#main"},
				"south": {"uv": [8, 3, 8.5, 2.75], "rotation": 270, "texture": "#main"},
				"west": {"uv": [8, 3, 8.5, 2.75], "rotation": 270, "texture": "#main"},
				"up": {"uv": [8, 3, 8.5, 2.75], "rotation": 270, "texture": "#main"},
				"down": {"uv": [8, 3, 8.5, 2.75], "rotation": 270, "texture": "#main"}
			}
		},
		{
			"from": [5, 20.5, 8],
			"to": [6, 21, 9],
			"rotation": {"angle": 22.5, "axis": "x", "origin": [8.00739, 16.64918, 7.124]},
			"faces": {
				"north": {"uv": [8, 3, 8.5, 2.75], "rotation": 90, "texture": "#main"},
				"east": {"uv": [8, 3, 8.5, 2.75], "rotation": 270, "texture": "#main"},
				"south": {"uv": [8, 3, 8.5, 2.75], "rotation": 270, "texture": "#main"},
				"west": {"uv": [8, 3, 8.5, 2.75], "rotation": 270, "texture": "#main"},
				"up": {"uv": [8, 3, 8.5, 2.75], "rotation": 270, "texture": "#main"},
				"down": {"uv": [8, 3, 8.5, 2.75], "rotation": 270, "texture": "#main"}
			}
		},
		{
			"from": [4, 21, 8],
			"to": [7, 26, 9],
			"rotation": {"angle": 22.5, "axis": "x", "origin": [8.00739, 16.64918, 7.124]},
			"faces": {
				"north": {"uv": [9.25, 4.25, 10.5, 5], "rotation": 270, "texture": "#main"},
				"east": {"uv": [8.25, 0.75, 9.5, 1], "rotation": 90, "texture": "#main"},
				"south": {"uv": [8, 2, 9.25, 2.75], "rotation": 90, "texture": "#main"},
				"west": {"uv": [8.25, 0.75, 9.5, 1], "rotation": 90, "texture": "#main"},
				"up": {"uv": [8.75, 0.25, 9, 1], "rotation": 90, "texture": "#main"},
				"down": {"uv": [8.75, 0.25, 9, 1], "rotation": 90, "texture": "#main"}
			}
		},
		{
			"from": [5, 24.5, 11.5],
			"to": [6, 25.5, 12.5],
			"rotation": {"angle": 0, "axis": "x", "origin": [8.00739, 16.64918, 7.124]},
			"faces": {
				"north": {"uv": [8, 3, 8.5, 2.75], "rotation": 90, "texture": "#main"},
				"east": {"uv": [8, 3, 8.5, 2.75], "rotation": 270, "texture": "#main"},
				"south": {"uv": [8, 3, 8.5, 2.75], "rotation": 270, "texture": "#main"},
				"west": {"uv": [8, 3, 8.5, 2.75], "rotation": 270, "texture": "#main"},
				"up": {"uv": [8, 3, 8.5, 2.75], "rotation": 270, "texture": "#main"},
				"down": {"uv": [8, 3, 8.5, 2.75], "rotation": 270, "texture": "#main"}
			}
		},
		{
			"from": [10, 24.5, 11.5],
			"to": [11, 25.5, 12.5],
			"rotation": {"angle": 0, "axis": "x", "origin": [8.00739, 16.64918, 7.124]},
			"faces": {
				"north": {"uv": [8, 3, 8.5, 2.75], "rotation": 90, "texture": "#main"},
				"east": {"uv": [8, 3, 8.5, 2.75], "rotation": 270, "texture": "#main"},
				"south": {"uv": [8, 3, 8.5, 2.75], "rotation": 270, "texture": "#main"},
				"west": {"uv": [8, 3, 8.5, 2.75], "rotation": 270, "texture": "#main"},
				"up": {"uv": [8, 3, 8.5, 2.75], "rotation": 270, "texture": "#main"},
				"down": {"uv": [8, 3, 8.5, 2.75], "rotation": 270, "texture": "#main"}
			}
		},
		{
			"from": [9, 25.5, 11.5],
			"to": [12, 30.5, 12.5],
			"rotation": {"angle": 0, "axis": "x", "origin": [8.00739, 16.64918, 7.124]},
			"faces": {
				"north": {"uv": [9.25, 4.25, 10.5, 5], "rotation": 90, "texture": "#main"},
				"east": {"uv": [8.25, 0.75, 9.5, 1], "rotation": 90, "texture": "#main"},
				"south": {"uv": [8, 0.5, 9.25, 1.25], "rotation": 90, "texture": "#main"},
				"west": {"uv": [8.25, 0.75, 9.5, 1], "rotation": 90, "texture": "#main"},
				"up": {"uv": [8.75, 0.25, 9, 1], "rotation": 90, "texture": "#main"},
				"down": {"uv": [8.75, 0.25, 9, 1], "rotation": 90, "texture": "#main"}
			}
		},
		{
			"from": [4, 25.5, 11.5],
			"to": [7, 30.5, 12.5],
			"rotation": {"angle": 0, "axis": "x", "origin": [8.00739, 16.64918, 7.124]},
			"faces": {
				"north": {"uv": [9.25, 4.25, 10.5, 5], "rotation": 270, "texture": "#main"},
				"east": {"uv": [8.25, 0.75, 9.5, 1], "rotation": 90, "texture": "#main"},
				"south": {"uv": [9, 0, 10.25, 0.75], "rotation": 90, "texture": "#main"},
				"west": {"uv": [8.25, 0.75, 9.5, 1], "rotation": 90, "texture": "#main"},
				"up": {"uv": [8.75, 0.25, 9, 1], "rotation": 90, "texture": "#main"},
				"down": {"uv": [8.75, 0.25, 9, 1], "rotation": 90, "texture": "#main"}
			}
		},
		{
			"from": [5.5, 16, 5.9],
			"to": [6.5, 17, 6.9],
			"rotation": {"angle": 22.5, "axis": "x", "origin": [8.00739, 16.64918, 7.124]},
			"faces": {
				"north": {"uv": [12, 4.25, 12.25, 4.5], "texture": "#main"},
				"east": {"uv": [12, 4.25, 12.25, 4.5], "texture": "#main"},
				"south": {"uv": [12, 4.25, 12.25, 4.5], "texture": "#main"},
				"west": {"uv": [12, 4.25, 12.25, 4.5], "texture": "#main"},
				"up": {"uv": [12, 4.25, 12.25, 4.5], "texture": "#main"},
				"down": {"uv": [12, 4.25, 12.25, 4.5], "texture": "#main"}
			}
		},
		{
			"from": [9.5, 16, 5.9],
			"to": [10.5, 17, 6.9],
			"rotation": {"angle": 22.5, "axis": "x", "origin": [8.00739, 16.64918, 7.124]},
			"faces": {
				"north": {"uv": [12, 4, 12.25, 4.25], "texture": "#main"},
				"east": {"uv": [12, 4, 12.25, 4.25], "texture": "#main"},
				"south": {"uv": [12, 4, 12.25, 4.25], "texture": "#main"},
				"west": {"uv": [12, 4, 12.25, 4.25], "texture": "#main"},
				"up": {"uv": [12, 4, 12.25, 4.25], "texture": "#main"},
				"down": {"uv": [12, 4, 12.25, 4.25], "texture": "#main"}
			}
		},
		{
			"from": [4, 15.5, 6],
			"to": [12, 19.5, 13],
			"rotation": {"angle": 22.5, "axis": "x", "origin": [8.00739, 16.64918, 7.124]},
			"faces": {
				"north": {"uv": [11.25, 2.75, 12, 3.5], "texture": "#main"},
				"east": {"uv": [8, 0, 9.75, 1], "texture": "#main"},
				"south": {"uv": [8, 0, 10, 1], "rotation": 180, "texture": "#main"},
				"west": {"uv": [8, 0, 9.75, 1], "texture": "#main"},
				"up": {"uv": [8, 0, 10, 1.75], "texture": "#main"},
				"down": {"uv": [8, 0, 10, 1], "texture": "#main"}
			}
		},
		{
			"from": [5, 19.5, 6],
			"to": [11, 20.5, 12],
			"rotation": {"angle": 22.5, "axis": "x", "origin": [8.00739, 16.64918, 7.124]},
			"faces": {
				"north": {"uv": [8, 0, 9.5, 0.25], "texture": "#main"},
				"east": {"uv": [8, 0, 9.75, 1], "texture": "#main"},
				"south": {"uv": [8, 0, 10, 1], "rotation": 180, "texture": "#main"},
				"west": {"uv": [8, 0, 9.75, 1], "texture": "#main"},
				"up": {"uv": [8, 0, 9.5, 1.5], "texture": "#main"},
				"down": {"uv": [8, 0, 10, 1], "texture": "#main"}
			}
		},
		{
			"from": [4, 13.5, 5],
			"to": [12, 15.5, 8],
			"rotation": {"angle": 22.5, "axis": "x", "origin": [8.00739, 16.64918, 7.124]},
			"faces": {
				"north": {"uv": [8, 0, 9.25, 0.5], "texture": "#main"},
				"east": {"uv": [8, 0, 8.75, 0.5], "texture": "#main"},
				"south": {"uv": [8, 0, 9, 0.75], "texture": "#main"},
				"west": {"uv": [8, 0, 8.75, 0.5], "texture": "#main"},
				"up": {"uv": [10.75, 3, 12, 3.25], "texture": "#main"},
				"down": {"uv": [10.75, 3.25, 12.25, 3.75], "texture": "#main"}
			}
		},
		{
			"from": [-1, 6, 20],
			"to": [3, 10, 22],
			"rotation": {"angle": 22.5, "axis": "x", "origin": [1, 10, 9]},
			"faces": {
				"north": {"uv": [1.25, 8, 2.25, 9], "rotation": 270, "texture": "#main"},
				"east": {"uv": [2, 9.25, 2.5, 10.25], "rotation": 180, "texture": "#main"},
				"south": {"uv": [3, 8, 4, 9], "rotation": 90, "texture": "#main"},
				"west": {"uv": [2, 9.25, 2.5, 10.25], "texture": "#main"},
				"up": {"uv": [2, 8, 2.5, 9], "rotation": 90, "texture": "#main"},
				"down": {"uv": [2, 9.75, 2.5, 10.75], "rotation": 270, "texture": "#main"}
			}
		},
		{
			"from": [-0.5, 6.5, 18.5],
			"to": [2.5, 9.5, 20.5],
			"rotation": {"angle": 22.5, "axis": "x", "origin": [1, 10, 9]},
			"faces": {
				"north": {"uv": [0.25, 11.5, 0.75, 10.75], "texture": "#main"},
				"east": {"uv": [0.25, 11.5, 0.75, 10.75], "rotation": 270, "texture": "#main"},
				"south": {"uv": [0.25, 11.5, 0.75, 10.75], "rotation": 180, "texture": "#main"},
				"west": {"uv": [0.25, 11.5, 0.75, 10.75], "rotation": 90, "texture": "#main"},
				"up": {"uv": [0.25, 11.5, 0.75, 10.75], "rotation": 180, "texture": "#main"},
				"down": {"uv": [0.25, 11.5, 0.75, 10.75], "texture": "#main"}
			}
		},
		{
			"from": [-1, 6, 14.5],
			"to": [3, 10, 19.5],
			"rotation": {"angle": 22.5, "axis": "x", "origin": [1, 10, 9]},
			"faces": {
				"north": {"uv": [0, 8, 1, 9], "rotation": 180, "texture": "#main"},
				"east": {"uv": [1.5, 9.5, 2.5, 10.75], "rotation": 90, "texture": "#main"},
				"south": {"uv": [0, 9.75, 1, 10.75], "texture": "#main"},
				"west": {"uv": [1, 8, 2, 9.25], "rotation": 270, "texture": "#main"},
				"up": {"uv": [0, 9.5, 1, 10.75], "texture": "#main"},
				"down": {"uv": [0, 8, 1, 9.25], "rotation": 180, "texture": "#main"}
			}
		},
		{
			"from": [-0.5, 6.5, 13],
			"to": [2.5, 9.5, 15],
			"rotation": {"angle": 22.5, "axis": "x", "origin": [1, 10, 9]},
			"faces": {
				"north": {"uv": [0.25, 11.5, 0.75, 10.75], "texture": "#main"},
				"east": {"uv": [0.25, 11.5, 0.75, 10.75], "rotation": 270, "texture": "#main"},
				"south": {"uv": [0.25, 11.5, 0.75, 10.75], "rotation": 180, "texture": "#main"},
				"west": {"uv": [0.25, 11.5, 0.75, 10.75], "rotation": 90, "texture": "#main"},
				"up": {"uv": [0.25, 11.5, 0.75, 10.75], "rotation": 180, "texture": "#main"},
				"down": {"uv": [0.25, 11.5, 0.75, 10.75], "texture": "#main"}
			}
		},
		{
			"from": [-1, 6, 9],
			"to": [3, 10, 14],
			"rotation": {"angle": 22.5, "axis": "x", "origin": [1, 10, 9]},
			"faces": {
				"north": {"uv": [0, 8, 1, 9], "rotation": 180, "texture": "#main"},
				"east": {"uv": [1.5, 9.5, 2.5, 10.75], "rotation": 90, "texture": "#main"},
				"south": {"uv": [0, 9.75, 1, 10.75], "texture": "#main"},
				"west": {"uv": [1, 8, 2, 9.25], "rotation": 270, "texture": "#main"},
				"up": {"uv": [0, 9.5, 1, 10.75], "texture": "#main"},
				"down": {"uv": [0, 8, 1, 9.25], "rotation": 180, "texture": "#main"}
			}
		},
		{
			"from": [0.5, 6.5, 8],
			"to": [3, 9.5, 10],
			"rotation": {"angle": 22.5, "axis": "x", "origin": [1, 10, 9]},
			"faces": {
				"north": {"uv": [0.25, 11.5, 0.75, 10.75], "texture": "#main"},
				"east": {"uv": [0.25, 11.5, 0.75, 10.75], "rotation": 270, "texture": "#main"},
				"south": {"uv": [0.25, 11.5, 0.75, 10.75], "rotation": 180, "texture": "#main"},
				"west": {"uv": [0.25, 11.5, 0.75, 10.75], "rotation": 90, "texture": "#main"},
				"up": {"uv": [0.25, 11.5, 0.75, 10.75], "rotation": 180, "texture": "#main"},
				"down": {"uv": [0.25, 11.5, 0.75, 10.75], "texture": "#main"}
			}
		},
		{
			"from": [13, 6.5, 8],
			"to": [15.5, 9.5, 10],
			"rotation": {"angle": -22.5, "axis": "x", "origin": [15, 10, 9]},
			"faces": {
				"north": {"uv": [0, 11.25, 0.75, 10.75], "rotation": 180, "texture": "#main"},
				"east": {"uv": [0, 11.25, 0.75, 10.75], "rotation": 270, "texture": "#main"},
				"south": {"uv": [0.5, 12, 1, 11.25], "texture": "#main"},
				"west": {"uv": [0, 11.25, 0.75, 10.75], "rotation": 90, "texture": "#main"},
				"up": {"uv": [0, 11.25, 0.75, 10.75], "rotation": 180, "texture": "#main"},
				"down": {"uv": [0, 11.25, 0.75, 10.75], "texture": "#main"}
			}
		},
		{
			"from": [13, 6, 4],
			"to": [17, 10, 9],
			"rotation": {"angle": -22.5, "axis": "x", "origin": [15, 10, 9]},
			"faces": {
				"north": {"uv": [1.5, 8.5, 2.5, 9.5], "rotation": 180, "texture": "#main"},
				"east": {"uv": [1.5, 9.5, 2.5, 10.75], "rotation": 90, "texture": "#main"},
				"south": {"uv": [1.5, 9.5, 2.5, 10.5], "texture": "#main"},
				"west": {"uv": [1, 8, 2, 9.25], "rotation": 90, "texture": "#main"},
				"up": {"uv": [0, 8, 1, 9.25], "texture": "#main"},
				"down": {"uv": [0, 9.5, 1, 10.75], "rotation": 180, "texture": "#main"}
			}
		},
		{
			"from": [13.5, 6.5, 3],
			"to": [16.5, 9.5, 5],
			"rotation": {"angle": -22.5, "axis": "x", "origin": [15, 10, 9]},
			"faces": {
				"north": {"uv": [0, 11.25, 0.75, 10.75], "rotation": 180, "texture": "#main"},
				"east": {"uv": [0, 11.25, 0.75, 10.75], "rotation": 270, "texture": "#main"},
				"south": {"uv": [0, 11.25, 0.75, 10.75], "texture": "#main"},
				"west": {"uv": [0, 11.25, 0.75, 10.75], "rotation": 90, "texture": "#main"},
				"up": {"uv": [0, 11.25, 0.75, 10.75], "rotation": 180, "texture": "#main"},
				"down": {"uv": [0, 11.25, 0.75, 10.75], "texture": "#main"}
			}
		},
		{
			"from": [13, 6, -1.5],
			"to": [17, 10, 3.5],
			"rotation": {"angle": -22.5, "axis": "x", "origin": [15, 10, 9]},
			"faces": {
				"north": {"uv": [1.5, 8.5, 2.5, 9.5], "rotation": 180, "texture": "#main"},
				"east": {"uv": [1.5, 9.5, 2.5, 10.75], "rotation": 90, "texture": "#main"},
				"south": {"uv": [1.5, 9.5, 2.5, 10.5], "texture": "#main"},
				"west": {"uv": [1, 8, 2, 9.25], "rotation": 90, "texture": "#main"},
				"up": {"uv": [0, 8, 1, 9.25], "texture": "#main"},
				"down": {"uv": [0, 9.5, 1, 10.75], "rotation": 180, "texture": "#main"}
			}
		},
		{
			"from": [13.5, 6.5, -2.5],
			"to": [16.5, 9.5, -0.5],
			"rotation": {"angle": -22.5, "axis": "x", "origin": [15, 10, 9]},
			"faces": {
				"north": {"uv": [0.25, 11.5, 0.75, 10.75], "texture": "#main"},
				"east": {"uv": [0.25, 11.5, 0.75, 10.75], "rotation": 90, "texture": "#main"},
				"south": {"uv": [0.25, 11.5, 0.75, 10.75], "rotation": 180, "texture": "#main"},
				"west": {"uv": [0.25, 11.5, 0.75, 10.75], "rotation": 270, "texture": "#main"},
				"up": {"uv": [0.25, 11.5, 0.75, 10.75], "texture": "#main"},
				"down": {"uv": [0.25, 11.5, 0.75, 10.75], "rotation": 180, "texture": "#main"}
			}
		},
		{
			"from": [13, 6, -4],
			"to": [17, 10, -2],
			"rotation": {"angle": -22.5, "axis": "x", "origin": [15, 10, 9]},
			"faces": {
				"north": {"uv": [3, 8, 4, 9], "rotation": 270, "texture": "#main"},
				"east": {"uv": [2, 9.75, 2.5, 10.75], "texture": "#main"},
				"south": {"uv": [1.25, 8, 2.25, 9], "rotation": 90, "texture": "#main"},
				"west": {"uv": [2, 9.75, 2.5, 10.75], "rotation": 180, "texture": "#main"},
				"up": {"uv": [2, 8.25, 2.5, 9.25], "rotation": 270, "texture": "#main"},
				"down": {"uv": [2, 9, 2.5, 10], "rotation": 90, "texture": "#main"}
			}
		},
		{
			"from": [6.5, 8.5, 5.5],
			"to": [9.5, 11.5, 7.5],
			"rotation": {"angle": -22.5, "axis": "x", "origin": [8.00739, 15.64918, 4.124]},
			"faces": {
				"north": {"uv": [0.25, 11.5, 0.75, 10.75], "rotation": 180, "texture": "#main"},
				"east": {"uv": [0.25, 11.5, 0.75, 10.75], "rotation": 180, "texture": "#main"},
				"south": {"uv": [0.25, 11.5, 0.75, 10.75], "rotation": 180, "texture": "#main"},
				"west": {"uv": [0.25, 11.5, 0.75, 10.75], "rotation": 180, "texture": "#main"},
				"up": {"uv": [0.25, 11.5, 0.75, 10.75], "rotation": 180, "texture": "#main"},
				"down": {"uv": [0.25, 11.5, 0.75, 10.75], "rotation": 180, "texture": "#main"}
			}
		},
		{
			"from": [4, 10.5, 4],
			"to": [12, 12.5, 8],
			"rotation": {"angle": -45, "axis": "x", "origin": [8, 11.5, 5]},
			"faces": {
				"north": {"uv": [0, 8, 2, 8.5], "texture": "#main"},
				"east": {"uv": [0, 8, 1, 8.5], "texture": "#main"},
				"south": {"uv": [0.5, 8, 2.5, 8.5], "texture": "#main"},
				"west": {"uv": [1.5, 8, 2.5, 8.5], "texture": "#main"},
				"up": {"uv": [2.5, 10.75, 4.5, 11.75], "rotation": 180, "texture": "#main"},
				"down": {"uv": [0, 8, 2, 9], "texture": "#main"}
			}
		},
		{
			"from": [4, 11.5, 6],
			"to": [12, 14.5, 10],
			"rotation": {"angle": -22.5, "axis": "x", "origin": [8.00739, 15.64918, 4.124]},
			"faces": {
				"north": {"uv": [3, 10.75, 4, 11.5], "texture": "#main"},
				"east": {"uv": [0, 8, 1, 8.75], "texture": "#main"},
				"south": {"uv": [0.25, 9.25, 2.25, 10], "texture": "#main"},
				"west": {"uv": [0, 8, 1, 8.75], "texture": "#main"},
				"up": {"uv": [0, 8, 1, 8.75], "texture": "#main"},
				"down": {"uv": [0.25, 10, 2.25, 10.75], "texture": "#main"}
			}
		},
		{
			"from": [12, 12.5, 2],
			"to": [13, 14.5, 9],
			"rotation": {"angle": -22.5, "axis": "x", "origin": [8.00739, 15.64918, 4.124]},
			"faces": {
				"north": {"uv": [2.25, 8, 2.5, 8.75], "texture": "#main"},
				"east": {"uv": [0.25, 9.5, 2, 10], "texture": "#main"},
				"south": {"uv": [0, 8.75, 2.5, 9], "texture": "#main"},
				"west": {"uv": [0.25, 8.25, 0.75, 8.5], "texture": "#main"},
				"up": {"uv": [0, 8, 0.25, 9.75], "texture": "#main"},
				"down": {"uv": [0, 8, 0.25, 9.75], "texture": "#main"}
			}
		},
		{
			"from": [3, 12.5, 2],
			"to": [4, 14.5, 9],
			"rotation": {"angle": -22.5, "axis": "x", "origin": [8.00739, 15.64918, 4.124]},
			"faces": {
				"north": {"uv": [0, 8, 0.25, 8.5], "texture": "#main"},
				"east": {"uv": [0.25, 8.25, 0.75, 8.5], "texture": "#main"},
				"south": {"uv": [0, 8.5, 0.25, 9], "texture": "#main"},
				"west": {"uv": [0, 8, 1.75, 8.5], "texture": "#main"},
				"up": {"uv": [0, 8, 0.25, 9.75], "texture": "#main"},
				"down": {"uv": [0, 8, 0.25, 9.75], "texture": "#main"}
			}
		},
		{
			"from": [4.5, 12.5, 1],
			"to": [11.5, 13.5, 2],
			"rotation": {"angle": -22.5, "axis": "x", "origin": [8.00739, 15.64918, 4.124]},
			"faces": {
				"north": {"uv": [5, 8.75, 3.25, 9.25], "texture": "#main"},
				"east": {"uv": [3, 8.5, 3.25, 9], "texture": "#main"},
				"south": {"uv": [5, 8.5, 3.25, 8.75], "texture": "#main"},
				"west": {"uv": [3, 8.5, 3.25, 9], "texture": "#main"},
				"up": {"uv": [5, 8.5, 3.25, 8.75], "texture": "#main"},
				"down": {"uv": [5, 9.25, 3.25, 9.5], "texture": "#main"}
			}
		},
		{
			"from": [5.5, 13.5, 1],
			"to": [10.5, 14.5, 2],
			"rotation": {"angle": -22.5, "axis": "x", "origin": [8.00739, 15.64918, 4.124]},
			"faces": {
				"north": {"uv": [5, 8.75, 3.25, 9.25], "texture": "#main"},
				"east": {"uv": [3, 8.5, 3.25, 9], "texture": "#main"},
				"south": {"uv": [5, 8.5, 3.25, 8.75], "texture": "#main"},
				"west": {"uv": [3, 8.5, 3.25, 9], "texture": "#main"},
				"up": {"uv": [5, 8.5, 3.25, 8.75], "texture": "#main"},
				"down": {"uv": [5, 9.25, 3.25, 9.5], "texture": "#main"}
			}
		},
		{
			"from": [7, 14, 0.5],
			"to": [9, 15, 1.5],
			"rotation": {"angle": -22.5, "axis": "x", "origin": [8.00739, 15.64918, 4.124]},
			"faces": {
				"north": {"uv": [3.25, 11, 3.75, 11.25], "texture": "#main"},
				"east": {"uv": [3, 11, 3.25, 11.25], "texture": "#main"},
				"south": {"uv": [3.25, 11, 3.75, 11.25], "texture": "#main"},
				"west": {"uv": [3.75, 11, 4, 11.25], "texture": "#main"},
				"up": {"uv": [3.25, 11, 3.75, 11.25], "texture": "#main"},
				"down": {"uv": [3.25, 11, 3.75, 11.25], "texture": "#main"}
			}
		},
		{
			"from": [11, 14.5, 2],
			"to": [12, 18.5, 3],
			"rotation": {"angle": -22.5, "axis": "x", "origin": [8.00739, 15.64918, 4.124]},
			"faces": {
				"north": {"uv": [0.5, 8.25, 0.75, 9.25], "texture": "#main"},
				"east": {"uv": [0.75, 8.25, 1, 9.25], "texture": "#main"},
				"south": {"uv": [0.5, 8.25, 0.75, 9.25], "texture": "#main"},
				"west": {"uv": [2.75, 10.75, 3, 11.75], "texture": "#main"},
				"up": {"uv": [0.5, 8, 0.75, 8.25], "texture": "#main"},
				"down": {"uv": [0.5, 9.25, 0.75, 9.5], "texture": "#main"}
			}
		},
		{
			"from": [5, 16.5, 2],
			"to": [7, 18.5, 3],
			"rotation": {"angle": -22.5, "axis": "x", "origin": [8.00739, 15.64918, 4.124]},
			"faces": {
				"north": {"uv": [1.75, 8.5, 2.25, 9], "texture": "#main"},
				"east": {"uv": [1.75, 8.5, 2.25, 9], "texture": "#main"},
				"south": {"uv": [1.75, 8.5, 2.25, 9], "texture": "#main"},
				"west": {"uv": [1.75, 8.5, 2.25, 9], "texture": "#main"},
				"up": {"uv": [1.75, 8.25, 2.25, 8.5], "texture": "#main"},
				"down": {"uv": [3.25, 11, 3.75, 11.25], "texture": "#main"}
			}
		},
		{
			"from": [7, 14.5, 2],
			"to": [9, 18.5, 3],
			"rotation": {"angle": -22.5, "axis": "x", "origin": [8.00739, 15.64918, 4.124]},
			"faces": {
				"north": {"uv": [1, 8.25, 1.5, 9.25], "texture": "#main"},
				"east": {"uv": [3.25, 10.75, 3.5, 11.75], "texture": "#main"},
				"south": {"uv": [0.75, 8.25, 1, 9.25], "texture": "#main"},
				"west": {"uv": [3.5, 10.75, 3.75, 11.75], "texture": "#main"},
				"up": {"uv": [1, 8, 1.5, 8.25], "texture": "#main"},
				"down": {"uv": [1, 9.25, 1.5, 9.5], "texture": "#main"}
			}
		},
		{
			"from": [9, 16.5, 2],
			"to": [11, 18.5, 3],
			"rotation": {"angle": -22.5, "axis": "x", "origin": [8.00739, 15.64918, 4.124]},
			"faces": {
				"north": {"uv": [0.75, 8.5, 1.25, 9], "texture": "#main"},
				"east": {"uv": [0.75, 8.5, 1.25, 9], "texture": "#main"},
				"south": {"uv": [0.75, 8.5, 1.25, 9], "texture": "#main"},
				"west": {"uv": [0.75, 8.5, 1.25, 9], "texture": "#main"},
				"up": {"uv": [0.75, 8.25, 1.25, 8.5], "texture": "#main"},
				"down": {"uv": [2.75, 11, 3.25, 11.25], "texture": "#main"}
			}
		},
		{
			"from": [4, 14.5, 2],
			"to": [5, 18.5, 3],
			"rotation": {"angle": -22.5, "axis": "x", "origin": [8.00739, 15.64918, 4.124]},
			"faces": {
				"north": {"uv": [2, 8.25, 2.25, 9.25], "texture": "#main"},
				"east": {"uv": [3.5, 10.75, 3.75, 11.75], "texture": "#main"},
				"south": {"uv": [2, 8.25, 2.25, 9.25], "texture": "#main"},
				"west": {"uv": [1.75, 8.25, 2, 9.25], "texture": "#main"},
				"up": {"uv": [2, 8, 2.25, 8.25], "texture": "#main"},
				"down": {"uv": [2, 9.25, 2.25, 9.5], "texture": "#main"}
			}
		},
		{
			"from": [9, 20, 5],
			"to": [12, 25, 6],
			"rotation": {"angle": -22.5, "axis": "x", "origin": [8.00739, 15.64918, 4.124]},
			"faces": {
				"north": {"uv": [1.25, 12.25, 2.5, 13], "rotation": 90, "texture": "#main"},
				"east": {"uv": [0.25, 8.75, 1.5, 9], "rotation": 90, "texture": "#main"},
				"south": {"uv": [1.25, 10, 2.5, 10.75], "rotation": 90, "texture": "#main"},
				"west": {"uv": [0.25, 8.75, 1.5, 9], "rotation": 90, "texture": "#main"},
				"up": {"uv": [0.75, 8.25, 1, 9], "rotation": 90, "texture": "#main"},
				"down": {"uv": [0.75, 8.25, 1, 9], "rotation": 90, "texture": "#main"}
			}
		},
		{
			"from": [10, 19.5, 5],
			"to": [11, 20, 6],
			"rotation": {"angle": -22.5, "axis": "x", "origin": [8.00739, 15.64918, 4.124]},
			"faces": {
				"north": {"uv": [0, 11, 0.5, 10.75], "rotation": 90, "texture": "#main"},
				"east": {"uv": [0, 11, 0.5, 10.75], "rotation": 270, "texture": "#main"},
				"south": {"uv": [0, 11, 0.5, 10.75], "rotation": 270, "texture": "#main"},
				"west": {"uv": [0, 11, 0.5, 10.75], "rotation": 270, "texture": "#main"},
				"up": {"uv": [0, 11, 0.5, 10.75], "rotation": 270, "texture": "#main"},
				"down": {"uv": [0, 11, 0.5, 10.75], "rotation": 270, "texture": "#main"}
			}
		},
		{
			"from": [5, 19.5, 5],
			"to": [6, 20, 6],
			"rotation": {"angle": -22.5, "axis": "x", "origin": [8.00739, 15.64918, 4.124]},
			"faces": {
				"north": {"uv": [0, 11, 0.5, 10.75], "rotation": 90, "texture": "#main"},
				"east": {"uv": [0, 11, 0.5, 10.75], "rotation": 270, "texture": "#main"},
				"south": {"uv": [0, 11, 0.5, 10.75], "rotation": 270, "texture": "#main"},
				"west": {"uv": [0, 11, 0.5, 10.75], "rotation": 270, "texture": "#main"},
				"up": {"uv": [0, 11, 0.5, 10.75], "rotation": 270, "texture": "#main"},
				"down": {"uv": [0, 11, 0.5, 10.75], "rotation": 270, "texture": "#main"}
			}
		},
		{
			"from": [4, 20, 5],
			"to": [7, 25, 6],
			"rotation": {"angle": -22.5, "axis": "x", "origin": [8.00739, 15.64918, 4.124]},
			"faces": {
				"north": {"uv": [1.25, 12.25, 2.5, 13], "rotation": 270, "texture": "#main"},
				"east": {"uv": [0.25, 8.75, 1.5, 9], "rotation": 90, "texture": "#main"},
				"south": {"uv": [0, 10, 1.25, 10.75], "rotation": 90, "texture": "#main"},
				"west": {"uv": [0.25, 8.75, 1.5, 9], "rotation": 90, "texture": "#main"},
				"up": {"uv": [0.75, 8.25, 1, 9], "rotation": 90, "texture": "#main"},
				"down": {"uv": [0.75, 8.25, 1, 9], "rotation": 90, "texture": "#main"}
			}
		},
		{
			"from": [5, 23.5, 8.5],
			"to": [6, 24.5, 9.5],
			"rotation": {"angle": -45, "axis": "x", "origin": [8.00739, 15.64918, 4.124]},
			"faces": {
				"north": {"uv": [0, 11, 0.5, 10.75], "rotation": 90, "texture": "#main"},
				"east": {"uv": [0, 11, 0.5, 10.75], "rotation": 270, "texture": "#main"},
				"south": {"uv": [0, 11, 0.5, 10.75], "rotation": 270, "texture": "#main"},
				"west": {"uv": [0, 11, 0.5, 10.75], "rotation": 270, "texture": "#main"},
				"up": {"uv": [0, 11, 0.5, 10.75], "rotation": 270, "texture": "#main"},
				"down": {"uv": [0, 11, 0.5, 10.75], "rotation": 270, "texture": "#main"}
			}
		},
		{
			"from": [10, 23.5, 8.5],
			"to": [11, 24.5, 9.5],
			"rotation": {"angle": -45, "axis": "x", "origin": [8.00739, 15.64918, 4.124]},
			"faces": {
				"north": {"uv": [0, 11, 0.5, 10.75], "rotation": 90, "texture": "#main"},
				"east": {"uv": [0, 11, 0.5, 10.75], "rotation": 270, "texture": "#main"},
				"south": {"uv": [0, 11, 0.5, 10.75], "rotation": 270, "texture": "#main"},
				"west": {"uv": [0, 11, 0.5, 10.75], "rotation": 270, "texture": "#main"},
				"up": {"uv": [0, 11, 0.5, 10.75], "rotation": 270, "texture": "#main"},
				"down": {"uv": [0, 11, 0.5, 10.75], "rotation": 270, "texture": "#main"}
			}
		},
		{
			"from": [9, 24.5, 8.5],
			"to": [12, 29.5, 9.5],
			"rotation": {"angle": -45, "axis": "x", "origin": [8.00739, 15.64918, 4.124]},
			"faces": {
				"north": {"uv": [1.25, 12.25, 2.5, 13], "rotation": 90, "texture": "#main"},
				"east": {"uv": [0.25, 8.75, 1.5, 9], "rotation": 90, "texture": "#main"},
				"south": {"uv": [0, 8.5, 1.25, 9.25], "rotation": 90, "texture": "#main"},
				"west": {"uv": [0.25, 8.75, 1.5, 9], "rotation": 90, "texture": "#main"},
				"up": {"uv": [0.75, 8.25, 1, 9], "rotation": 90, "texture": "#main"},
				"down": {"uv": [0.75, 8.25, 1, 9], "rotation": 90, "texture": "#main"}
			}
		},
		{
			"from": [4, 24.5, 8.5],
			"to": [7, 29.5, 9.5],
			"rotation": {"angle": -45, "axis": "x", "origin": [8.00739, 15.64918, 4.124]},
			"faces": {
				"north": {"uv": [1.25, 12.25, 2.5, 13], "rotation": 270, "texture": "#main"},
				"east": {"uv": [0.25, 8.75, 1.5, 9], "rotation": 90, "texture": "#main"},
				"south": {"uv": [1, 8, 2.25, 8.75], "rotation": 90, "texture": "#main"},
				"west": {"uv": [0.25, 8.75, 1.5, 9], "rotation": 90, "texture": "#main"},
				"up": {"uv": [0.75, 8.25, 1, 9], "rotation": 90, "texture": "#main"},
				"down": {"uv": [0.75, 8.25, 1, 9], "rotation": 90, "texture": "#main"}
			}
		},
		{
			"from": [5.5, 15, 2.9],
			"to": [6.5, 16, 3.9],
			"rotation": {"angle": -22.5, "axis": "x", "origin": [8.00739, 15.64918, 4.124]},
			"faces": {
				"north": {"uv": [4, 12.25, 4.25, 12.5], "texture": "#main"},
				"east": {"uv": [4, 12.25, 4.25, 12.5], "texture": "#main"},
				"south": {"uv": [4, 12.25, 4.25, 12.5], "texture": "#main"},
				"west": {"uv": [4, 12.25, 4.25, 12.5], "texture": "#main"},
				"up": {"uv": [4, 12.25, 4.25, 12.5], "texture": "#main"},
				"down": {"uv": [4, 12.25, 4.25, 12.5], "texture": "#main"}
			}
		},
		{
			"from": [9.5, 15, 2.9],
			"to": [10.5, 16, 3.9],
			"rotation": {"angle": -22.5, "axis": "x", "origin": [8.00739, 15.64918, 4.124]},
			"faces": {
				"north": {"uv": [4, 12, 4.25, 12.25], "texture": "#main"},
				"east": {"uv": [4, 12, 4.25, 12.25], "texture": "#main"},
				"south": {"uv": [4, 12, 4.25, 12.25], "texture": "#main"},
				"west": {"uv": [4, 12, 4.25, 12.25], "texture": "#main"},
				"up": {"uv": [4, 12, 4.25, 12.25], "texture": "#main"},
				"down": {"uv": [4, 12, 4.25, 12.25], "texture": "#main"}
			}
		},
		{
			"from": [4, 14.5, 3],
			"to": [12, 18.5, 10],
			"rotation": {"angle": -22.5, "axis": "x", "origin": [8.00739, 15.64918, 4.124]},
			"faces": {
				"north": {"uv": [3.25, 10.75, 4, 11.5], "texture": "#main"},
				"east": {"uv": [0, 8, 1.75, 9], "texture": "#main"},
				"south": {"uv": [0, 8, 2, 9], "rotation": 180, "texture": "#main"},
				"west": {"uv": [0, 8, 1.75, 9], "texture": "#main"},
				"up": {"uv": [0, 8, 2, 9.75], "texture": "#main"},
				"down": {"uv": [0, 8, 2, 9], "texture": "#main"}
			}
		},
		{
			"from": [5, 18.5, 3],
			"to": [11, 19.5, 9],
			"rotation": {"angle": -22.5, "axis": "x", "origin": [8.00739, 15.64918, 4.124]},
			"faces": {
				"north": {"uv": [0, 8, 1.5, 8.25], "texture": "#main"},
				"east": {"uv": [0, 8, 1.75, 9], "texture": "#main"},
				"south": {"uv": [0, 8, 2, 9], "rotation": 180, "texture": "#main"},
				"west": {"uv": [0, 8, 1.75, 9], "texture": "#main"},
				"up": {"uv": [0, 8, 1.5, 9.5], "texture": "#main"},
				"down": {"uv": [0, 8, 2, 9], "texture": "#main"}
			}
		},
		{
			"from": [4, 12.5, 2],
			"to": [12, 14.5, 5],
			"rotation": {"angle": -22.5, "axis": "x", "origin": [8.00739, 15.64918, 4.124]},
			"faces": {
				"north": {"uv": [0, 8, 1.25, 8.5], "texture": "#main"},
				"east": {"uv": [0, 8, 0.75, 8.5], "texture": "#main"},
				"south": {"uv": [0, 8, 1, 8.75], "texture": "#main"},
				"west": {"uv": [0, 8, 0.75, 8.5], "texture": "#main"},
				"up": {"uv": [2.75, 11, 4, 11.25], "texture": "#main"},
				"down": {"uv": [2.75, 11.25, 4.25, 11.75], "texture": "#main"}
			}
		},
		{
			"from": [-1, 8, 20],
			"to": [3, 12, 22],
			"rotation": {"angle": 22.5, "axis": "x", "origin": [1, 10, 9]},
			"faces": {
				"north": {"uv": [1.25, 0, 2.25, 1], "rotation": 270, "texture": "#main"},
				"east": {"uv": [2, 1.25, 2.5, 2.25], "rotation": 180, "texture": "#main"},
				"south": {"uv": [3, 0, 4, 1], "rotation": 90, "texture": "#main"},
				"west": {"uv": [2, 1.25, 2.5, 2.25], "texture": "#main"},
				"up": {"uv": [2, 0, 2.5, 1], "rotation": 90, "texture": "#main"},
				"down": {"uv": [2, 1.75, 2.5, 2.75], "rotation": 270, "texture": "#main"}
			}
		},
		{
			"from": [-0.5, 8.5, 18.5],
			"to": [2.5, 11.5, 20.5],
			"rotation": {"angle": 22.5, "axis": "x", "origin": [1, 10, 9]},
			"faces": {
				"north": {"uv": [0.25, 3.5, 0.75, 2.75], "texture": "#main"},
				"east": {"uv": [0.25, 3.5, 0.75, 2.75], "rotation": 270, "texture": "#main"},
				"south": {"uv": [0.25, 3.5, 0.75, 2.75], "rotation": 180, "texture": "#main"},
				"west": {"uv": [0.25, 3.5, 0.75, 2.75], "rotation": 90, "texture": "#main"},
				"up": {"uv": [0.25, 3.5, 0.75, 2.75], "rotation": 180, "texture": "#main"},
				"down": {"uv": [0.25, 3.5, 0.75, 2.75], "texture": "#main"}
			}
		},
		{
			"from": [-1, 8, 14.5],
			"to": [3, 12, 19.5],
			"rotation": {"angle": 22.5, "axis": "x", "origin": [1, 10, 9]},
			"faces": {
				"north": {"uv": [0, 0, 1, 1], "rotation": 180, "texture": "#main"},
				"east": {"uv": [1.5, 1.5, 2.5, 2.75], "rotation": 90, "texture": "#main"},
				"south": {"uv": [0, 1.75, 1, 2.75], "texture": "#main"},
				"west": {"uv": [1, 0, 2, 1.25], "rotation": 270, "texture": "#main"},
				"up": {"uv": [0, 1.5, 1, 2.75], "texture": "#main"},
				"down": {"uv": [0, 0, 1, 1.25], "rotation": 180, "texture": "#main"}
			}
		},
		{
			"from": [-0.5, 8.5, 13],
			"to": [2.5, 11.5, 15],
			"rotation": {"angle": 22.5, "axis": "x", "origin": [1, 10, 9]},
			"faces": {
				"north": {"uv": [0.25, 3.5, 0.75, 2.75], "texture": "#main"},
				"east": {"uv": [0.25, 3.5, 0.75, 2.75], "rotation": 270, "texture": "#main"},
				"south": {"uv": [0.25, 3.5, 0.75, 2.75], "rotation": 180, "texture": "#main"},
				"west": {"uv": [0.25, 3.5, 0.75, 2.75], "rotation": 90, "texture": "#main"},
				"up": {"uv": [0.25, 3.5, 0.75, 2.75], "rotation": 180, "texture": "#main"},
				"down": {"uv": [0.25, 3.5, 0.75, 2.75], "texture": "#main"}
			}
		},
		{
			"from": [-1, 8, 9],
			"to": [3, 12, 14],
			"rotation": {"angle": 22.5, "axis": "x", "origin": [1, 10, 9]},
			"faces": {
				"north": {"uv": [0, 0, 1, 1], "rotation": 180, "texture": "#main"},
				"east": {"uv": [1.5, 1.5, 2.5, 2.75], "rotation": 90, "texture": "#main"},
				"south": {"uv": [0, 1.75, 1, 2.75], "texture": "#main"},
				"west": {"uv": [1, 0, 2, 1.25], "rotation": 270, "texture": "#main"},
				"up": {"uv": [0, 1.5, 1, 2.75], "texture": "#main"},
				"down": {"uv": [0, 0, 1, 1.25], "rotation": 180, "texture": "#main"}
			}
		},
		{
			"from": [0.5, 8.5, 8],
			"to": [3, 11.5, 10],
			"rotation": {"angle": 22.5, "axis": "x", "origin": [1, 10, 9]},
			"faces": {
				"north": {"uv": [0.25, 3.5, 0.75, 2.75], "texture": "#main"},
				"east": {"uv": [0.25, 3.5, 0.75, 2.75], "rotation": 270, "texture": "#main"},
				"south": {"uv": [0.25, 3.5, 0.75, 2.75], "rotation": 180, "texture": "#main"},
				"west": {"uv": [0.25, 3.5, 0.75, 2.75], "rotation": 90, "texture": "#main"},
				"up": {"uv": [0.25, 3.5, 0.75, 2.75], "rotation": 180, "texture": "#main"},
				"down": {"uv": [0.25, 3.5, 0.75, 2.75], "texture": "#main"}
			}
		},
		{
			"from": [13, 8.5, 8],
			"to": [15.5, 11.5, 10],
			"rotation": {"angle": -22.5, "axis": "x", "origin": [15, 10, 9]},
			"faces": {
				"north": {"uv": [0, 3.25, 0.75, 2.75], "rotation": 180, "texture": "#main"},
				"east": {"uv": [0, 3.25, 0.75, 2.75], "rotation": 270, "texture": "#main"},
				"south": {"uv": [0.5, 4, 1, 3.25], "texture": "#main"},
				"west": {"uv": [0, 3.25, 0.75, 2.75], "rotation": 90, "texture": "#main"},
				"up": {"uv": [0, 3.25, 0.75, 2.75], "rotation": 180, "texture": "#main"},
				"down": {"uv": [0, 3.25, 0.75, 2.75], "texture": "#main"}
			}
		},
		{
			"from": [13, 8, 4],
			"to": [17, 12, 9],
			"rotation": {"angle": -22.5, "axis": "x", "origin": [15, 10, 9]},
			"faces": {
				"north": {"uv": [1.5, 0.5, 2.5, 1.5], "rotation": 180, "texture": "#main"},
				"east": {"uv": [1.5, 1.5, 2.5, 2.75], "rotation": 90, "texture": "#main"},
				"south": {"uv": [1.5, 1.5, 2.5, 2.5], "texture": "#main"},
				"west": {"uv": [1, 0, 2, 1.25], "rotation": 90, "texture": "#main"},
				"up": {"uv": [0, 0, 1, 1.25], "texture": "#main"},
				"down": {"uv": [0, 1.5, 1, 2.75], "rotation": 180, "texture": "#main"}
			}
		},
		{
			"from": [13.5, 8.5, 3],
			"to": [16.5, 11.5, 5],
			"rotation": {"angle": -22.5, "axis": "x", "origin": [15, 10, 9]},
			"faces": {
				"north": {"uv": [0, 3.25, 0.75, 2.75], "rotation": 180, "texture": "#main"},
				"east": {"uv": [0, 3.25, 0.75, 2.75], "rotation": 270, "texture": "#main"},
				"south": {"uv": [0, 3.25, 0.75, 2.75], "texture": "#main"},
				"west": {"uv": [0, 3.25, 0.75, 2.75], "rotation": 90, "texture": "#main"},
				"up": {"uv": [0, 3.25, 0.75, 2.75], "rotation": 180, "texture": "#main"},
				"down": {"uv": [0, 3.25, 0.75, 2.75], "texture": "#main"}
			}
		},
		{
			"from": [13, 8, -1.5],
			"to": [17, 12, 3.5],
			"rotation": {"angle": -22.5, "axis": "x", "origin": [15, 10, 9]},
			"faces": {
				"north": {"uv": [1.5, 0.5, 2.5, 1.5], "rotation": 180, "texture": "#main"},
				"east": {"uv": [1.5, 1.5, 2.5, 2.75], "rotation": 90, "texture": "#main"},
				"south": {"uv": [1.5, 1.5, 2.5, 2.5], "texture": "#main"},
				"west": {"uv": [1, 0, 2, 1.25], "rotation": 90, "texture": "#main"},
				"up": {"uv": [0, 0, 1, 1.25], "texture": "#main"},
				"down": {"uv": [0, 1.5, 1, 2.75], "rotation": 180, "texture": "#main"}
			}
		},
		{
			"from": [13.5, 8.5, -2.5],
			"to": [16.5, 11.5, -0.5],
			"rotation": {"angle": -22.5, "axis": "x", "origin": [15, 10, 9]},
			"faces": {
				"north": {"uv": [0.25, 3.5, 0.75, 2.75], "texture": "#main"},
				"east": {"uv": [0.25, 3.5, 0.75, 2.75], "rotation": 90, "texture": "#main"},
				"south": {"uv": [0.25, 3.5, 0.75, 2.75], "rotation": 180, "texture": "#main"},
				"west": {"uv": [0.25, 3.5, 0.75, 2.75], "rotation": 270, "texture": "#main"},
				"up": {"uv": [0.25, 3.5, 0.75, 2.75], "texture": "#main"},
				"down": {"uv": [0.25, 3.5, 0.75, 2.75], "rotation": 180, "texture": "#main"}
			}
		},
		{
			"from": [13, 8, -4],
			"to": [17, 12, -2],
			"rotation": {"angle": -22.5, "axis": "x", "origin": [15, 10, 9]},
			"faces": {
				"north": {"uv": [3, 0, 4, 1], "rotation": 270, "texture": "#main"},
				"east": {"uv": [2, 1.75, 2.5, 2.75], "texture": "#main"},
				"south": {"uv": [1.25, 0, 2.25, 1], "rotation": 90, "texture": "#main"},
				"west": {"uv": [2, 1.75, 2.5, 2.75], "rotation": 180, "texture": "#main"},
				"up": {"uv": [2, 0.25, 2.5, 1.25], "rotation": 270, "texture": "#main"},
				"down": {"uv": [2, 1, 2.5, 2], "rotation": 90, "texture": "#main"}
			}
		},
		{
			"from": [6.5, 9.5, 7.5],
			"to": [9.5, 12.5, 9.5],
			"rotation": {"angle": 0, "axis": "y", "origin": [8.00739, 16.64918, 7.124]},
			"faces": {
				"north": {"uv": [0.25, 3.5, 0.75, 2.75], "rotation": 180, "texture": "#main"},
				"east": {"uv": [0.25, 3.5, 0.75, 2.75], "rotation": 180, "texture": "#main"},
				"south": {"uv": [0.25, 3.5, 0.75, 2.75], "rotation": 180, "texture": "#main"},
				"west": {"uv": [0.25, 3.5, 0.75, 2.75], "rotation": 180, "texture": "#main"},
				"up": {"uv": [0.25, 3.5, 0.75, 2.75], "rotation": 180, "texture": "#main"},
				"down": {"uv": [0.25, 3.5, 0.75, 2.75], "rotation": 180, "texture": "#main"}
			}
		},
		{
			"from": [4, 11.5, 5],
			"to": [12, 13.5, 9],
			"rotation": {"angle": -22.5, "axis": "x", "origin": [8, 12.5, 8]},
			"faces": {
				"north": {"uv": [0, 0, 2, 0.5], "texture": "#main"},
				"east": {"uv": [0, 0, 1, 0.5], "texture": "#main"},
				"south": {"uv": [0.5, 0, 2.5, 0.5], "texture": "#main"},
				"west": {"uv": [1.5, 0, 2.5, 0.5], "texture": "#main"},
				"up": {"uv": [2.5, 2.75, 4.5, 3.75], "rotation": 180, "texture": "#main"},
				"down": {"uv": [0, 0, 2, 1], "texture": "#main"}
			}
		},
		{
			"from": [4, 12.5, 9],
			"to": [12, 15.5, 13],
			"rotation": {"angle": 0, "axis": "y", "origin": [8.00739, 16.64918, 7.124]},
			"faces": {
				"north": {"uv": [3, 2.75, 4, 3.5], "texture": "#main"},
				"east": {"uv": [0, 0, 1, 0.75], "texture": "#main"},
				"south": {"uv": [0.25, 1.25, 2.25, 2], "texture": "#main"},
				"west": {"uv": [0, 0, 1, 0.75], "texture": "#main"},
				"up": {"uv": [0, 0, 1, 0.75], "texture": "#main"},
				"down": {"uv": [0.25, 2, 2.25, 2.75], "texture": "#main"}
			}
		},
		{
			"from": [12, 13.5, 5],
			"to": [13, 15.5, 12],
			"rotation": {"angle": 0, "axis": "y", "origin": [8.00739, 16.64918, 7.124]},
			"faces": {
				"north": {"uv": [2.25, 0, 2.5, 0.75], "texture": "#main"},
				"east": {"uv": [0.25, 1.5, 2, 2], "texture": "#main"},
				"south": {"uv": [0, 0.75, 2.5, 1], "texture": "#main"},
				"west": {"uv": [0.25, 0.25, 0.75, 0.5], "texture": "#main"},
				"up": {"uv": [0, 0, 0.25, 1.75], "texture": "#main"},
				"down": {"uv": [0, 0, 0.25, 1.75], "texture": "#main"}
			}
		},
		{
			"from": [3, 13.5, 5],
			"to": [4, 15.5, 12],
			"rotation": {"angle": 0, "axis": "y", "origin": [8.00739, 16.64918, 7.124]},
			"faces": {
				"north": {"uv": [0, 0, 0.25, 0.5], "texture": "#main"},
				"east": {"uv": [0.25, 0.25, 0.75, 0.5], "texture": "#main"},
				"south": {"uv": [0, 0.5, 0.25, 1], "texture": "#main"},
				"west": {"uv": [0, 0, 1.75, 0.5], "texture": "#main"},
				"up": {"uv": [0, 0, 0.25, 1.75], "texture": "#main"},
				"down": {"uv": [0, 0, 0.25, 1.75], "texture": "#main"}
			}
		},
		{
			"from": [4.5, 13.5, 4],
			"to": [11.5, 14.5, 5],
			"rotation": {"angle": 0, "axis": "y", "origin": [8.00739, 16.64918, 7.124]},
			"faces": {
				"north": {"uv": [5, 0.75, 3.25, 1.25], "texture": "#main"},
				"east": {"uv": [3, 0.5, 3.25, 1], "texture": "#main"},
				"south": {"uv": [5, 0.5, 3.25, 0.75], "texture": "#main"},
				"west": {"uv": [3, 0.5, 3.25, 1], "texture": "#main"},
				"up": {"uv": [5, 0.5, 3.25, 0.75], "texture": "#main"},
				"down": {"uv": [5, 1.25, 3.25, 1.5], "texture": "#main"}
			}
		},
		{
			"from": [5.5, 14.5, 4],
			"to": [10.5, 15.5, 5],
			"rotation": {"angle": 0, "axis": "y", "origin": [8.00739, 16.64918, 7.124]},
			"faces": {
				"north": {"uv": [5, 0.75, 3.25, 1.25], "texture": "#main"},
				"east": {"uv": [3, 0.5, 3.25, 1], "texture": "#main"},
				"south": {"uv": [5, 0.5, 3.25, 0.75], "texture": "#main"},
				"west": {"uv": [3, 0.5, 3.25, 1], "texture": "#main"},
				"up": {"uv": [5, 0.5, 3.25, 0.75], "texture": "#main"},
				"down": {"uv": [5, 1.25, 3.25, 1.5], "texture": "#main"}
			}
		},
		{
			"from": [7, 15, 3.5],
			"to": [9, 16, 4.5],
			"rotation": {"angle": 0, "axis": "y", "origin": [8.00739, 16.64918, 7.124]},
			"faces": {
				"north": {"uv": [3.25, 3, 3.75, 3.25], "texture": "#main"},
				"east": {"uv": [3, 3, 3.25, 3.25], "texture": "#main"},
				"south": {"uv": [3.25, 3, 3.75, 3.25], "texture": "#main"},
				"west": {"uv": [3.75, 3, 4, 3.25], "texture": "#main"},
				"up": {"uv": [3.25, 3, 3.75, 3.25], "texture": "#main"},
				"down": {"uv": [3.25, 3, 3.75, 3.25], "texture": "#main"}
			}
		},
		{
			"from": [11, 15.5, 5],
			"to": [12, 19.5, 6],
			"rotation": {"angle": 0, "axis": "y", "origin": [8.00739, 16.64918, 7.124]},
			"faces": {
				"north": {"uv": [0.5, 0.25, 0.75, 1.25], "texture": "#main"},
				"east": {"uv": [0.75, 0.25, 1, 1.25], "texture": "#main"},
				"south": {"uv": [0.5, 0.25, 0.75, 1.25], "texture": "#main"},
				"west": {"uv": [2.75, 2.75, 3, 3.75], "texture": "#main"},
				"up": {"uv": [0.5, 0, 0.75, 0.25], "texture": "#main"},
				"down": {"uv": [0.5, 1.25, 0.75, 1.5], "texture": "#main"}
			}
		},
		{
			"from": [5, 17.5, 5],
			"to": [7, 19.5, 6],
			"rotation": {"angle": 0, "axis": "y", "origin": [8.00739, 16.64918, 7.124]},
			"faces": {
				"north": {"uv": [1.75, 0.5, 2.25, 1], "texture": "#main"},
				"east": {"uv": [1.75, 0.5, 2.25, 1], "texture": "#main"},
				"south": {"uv": [1.75, 0.5, 2.25, 1], "texture": "#main"},
				"west": {"uv": [1.75, 0.5, 2.25, 1], "texture": "#main"},
				"up": {"uv": [1.75, 0.25, 2.25, 0.5], "texture": "#main"},
				"down": {"uv": [3.25, 3, 3.75, 3.25], "texture": "#main"}
			}
		},
		{
			"from": [7, 15.5, 5],
			"to": [9, 19.5, 6],
			"rotation": {"angle": 0, "axis": "y", "origin": [8.00739, 16.64918, 7.124]},
			"faces": {
				"north": {"uv": [1, 0.25, 1.5, 1.25], "texture": "#main"},
				"east": {"uv": [3.25, 2.75, 3.5, 3.75], "texture": "#main"},
				"south": {"uv": [0.75, 0.25, 1, 1.25], "texture": "#main"},
				"west": {"uv": [3.5, 2.75, 3.75, 3.75], "texture": "#main"},
				"up": {"uv": [1, 0, 1.5, 0.25], "texture": "#main"},
				"down": {"uv": [1, 1.25, 1.5, 1.5], "texture": "#main"}
			}
		},
		{
			"from": [9, 17.5, 5],
			"to": [11, 19.5, 6],
			"rotation": {"angle": 0, "axis": "y", "origin": [8.00739, 16.64918, 7.124]},
			"faces": {
				"north": {"uv": [0.75, 0.5, 1.25, 1], "texture": "#main"},
				"east": {"uv": [0.75, 0.5, 1.25, 1], "texture": "#main"},
				"south": {"uv": [0.75, 0.5, 1.25, 1], "texture": "#main"},
				"west": {"uv": [0.75, 0.5, 1.25, 1], "texture": "#main"},
				"up": {"uv": [0.75, 0.25, 1.25, 0.5], "texture": "#main"},
				"down": {"uv": [2.75, 3, 3.25, 3.25], "texture": "#main"}
			}
		},
		{
			"from": [4, 15.5, 5],
			"to": [5, 19.5, 6],
			"rotation": {"angle": 0, "axis": "y", "origin": [8.00739, 16.64918, 7.124]},
			"faces": {
				"north": {"uv": [2, 0.25, 2.25, 1.25], "texture": "#main"},
				"east": {"uv": [3.5, 2.75, 3.75, 3.75], "texture": "#main"},
				"south": {"uv": [2, 0.25, 2.25, 1.25], "texture": "#main"},
				"west": {"uv": [1.75, 0.25, 2, 1.25], "texture": "#main"},
				"up": {"uv": [2, 0, 2.25, 0.25], "texture": "#main"},
				"down": {"uv": [2, 1.25, 2.25, 1.5], "texture": "#main"}
			}
		},
		{
			"from": [9, 21, 8],
			"to": [12, 26, 9],
			"rotation": {"angle": 0, "axis": "z", "origin": [8.00739, 16.64918, 7.124]},
			"faces": {
				"north": {"uv": [1.25, 4.25, 2.5, 5], "rotation": 90, "texture": "#main"},
				"east": {"uv": [0.25, 0.75, 1.5, 1], "rotation": 90, "texture": "#main"},
				"south": {"uv": [1.25, 2, 2.5, 2.75], "rotation": 90, "texture": "#main"},
				"west": {"uv": [0.25, 0.75, 1.5, 1], "rotation": 90, "texture": "#main"},
				"up": {"uv": [0.75, 0.25, 1, 1], "rotation": 90, "texture": "#main"},
				"down": {"uv": [0.75, 0.25, 1, 1], "rotation": 90, "texture": "#main"}
			}
		},
		{
			"from": [10, 20.5, 8],
			"to": [11, 21, 9],
			"rotation": {"angle": 0, "axis": "z", "origin": [8.00739, 16.64918, 7.124]},
			"faces": {
				"north": {"uv": [0, 3, 0.5, 2.75], "rotation": 90, "texture": "#main"},
				"east": {"uv": [0, 3, 0.5, 2.75], "rotation": 270, "texture": "#main"},
				"south": {"uv": [0, 3, 0.5, 2.75], "rotation": 270, "texture": "#main"},
				"west": {"uv": [0, 3, 0.5, 2.75], "rotation": 270, "texture": "#main"},
				"up": {"uv": [0, 3, 0.5, 2.75], "rotation": 270, "texture": "#main"},
				"down": {"uv": [0, 3, 0.5, 2.75], "rotation": 270, "texture": "#main"}
			}
		},
		{
			"from": [5, 20.5, 8],
			"to": [6, 21, 9],
			"rotation": {"angle": 0, "axis": "z", "origin": [8.00739, 16.64918, 7.124]},
			"faces": {
				"north": {"uv": [0, 3, 0.5, 2.75], "rotation": 90, "texture": "#main"},
				"east": {"uv": [0, 3, 0.5, 2.75], "rotation": 270, "texture": "#main"},
				"south": {"uv": [0, 3, 0.5, 2.75], "rotation": 270, "texture": "#main"},
				"west": {"uv": [0, 3, 0.5, 2.75], "rotation": 270, "texture": "#main"},
				"up": {"uv": [0, 3, 0.5, 2.75], "rotation": 270, "texture": "#main"},
				"down": {"uv": [0, 3, 0.5, 2.75], "rotation": 270, "texture": "#main"}
			}
		},
		{
			"from": [4, 21, 8],
			"to": [7, 26, 9],
			"rotation": {"angle": 0, "axis": "z", "origin": [8.00739, 16.64918, 7.124]},
			"faces": {
				"north": {"uv": [1.25, 4.25, 2.5, 5], "rotation": 270, "texture": "#main"},
				"east": {"uv": [0.25, 0.75, 1.5, 1], "rotation": 90, "texture": "#main"},
				"south": {"uv": [0, 2, 1.25, 2.75], "rotation": 90, "texture": "#main"},
				"west": {"uv": [0.25, 0.75, 1.5, 1], "rotation": 90, "texture": "#main"},
				"up": {"uv": [0.75, 0.25, 1, 1], "rotation": 90, "texture": "#main"},
				"down": {"uv": [0.75, 0.25, 1, 1], "rotation": 90, "texture": "#main"}
			}
		},
		{
			"from": [5, 24.5, 11.5],
			"to": [6, 25.5, 12.5],
			"rotation": {"angle": -22.5, "axis": "x", "origin": [8.00739, 16.64918, 7.124]},
			"faces": {
				"north": {"uv": [0, 3, 0.5, 2.75], "rotation": 90, "texture": "#main"},
				"east": {"uv": [0, 3, 0.5, 2.75], "rotation": 270, "texture": "#main"},
				"south": {"uv": [0, 3, 0.5, 2.75], "rotation": 270, "texture": "#main"},
				"west": {"uv": [0, 3, 0.5, 2.75], "rotation": 270, "texture": "#main"},
				"up": {"uv": [0, 3, 0.5, 2.75], "rotation": 270, "texture": "#main"},
				"down": {"uv": [0, 3, 0.5, 2.75], "rotation": 270, "texture": "#main"}
			}
		},
		{
			"from": [10, 24.5, 11.5],
			"to": [11, 25.5, 12.5],
			"rotation": {"angle": -22.5, "axis": "x", "origin": [8.00739, 16.64918, 7.124]},
			"faces": {
				"north": {"uv": [0, 3, 0.5, 2.75], "rotation": 90, "texture": "#main"},
				"east": {"uv": [0, 3, 0.5, 2.75], "rotation": 270, "texture": "#main"},
				"south": {"uv": [0, 3, 0.5, 2.75], "rotation": 270, "texture": "#main"},
				"west": {"uv": [0, 3, 0.5, 2.75], "rotation": 270, "texture": "#main"},
				"up": {"uv": [0, 3, 0.5, 2.75], "rotation": 270, "texture": "#main"},
				"down": {"uv": [0, 3, 0.5, 2.75], "rotation": 270, "texture": "#main"}
			}
		},
		{
			"from": [9, 25.5, 11.5],
			"to": [12, 30.5, 12.5],
			"rotation": {"angle": -22.5, "axis": "x", "origin": [8.00739, 16.64918, 7.124]},
			"faces": {
				"north": {"uv": [1.25, 4.25, 2.5, 5], "rotation": 90, "texture": "#main"},
				"east": {"uv": [0.25, 0.75, 1.5, 1], "rotation": 90, "texture": "#main"},
				"south": {"uv": [0, 0.5, 1.25, 1.25], "rotation": 90, "texture": "#main"},
				"west": {"uv": [0.25, 0.75, 1.5, 1], "rotation": 90, "texture": "#main"},
				"up": {"uv": [0.75, 0.25, 1, 1], "rotation": 90, "texture": "#main"},
				"down": {"uv": [0.75, 0.25, 1, 1], "rotation": 90, "texture": "#main"}
			}
		},
		{
			"from": [4, 25.5, 11.5],
			"to": [7, 30.5, 12.5],
			"rotation": {"angle": -22.5, "axis": "x", "origin": [8.00739, 16.64918, 7.124]},
			"faces": {
				"north": {"uv": [1.25, 4.25, 2.5, 5], "rotation": 270, "texture": "#main"},
				"east": {"uv": [0.25, 0.75, 1.5, 1], "rotation": 90, "texture": "#main"},
				"south": {"uv": [1, 0, 2.25, 0.75], "rotation": 90, "texture": "#main"},
				"west": {"uv": [0.25, 0.75, 1.5, 1], "rotation": 90, "texture": "#main"},
				"up": {"uv": [0.75, 0.25, 1, 1], "rotation": 90, "texture": "#main"},
				"down": {"uv": [0.75, 0.25, 1, 1], "rotation": 90, "texture": "#main"}
			}
		},
		{
			"from": [5.5, 16, 5.9],
			"to": [6.5, 17, 6.9],
			"rotation": {"angle": 0, "axis": "y", "origin": [8.00739, 16.64918, 7.124]},
			"faces": {
				"north": {"uv": [4, 4.25, 4.25, 4.5], "texture": "#main"},
				"east": {"uv": [4, 4.25, 4.25, 4.5], "texture": "#main"},
				"south": {"uv": [4, 4.25, 4.25, 4.5], "texture": "#main"},
				"west": {"uv": [4, 4.25, 4.25, 4.5], "texture": "#main"},
				"up": {"uv": [4, 4.25, 4.25, 4.5], "texture": "#main"},
				"down": {"uv": [4, 4.25, 4.25, 4.5], "texture": "#main"}
			}
		},
		{
			"from": [9.5, 16, 5.9],
			"to": [10.5, 17, 6.9],
			"rotation": {"angle": 0, "axis": "y", "origin": [8.00739, 16.64918, 7.124]},
			"faces": {
				"north": {"uv": [4, 4, 4.25, 4.25], "texture": "#main"},
				"east": {"uv": [4, 4, 4.25, 4.25], "texture": "#main"},
				"south": {"uv": [4, 4, 4.25, 4.25], "texture": "#main"},
				"west": {"uv": [4, 4, 4.25, 4.25], "texture": "#main"},
				"up": {"uv": [4, 4, 4.25, 4.25], "texture": "#main"},
				"down": {"uv": [4, 4, 4.25, 4.25], "texture": "#main"}
			}
		},
		{
			"from": [4, 15.5, 6],
			"to": [12, 19.5, 13],
			"rotation": {"angle": 0, "axis": "y", "origin": [8.00739, 16.64918, 7.124]},
			"faces": {
				"north": {"uv": [3.25, 2.75, 4, 3.5], "texture": "#main"},
				"east": {"uv": [0, 0, 1.75, 1], "texture": "#main"},
				"south": {"uv": [0, 0, 2, 1], "rotation": 180, "texture": "#main"},
				"west": {"uv": [0, 0, 1.75, 1], "texture": "#main"},
				"up": {"uv": [0, 0, 2, 1.75], "texture": "#main"},
				"down": {"uv": [0, 0, 2, 1], "texture": "#main"}
			}
		},
		{
			"from": [5, 19.5, 6],
			"to": [11, 20.5, 12],
			"rotation": {"angle": 0, "axis": "y", "origin": [8.00739, 16.64918, 7.124]},
			"faces": {
				"north": {"uv": [0, 0, 1.5, 0.25], "texture": "#main"},
				"east": {"uv": [0, 0, 1.75, 1], "texture": "#main"},
				"south": {"uv": [0, 0, 2, 1], "rotation": 180, "texture": "#main"},
				"west": {"uv": [0, 0, 1.75, 1], "texture": "#main"},
				"up": {"uv": [0, 0, 1.5, 1.5], "texture": "#main"},
				"down": {"uv": [0, 0, 2, 1], "texture": "#main"}
			}
		},
		{
			"from": [4, 13.5, 5],
			"to": [12, 15.5, 8],
			"rotation": {"angle": 0, "axis": "y", "origin": [8.00739, 16.64918, 7.124]},
			"faces": {
				"north": {"uv": [0, 0, 1.25, 0.5], "texture": "#main"},
				"east": {"uv": [0, 0, 0.75, 0.5], "texture": "#main"},
				"south": {"uv": [0, 0, 1, 0.75], "texture": "#main"},
				"west": {"uv": [0, 0, 0.75, 0.5], "texture": "#main"},
				"up": {"uv": [2.75, 3, 4, 3.25], "texture": "#main"},
				"down": {"uv": [2.75, 3.25, 4.25, 3.75], "texture": "#main"}
			}
		},
		{
			"from": [2, -16, 4],
			"to": [8, -14, 7],
			"rotation": {"angle": -22.5, "axis": "x", "origin": [5, -2.75, 8.57143]},
			"faces": {
				"north": {"uv": [7.2, 3.2, 8.8, 8], "rotation": 90, "texture": "#particle"},
				"east": {"uv": [7.2, 6.4, 8.8, 8], "rotation": 90, "texture": "#particle"},
				"south": {"uv": [7.2, 0, 8.8, 4.8], "rotation": 90, "texture": "#particle"},
				"west": {"uv": [7.2, 0, 8.8, 1.6], "rotation": 90, "texture": "#particle"},
				"up": {"uv": [5.6, 4, 8, 8.8], "rotation": 270, "texture": "#particle"},
				"down": {"uv": [8, 0, 10.4, 4.8], "rotation": 270, "texture": "#particle"}
			}
		},
		{
			"from": [3.5, -14.5, 7.5],
			"to": [6.5, -12.5, 10.5],
			"rotation": {"angle": -22.5, "axis": "x", "origin": [5, -2.75, 8.57143]},
			"faces": {
				"north": {"uv": [0.8, 11.2, 2.4, 8.8], "rotation": 180, "texture": "#particle"},
				"east": {"uv": [0.8, 11.2, 2.4, 8.8], "rotation": 180, "texture": "#particle"},
				"south": {"uv": [0.8, 11.2, 2.4, 8.8], "rotation": 180, "texture": "#particle"},
				"west": {"uv": [0.8, 11.2, 2.4, 8.8], "rotation": 180, "texture": "#particle"},
				"up": {"uv": [0.8, 11.2, 2.4, 8.8], "rotation": 180, "texture": "#particle"},
				"down": {"uv": [0.8, 11.2, 2.4, 8.8], "rotation": 180, "texture": "#particle"}
			}
		},
		{
			"from": [3, -16, 7],
			"to": [7, -14, 11],
			"rotation": {"angle": -22.5, "axis": "x", "origin": [5, -2.75, 8.57143]},
			"faces": {
				"north": {"uv": [7.2, 0, 8.8, 3.2], "rotation": 90, "texture": "#particle"},
				"east": {"uv": [7.2, 0, 8.8, 3.2], "rotation": 90, "texture": "#particle"},
				"south": {"uv": [7.2, 3.2, 8.8, 6.4], "rotation": 90, "texture": "#particle"},
				"west": {"uv": [7.2, 0, 8.8, 3.2], "rotation": 90, "texture": "#particle"},
				"up": {"uv": [4, 0, 7.2, 3.2], "rotation": 90, "texture": "#particle"},
				"down": {"uv": [9.6, 0, 12.8, 3.2], "rotation": 90, "texture": "#particle"}
			}
		},
		{
			"from": [3, -13.5, 7],
			"to": [7, -8.5, 11],
			"rotation": {"angle": -22.5, "axis": "x", "origin": [5, -2.75, 9]},
			"faces": {
				"north": {"uv": [0, 0, 3.2, 4], "texture": "#particle"},
				"east": {"uv": [4.8, 4.8, 8, 8.8], "texture": "#particle"},
				"south": {"uv": [0, 4.8, 3.2, 8.8], "texture": "#particle"},
				"west": {"uv": [3.2, 0, 6.4, 4], "texture": "#particle"},
				"up": {"uv": [0, 0, 3.2, 3.2], "texture": "#particle"},
				"down": {"uv": [0, 5.6, 3.2, 8.8], "texture": "#particle"}
			}
		},
		{
			"from": [3.5, -9, 7.5],
			"to": [6.5, -7, 10.5],
			"rotation": {"angle": -22.5, "axis": "x", "origin": [5, -2.75, 9]},
			"faces": {
				"north": {"uv": [0.8, 11.2, 2.4, 8.8], "rotation": 180, "texture": "#particle"},
				"east": {"uv": [0.8, 11.2, 2.4, 8.8], "rotation": 180, "texture": "#particle"},
				"south": {"uv": [0.8, 11.2, 2.4, 8.8], "rotation": 180, "texture": "#particle"},
				"west": {"uv": [0.8, 11.2, 2.4, 8.8], "rotation": 180, "texture": "#particle"},
				"up": {"uv": [0.8, 11.2, 2.4, 8.8], "rotation": 180, "texture": "#particle"},
				"down": {"uv": [0.8, 11.2, 2.4, 8.8], "rotation": 180, "texture": "#particle"}
			}
		},
		{
			"from": [3, -8, 7],
			"to": [7, -3, 11],
			"rotation": {"angle": -22.5, "axis": "x", "origin": [5, -2.75, 9]},
			"faces": {
				"north": {"uv": [0, 0, 3.2, 4], "texture": "#particle"},
				"east": {"uv": [4.8, 4.8, 8, 8.8], "texture": "#particle"},
				"south": {"uv": [0, 4.8, 3.2, 8.8], "texture": "#particle"},
				"west": {"uv": [3.2, 0, 6.4, 4], "texture": "#particle"},
				"up": {"uv": [0, 0, 3.2, 3.2], "texture": "#particle"},
				"down": {"uv": [0, 5.6, 3.2, 8.8], "texture": "#particle"}
			}
		},
		{
			"from": [3.5, -3.5, 7.5],
			"to": [6.5, -1.5, 10.5],
			"rotation": {"angle": -22.5, "axis": "x", "origin": [5, -2.75, 9]},
			"faces": {
				"north": {"uv": [0.8, 11.2, 2.4, 8.8], "rotation": 180, "texture": "#particle"},
				"east": {"uv": [0.8, 11.2, 2.4, 8.8], "rotation": 180, "texture": "#particle"},
				"south": {"uv": [0.8, 11.2, 2.4, 8.8], "rotation": 180, "texture": "#particle"},
				"west": {"uv": [0.8, 11.2, 2.4, 8.8], "rotation": 180, "texture": "#particle"},
				"up": {"uv": [0.8, 11.2, 2.4, 8.8], "rotation": 180, "texture": "#particle"},
				"down": {"uv": [0.8, 11.2, 2.4, 8.8], "rotation": 180, "texture": "#particle"}
			}
		},
		{
			"from": [9.5, -3.5, 7.5],
			"to": [12.5, -1.5, 10.5],
			"rotation": {"angle": 22.5, "axis": "x", "origin": [11, -2.75, 9]},
			"faces": {
				"north": {"uv": [0.8, 11.2, 2.4, 8.8], "rotation": 180, "texture": "#particle"},
				"east": {"uv": [0.8, 11.2, 2.4, 8.8], "rotation": 180, "texture": "#particle"},
				"south": {"uv": [0.8, 11.2, 2.4, 8.8], "rotation": 180, "texture": "#particle"},
				"west": {"uv": [0.8, 11.2, 2.4, 8.8], "rotation": 180, "texture": "#particle"},
				"up": {"uv": [0.8, 11.2, 2.4, 8.8], "rotation": 180, "texture": "#particle"},
				"down": {"uv": [0.8, 11.2, 2.4, 8.8], "rotation": 180, "texture": "#particle"}
			}
		},
		{
			"from": [9, -8, 7],
			"to": [13, -3, 11],
			"rotation": {"angle": 22.5, "axis": "x", "origin": [11, -2.75, 9]},
			"faces": {
				"north": {"uv": [0, 0, 3.2, 4], "rotation": 180, "texture": "#particle"},
				"east": {"uv": [4.8, 4.8, 8, 8.8], "rotation": 180, "texture": "#particle"},
				"south": {"uv": [0, 4.8, 3.2, 8.8], "rotation": 180, "texture": "#particle"},
				"west": {"uv": [3.2, 0, 6.4, 4], "texture": "#particle"},
				"up": {"uv": [4.8, 4.8, 8, 8], "texture": "#particle"},
				"down": {"uv": [4.8, 1.6, 8, 4.8], "texture": "#particle"}
			}
		},
		{
			"from": [9.5, -9, 7.5],
			"to": [12.5, -7, 10.5],
			"rotation": {"angle": 22.5, "axis": "x", "origin": [11, -2.75, 9]},
			"faces": {
				"north": {"uv": [0.8, 11.2, 2.4, 8.8], "rotation": 180, "texture": "#particle"},
				"east": {"uv": [0.8, 11.2, 2.4, 8.8], "rotation": 180, "texture": "#particle"},
				"south": {"uv": [0.8, 11.2, 2.4, 8.8], "rotation": 180, "texture": "#particle"},
				"west": {"uv": [0.8, 11.2, 2.4, 8.8], "rotation": 180, "texture": "#particle"},
				"up": {"uv": [0.8, 11.2, 2.4, 8.8], "rotation": 180, "texture": "#particle"},
				"down": {"uv": [0.8, 11.2, 2.4, 8.8], "rotation": 180, "texture": "#particle"}
			}
		},
		{
			"from": [9, -13.5, 7],
			"to": [13, -8.5, 11],
			"rotation": {"angle": 22.5, "axis": "x", "origin": [11, -2.75, 9]},
			"faces": {
				"north": {"uv": [0, 0, 3.2, 4], "rotation": 180, "texture": "#particle"},
				"east": {"uv": [4.8, 4.8, 8, 8.8], "rotation": 180, "texture": "#particle"},
				"south": {"uv": [0, 4.8, 3.2, 8.8], "rotation": 180, "texture": "#particle"},
				"west": {"uv": [3.2, 0, 6.4, 4], "texture": "#particle"},
				"up": {"uv": [4.8, 4.8, 8, 8], "texture": "#particle"},
				"down": {"uv": [4.8, 1.6, 8, 4.8], "texture": "#particle"}
			}
		},
		{
			"from": [8, -16, 4],
			"to": [14, -14, 7],
			"rotation": {"angle": 22.5, "axis": "x", "origin": [11, -2.75, 9]},
			"faces": {
				"north": {"uv": [7.2, 2.4, 8.8, 7.2], "rotation": 90, "texture": "#particle"},
				"east": {"uv": [7.2, 0, 8.8, 1.6], "rotation": 90, "texture": "#particle"},
				"south": {"uv": [7.2, 0, 8.8, 4.8], "rotation": 90, "texture": "#particle"},
				"west": {"uv": [7.2, 6.4, 8.8, 8], "rotation": 90, "texture": "#particle"},
				"up": {"uv": [5.6, 0, 8, 4.8], "rotation": 90, "texture": "#particle"},
				"down": {"uv": [8, 0, 10.4, 4.8], "rotation": 90, "texture": "#particle"}
			}
		},
		{
			"from": [9.5, -14.5, 7.5],
			"to": [12.5, -12.5, 10.5],
			"rotation": {"angle": 22.5, "axis": "x", "origin": [11, -2.75, 9]},
			"faces": {
				"north": {"uv": [0.8, 11.2, 2.4, 8.8], "rotation": 180, "texture": "#particle"},
				"east": {"uv": [0.8, 11.2, 2.4, 8.8], "rotation": 180, "texture": "#particle"},
				"south": {"uv": [0.8, 11.2, 2.4, 8.8], "rotation": 180, "texture": "#particle"},
				"west": {"uv": [0.8, 11.2, 2.4, 8.8], "rotation": 180, "texture": "#particle"},
				"up": {"uv": [0.8, 11.2, 2.4, 8.8], "rotation": 180, "texture": "#particle"},
				"down": {"uv": [0.8, 11.2, 2.4, 8.8], "rotation": 180, "texture": "#particle"}
			}
		},
		{
			"from": [9, -16, 7],
			"to": [13, -14, 11],
			"rotation": {"angle": 22.5, "axis": "x", "origin": [11, -2.75, 9]},
			"faces": {
				"north": {"uv": [7.2, 0, 8.8, 3.2], "rotation": 90, "texture": "#particle"},
				"east": {"uv": [7.2, 0, 8.8, 3.2], "rotation": 90, "texture": "#particle"},
				"south": {"uv": [7.2, 0, 8.8, 3.2], "rotation": 90, "texture": "#particle"},
				"west": {"uv": [7.2, 0, 8.8, 3.2], "rotation": 90, "texture": "#particle"},
				"up": {"uv": [4, 0, 7.2, 3.2], "rotation": 90, "texture": "#particle"},
				"down": {"uv": [9.6, 0, 12.8, 3.2], "rotation": 90, "texture": "#particle"}
			}
		},
		{
			"from": [3, -2.5, 6],
			"to": [13, 0, 12],
			"rotation": {"angle": 0, "axis": "y", "origin": [8, 1, 9]},
			"faces": {
				"north": {"uv": [0, 0, 8, 1.6], "texture": "#particle"},
				"east": {"uv": [3.2, 0, 8, 1.6], "texture": "#particle"},
				"south": {"uv": [0, 0, 8, 1.6], "texture": "#particle"},
				"west": {"uv": [0, 0, 4.8, 1.6], "texture": "#particle"},
				"up": {"uv": [0, 4, 8, 8.8], "texture": "#particle"},
				"down": {"uv": [0, 0, 8, 4.8], "texture": "#particle"}
			}
		},
		{
			"from": [5.5, 0, 6.5],
			"to": [10.5, 2, 11.5],
			"rotation": {"angle": 0, "axis": "y", "origin": [8, 1, 9]},
			"faces": {
				"north": {"uv": [0.8, 11.2, 2.4, 8.8], "rotation": 180, "texture": "#particle"},
				"east": {"uv": [0.8, 11.2, 2.4, 8.8], "rotation": 180, "texture": "#particle"},
				"south": {"uv": [0.8, 11.2, 2.4, 8.8], "rotation": 180, "texture": "#particle"},
				"west": {"uv": [0.8, 11.2, 2.4, 8.8], "rotation": 180, "texture": "#particle"},
				"up": {"uv": [0.8, 11.2, 2.4, 8.8], "rotation": 180, "texture": "#particle"},
				"down": {"uv": [0.8, 11.2, 2.4, 8.8], "rotation": 180, "texture": "#particle"}
			}
		},
		{
			"from": [4, 0.5, 5],
			"to": [12, 7.5, 6],
			"rotation": {"angle": 0, "axis": "y", "origin": [8, 1, 9]},
			"faces": {
				"north": {"uv": [8, 0, 16, 7.2], "texture": "#particle"},
				"east": {"uv": [15.2, 0, 16, 7.2], "texture": "#particle"},
				"south": {"uv": [8, 0, 16, 7.2], "texture": "#particle"},
				"west": {"uv": [8, 0, 8.8, 7.2], "texture": "#particle"},
				"up": {"uv": [8, 0, 16, 0.8], "texture": "#particle"},
				"down": {"uv": [8, 7.2, 16, 8], "texture": "#particle"}
			}
		},
		{
			"from": [3, 0.5, 6],
			"to": [13, 11, 12],
			"rotation": {"angle": 0, "axis": "y", "origin": [8, 1, 9]},
			"faces": {
				"north": {"uv": [0, 0, 8, 8.8], "texture": "#particle"},
				"east": {"uv": [0, 0, 8, 8.8], "texture": "#particle"},
				"south": {"uv": [0, 0, 8, 8.8], "texture": "#particle"},
				"west": {"uv": [0, 0, 8, 8.8], "texture": "#particle"},
				"up": {"uv": [0, 2.4, 8, 7.2], "texture": "#particle"},
				"down": {"uv": [0, 2.4, 8, 7.2], "texture": "#particle"}
			}
		},
		{
			"from": [5.5, 8.5, 4.9],
			"to": [7.5, 10.5, 6],
			"rotation": {"angle": 0, "axis": "y", "origin": [8, 1, 9]},
			"faces": {
				"north": {"uv": [1.6, 14.4, 3.2, 16], "texture": "#particle"},
				"east": {"uv": [0, 14.4, 1.6, 16], "texture": "#particle"},
				"south": {"uv": [0, 14.4, 1.6, 16], "texture": "#particle"},
				"west": {"uv": [0, 14.4, 0.8, 16], "texture": "#particle"},
				"up": {"uv": [0, 14.4, 0.8, 16], "texture": "#particle"},
				"down": {"uv": [0, 15.2, 1.6, 16], "texture": "#particle"}
			}
		},
		{
			"from": [8.5, 8.5, 4.9],
			"to": [10.5, 10.5, 6],
			"rotation": {"angle": 0, "axis": "y", "origin": [8, 1, 9]},
			"faces": {
				"north": {"uv": [1.6, 14.4, 3.2, 16], "rotation": 90, "texture": "#particle"},
				"east": {"uv": [0, 14.4, 1.6, 16], "texture": "#particle"},
				"south": {"uv": [0, 14.4, 1.6, 16], "texture": "#particle"},
				"west": {"uv": [0, 14.4, 0.8, 16], "texture": "#particle"},
				"up": {"uv": [0, 14.4, 0.8, 16], "texture": "#particle"},
				"down": {"uv": [0, 15.2, 1.6, 16], "texture": "#particle"}
			}
		},
		{
			"from": [5, 7.5, 5],
			"to": [11, 9.5, 6],
			"rotation": {"angle": 0, "axis": "y", "origin": [8, 1, 9]},
			"faces": {
				"north": {"uv": [8.8, 7.2, 15.2, 8.8], "texture": "#particle"},
				"east": {"uv": [8, 7.2, 8.8, 8.8], "texture": "#particle"},
				"south": {"uv": [8.8, 7.2, 15.2, 8.8], "texture": "#particle"},
				"west": {"uv": [15.2, 7.2, 16, 8.8], "texture": "#particle"},
				"up": {"uv": [8.8, 6.4, 15.2, 7.2], "texture": "#particle"},
				"down": {"uv": [8.8, 8, 15.2, 8.8], "texture": "#particle"}
			}
		},
		{
			"from": [4, 0.5, 12],
			"to": [12, 10, 13],
			"rotation": {"angle": 0, "axis": "y", "origin": [8, 1, 9]},
			"faces": {
				"north": {"uv": [0.8, 0.8, 7.2, 8.8], "texture": "#particle"},
				"east": {"uv": [7.2, 0.8, 8, 8.8], "texture": "#particle"},
				"south": {"uv": [0.8, 0.8, 7.2, 8.8], "texture": "#particle"},
				"west": {"uv": [0, 0.8, 0.8, 8.8], "texture": "#particle"},
				"up": {"uv": [0.8, 0, 7.2, 0.8], "texture": "#particle"},
				"down": {"uv": [0.8, 8, 7.2, 8.8], "texture": "#particle"}
			}
		},
		{
			"from": [7.5, 9, 4.9],
			"to": [8.5, 10, 6],
			"rotation": {"angle": 0, "axis": "y", "origin": [8, 1, 9]},
			"faces": {
				"north": {"uv": [1.6, 15.2, 2.4, 16], "texture": "#particle"},
				"east": {"uv": [1.6, 15.2, 2.4, 16], "texture": "#particle"},
				"south": {"uv": [1.6, 15.2, 2.4, 16], "texture": "#particle"},
				"west": {"uv": [1.6, 15.2, 2.4, 16], "texture": "#particle"},
				"up": {"uv": [1.6, 15.2, 2.4, 16], "texture": "#particle"},
				"down": {"uv": [1.6, 15.2, 2.4, 16], "texture": "#particle"}
			}
		}
	],
	"display": {
		"thirdperson_righthand": {
			"rotation": [-180, 31, -123],
			"translation": [-4.25, 2.75, 0]
		},
		"firstperson_righthand": {
			"rotation": [113, 57, -83],
			"translation": [0, 0, -1.5]
		},
		"ground": {
			"scale": [0.4, 0.4, 0.4]
		},
		"gui": {
			"rotation": [0, -180, 0],
			"translation": [0.25, 1.75, 0],
			"scale": [0.4, 0.4, 0.4]
		},
		"head": {
			"translation": [0, -5, -2],
			"scale": [1.66, 1.66, 1.66]
		},
		"fixed": {
			"translation": [0, -1.25, -0.5]
		}
	},
	"groups": [
		0,
		1,
		2,
		3,
		4,
		5,
		6,
		7,
		8,
		9,
		10,
		11,
		12,
		13,
		14,
		15,
		16,
		17,
		18,
		19,
		20,
		21,
		22,
		23,
		24,
		25,
		26,
		27,
		28,
		29,
		30,
		31,
		32,
		33,
		34,
		35,
		36,
		37,
		38,
		39,
		40,
		41,
		42,
		43,
		44,
		45,
		46,
		47,
		48,
		49,
		50,
		51,
		52,
		53,
		54,
		55,
		56,
		57,
		58,
		59,
		60,
		61,
		62,
		63,
		64,
		65,
		66,
		67,
		68,
		69,
		70,
		71,
		72,
		73,
		74,
		75,
		{
			"name": "Ear2",
			"origin": [0, 0, 0],
			"color": 0,
			"children": []
		},
		{
			"name": "Ear1",
			"origin": [0, 0, 0],
			"color": 0,
			"children": []
		},
		{
			"name": "LeftLeg",
			"origin": [0, 5, 0],
			"color": 0,
			"children": [
				{
					"name": "LeftFoot",
					"origin": [0, 5, 0],
					"color": 0,
					"children": []
				}
			]
		},
		{
			"name": "RightLeg",
			"origin": [0, 5, 0],
			"color": 0,
			"children": [
				{
					"name": "RightFoot",
					"origin": [0, 5, 0],
					"color": 0,
					"children": []
				}
			]
		},
		{
			"name": "LeftArm",
			"origin": [0, 5, 0],
			"color": 0,
			"children": [76, 77, 78, 79, 80, 81]
		},
		{
			"name": "RightArm",
			"origin": [0, 5, 0],
			"color": 0,
			"children": [82, 83, 84, 85, 86, 87]
		},
		{
			"name": "Body",
			"origin": [0, 0, 0],
			"color": 0,
			"children": []
		},
		{
			"name": "Head",
			"origin": [0, 5, 0],
			"color": 0,
			"children": [88, 89, 90, 91, 92, 93, 94, 95, 96, 97, 98, 99, 100, 101, 102, 103, 104, 105, 106, 107, 108, 109, 110, 111, 112, 113]
		},
		{
			"name": "bonnie_convert_base",
			"origin": [8, 8, 8],
			"color": 0,
			"children": [
				{
					"name": "Ear2",
					"origin": [0, 0, 0],
					"color": 0,
					"children": []
				},
				{
					"name": "Ear1",
					"origin": [0, 0, 0],
					"color": 0,
					"children": []
				},
				{
					"name": "LeftLeg",
					"origin": [0, 5, 0],
					"color": 0,
					"children": [
						{
							"name": "LeftFoot",
							"origin": [0, 5, 0],
							"color": 0,
							"children": [114, 115, 116]
						},
						117,
						118,
						119,
						120
					]
				},
				{
					"name": "RightLeg",
					"origin": [0, 5, 0],
					"color": 0,
					"children": [
						121,
						122,
						123,
						124,
						{
							"name": "RightFoot",
							"origin": [0, 5, 0],
							"color": 0,
							"children": [125, 126, 127]
						}
					]
				},
				{
					"name": "LeftArm",
					"origin": [0, 5, 0],
					"color": 0,
					"children": []
				},
				{
					"name": "RightArm",
					"origin": [0, 5, 0],
					"color": 0,
					"children": []
				},
				128,
				{
					"name": "Body",
					"origin": [0, 0, 0],
					"color": 0,
					"children": [129, 130, 131, 132, 133, 134, 135, 136]
				},
				{
					"name": "Head",
					"origin": [0, 5, 0],
					"color": 0,
					"children": []
				}
			]
		}
	]
}