{
	"credit": "Made with Blockbench",
	"texture_size": [1, 1],
	"textures": {
		"particle": "fnaf_texture/fnaf1_texture/bonnie/bonnie_skin"
	},
	"elements": [
		{
			"from": [5, -7.5, 6],
			"to": [11, 22.5, 11],
			"rotation": {"angle": 0, "axis": "y", "origin": [8, 9, 9]},
			"faces": {
				"north": {"uv": [0, 0, 0.8, 0.8], "texture": "#particle"},
				"east": {"uv": [0, 0, 0.8, 0.8], "texture": "#particle"},
				"south": {"uv": [0, 0, 0.8, 0.8], "texture": "#particle"},
				"west": {"uv": [0, 0, 0.8, 0.8], "texture": "#particle"},
				"up": {"uv": [0, 0, 0.8, 0.8], "texture": "#particle"},
				"down": {"uv": [0, 0, 0.8, 0.8], "texture": "#particle"}
			}
		},
		{
			"from": [11, 8.5, 6],
			"to": [16, 22.5, 11],
			"rotation": {"angle": 0, "axis": "y", "origin": [8, 9, 9]},
			"faces": {
				"north": {"uv": [0, 0, 0.8, 0.8], "texture": "#particle"},
				"east": {"uv": [0, 0, 0.8, 0.8], "texture": "#particle"},
				"south": {"uv": [0, 0, 0.8, 0.8], "texture": "#particle"},
				"west": {"uv": [0, 0, 0.8, 0.8], "texture": "#particle"},
				"up": {"uv": [0, 0, 0.8, 0.8], "texture": "#particle"},
				"down": {"uv": [0, 0, 0.8, 0.8], "texture": "#particle"}
			}
		},
		{
			"from": [0, 8.5, 6],
			"to": [5, 22.5, 11],
			"rotation": {"angle": 0, "axis": "y", "origin": [8, 9, 9]},
			"faces": {
				"north": {"uv": [0, 0, 0.8, 0.8], "texture": "#particle"},
				"east": {"uv": [0, 0, 0.8, 0.8], "texture": "#particle"},
				"south": {"uv": [0, 0, 0.8, 0.8], "texture": "#particle"},
				"west": {"uv": [0, 0, 0.8, 0.8], "texture": "#particle"},
				"up": {"uv": [0, 0, 0.8, 0.8], "texture": "#particle"},
				"down": {"uv": [0, 0, 0.8, 0.8], "texture": "#particle"}
			}
		},
		{
			"from": [4, 22.5, 4],
			"to": [12, 30.5, 13],
			"rotation": {"angle": 0, "axis": "y", "origin": [8, 9, 9]},
			"faces": {
				"north": {"uv": [0, 0, 0.8, 0.8], "texture": "#particle"},
				"east": {"uv": [0, 0, 0.8, 0.8], "texture": "#particle"},
				"south": {"uv": [0, 0, 0.8, 0.8], "texture": "#particle"},
				"west": {"uv": [0, 0, 0.8, 0.8], "texture": "#particle"},
				"up": {"uv": [0, 0, 0.8, 0.8], "texture": "#particle"},
				"down": {"uv": [0, 0, 0.8, 0.8], "texture": "#particle"}
			}
		}
	],
	"display": {
		"thirdperson_righthand": {
			"rotation": [-180, 31, -123],
			"translation": [-4.25, 2.75, 0]
		},
		"firstperson_righthand": {
			"rotation": [113, 57, -83],
			"translation": [0, 0, -1.5]
		},
		"ground": {
			"scale": [0.4, 0.4, 0.4]
		},
		"gui": {
			"rotation": [0, -180, 0],
			"translation": [0.25, -1.5, 0],
			"scale": [0.4, 0.4, 0.4]
		},
		"head": {
			"translation": [0, -17.5, -2],
			"scale": [1.7, 1.7, 1.7]
		},
		"fixed": {
			"translation": [0, -1.25, -0.5]
		}
	},
	"groups": [
		{
			"name": "Ear2",
			"origin": [0, 0, 0],
			"color": 0,
			"children": []
		},
		{
			"name": "Ear1",
			"origin": [0, 0, 0],
			"color": 0,
			"children": []
		},
		{
			"name": "LeftLeg",
			"origin": [0, 5, 0],
			"color": 0,
			"children": [
				{
					"name": "LeftFoot",
					"origin": [0, 5, 0],
					"color": 0,
					"children": []
				}
			]
		},
		{
			"name": "Body",
			"origin": [0, 0, 0],
			"color": 0,
			"children": [0, 1, 2, 3]
		}
	]
}