{
	"credit": "Made with Blockbench",
	"texture_size": [1, 1],
	"textures": {
		"particle": "fnaf_texture/fnaf1_texture/bonnie/bonnie_skin"
	},
	"elements": [
		{
			"from": [2, -12, -3],
			"to": [8, -10, 0],
			"rotation": {"angle": 0, "axis": "x", "origin": [5, -2.75, 8.57143]},
			"faces": {
				"north": {"uv": [14.4, 8.8, 16, 9.6], "rotation": 90, "texture": "#particle"},
				"east": {"uv": [14.4, 8.8, 16, 9.6], "rotation": 90, "texture": "#particle"},
				"south": {"uv": [14.4, 8.8, 16, 9.6], "rotation": 90, "texture": "#particle"},
				"west": {"uv": [14.4, 8.8, 16, 9.6], "rotation": 90, "texture": "#particle"},
				"up": {"uv": [14.4, 8.8, 15.2, 9.6], "rotation": 90, "texture": "#particle"},
				"down": {"uv": [15.2, 8.8, 16, 9.6], "rotation": 90, "texture": "#particle"}
			}
		},
		{
			"from": [3.5, -10.5, 0.5],
			"to": [6.5, -8.5, 3.5],
			"rotation": {"angle": 0, "axis": "x", "origin": [5, -2.75, 8.57143]},
			"faces": {
				"north": {"uv": [15.2, 8.8, 16, 9.6], "rotation": 90, "texture": "#particle"},
				"east": {"uv": [15.2, 8.8, 16, 9.6], "rotation": 90, "texture": "#particle"},
				"south": {"uv": [15.2, 8.8, 16, 9.6], "rotation": 90, "texture": "#particle"},
				"west": {"uv": [15.2, 8.8, 16, 9.6], "rotation": 90, "texture": "#particle"},
				"up": {"uv": [15.2, 8.8, 16, 9.6], "rotation": 90, "texture": "#particle"},
				"down": {"uv": [15.2, 8.8, 16, 9.6], "rotation": 90, "texture": "#particle"}
			}
		},
		{
			"from": [3, -12, 0],
			"to": [7, -10, 4],
			"rotation": {"angle": 0, "axis": "x", "origin": [5, -2.75, 8.57143]},
			"faces": {
				"north": {"uv": [14.4, 8.8, 16, 9.6], "rotation": 90, "texture": "#particle"},
				"east": {"uv": [14.4, 8.8, 16, 9.6], "rotation": 90, "texture": "#particle"},
				"south": {"uv": [14.4, 8.8, 16, 9.6], "rotation": 90, "texture": "#particle"},
				"west": {"uv": [14.4, 8.8, 16, 9.6], "rotation": 90, "texture": "#particle"},
				"up": {"uv": [14.4, 8.8, 15.2, 9.6], "rotation": 90, "texture": "#particle"},
				"down": {"uv": [15.2, 8.8, 16, 9.6], "rotation": 90, "texture": "#particle"}
			}
		},
		{
			"from": [3, -9.5, 0],
			"to": [7, -4.5, 4],
			"rotation": {"angle": 0, "axis": "x", "origin": [5, -2.75, 9]},
			"faces": {
				"north": {"uv": [14.4, 8.8, 15.2, 9.6], "texture": "#particle"},
				"east": {"uv": [14.4, 8.8, 15.2, 9.6], "texture": "#particle"},
				"south": {"uv": [14.4, 8.8, 15.2, 9.6], "texture": "#particle"},
				"west": {"uv": [14.4, 8.8, 15.2, 9.6], "texture": "#particle"},
				"up": {"uv": [14.4, 8.8, 15.2, 9.6], "texture": "#particle"},
				"down": {"uv": [14.4, 8.8, 15.2, 9.6], "texture": "#particle"}
			}
		},
		{
			"from": [3.5, -5.25, 0.75],
			"to": [6.5, -1.25, 3.75],
			"rotation": {"angle": 0, "axis": "x", "origin": [5, -2.75, 9]},
			"faces": {
				"north": {"uv": [15.2, 8.8, 16, 9.6], "rotation": 90, "texture": "#particle"},
				"east": {"uv": [15.2, 8.8, 16, 9.6], "rotation": 90, "texture": "#particle"},
				"south": {"uv": [15.2, 8.8, 16, 9.6], "rotation": 90, "texture": "#particle"},
				"west": {"uv": [15.2, 8.8, 16, 9.6], "rotation": 90, "texture": "#particle"},
				"up": {"uv": [15.2, 8.8, 16, 9.6], "rotation": 90, "texture": "#particle"},
				"down": {"uv": [15.2, 8.8, 16, 9.6], "rotation": 90, "texture": "#particle"}
			}
		},
		{
			"from": [3, -4.75, 3.75],
			"to": [7, -0.75, 8.75],
			"rotation": {"angle": 0, "axis": "x", "origin": [5, -2.75, 9]},
			"faces": {
				"north": {"uv": [14.4, 8.8, 15.2, 9.6], "texture": "#particle"},
				"east": {"uv": [14.4, 8.8, 15.2, 9.6], "texture": "#particle"},
				"south": {"uv": [14.4, 8.8, 15.2, 9.6], "texture": "#particle"},
				"west": {"uv": [14.4, 8.8, 15.2, 9.6], "texture": "#particle"},
				"up": {"uv": [14.4, 8.8, 15.2, 9.6], "texture": "#particle"},
				"down": {"uv": [14.4, 8.8, 15.2, 9.6], "texture": "#particle"}
			}
		},
		{
			"from": [3.5, -4.25, 8.25],
			"to": [6.5, -1.25, 10.25],
			"rotation": {"angle": 0, "axis": "x", "origin": [5, -2.75, 9]},
			"faces": {
				"north": {"uv": [15.2, 8.8, 16, 9.6], "rotation": 90, "texture": "#particle"},
				"east": {"uv": [15.2, 8.8, 16, 9.6], "rotation": 90, "texture": "#particle"},
				"south": {"uv": [15.2, 8.8, 16, 9.6], "rotation": 90, "texture": "#particle"},
				"west": {"uv": [15.2, 8.8, 16, 9.6], "rotation": 90, "texture": "#particle"},
				"up": {"uv": [15.2, 8.8, 16, 9.6], "rotation": 90, "texture": "#particle"},
				"down": {"uv": [15.2, 8.8, 16, 9.6], "rotation": 90, "texture": "#particle"}
			}
		},
		{
			"from": [9.5, -3.5, 7.5],
			"to": [12.5, -1.5, 10.5],
			"rotation": {"angle": 0, "axis": "x", "origin": [11, -2.75, 9]},
			"faces": {
				"north": {"uv": [15.2, 8.8, 16, 9.6], "rotation": 90, "texture": "#particle"},
				"east": {"uv": [15.2, 8.8, 16, 9.6], "rotation": 90, "texture": "#particle"},
				"south": {"uv": [15.2, 8.8, 16, 9.6], "rotation": 90, "texture": "#particle"},
				"west": {"uv": [15.2, 8.8, 16, 9.6], "rotation": 90, "texture": "#particle"},
				"up": {"uv": [15.2, 8.8, 16, 9.6], "rotation": 90, "texture": "#particle"},
				"down": {"uv": [15.2, 8.8, 16, 9.6], "rotation": 90, "texture": "#particle"}
			}
		},
		{
			"from": [9, -8, 7],
			"to": [13, -3, 11],
			"rotation": {"angle": 0, "axis": "x", "origin": [11, -2.75, 9]},
			"faces": {
				"north": {"uv": [14.4, 8.8, 15.2, 9.6], "texture": "#particle"},
				"east": {"uv": [14.4, 8.8, 15.2, 9.6], "texture": "#particle"},
				"south": {"uv": [14.4, 8.8, 15.2, 9.6], "texture": "#particle"},
				"west": {"uv": [14.4, 8.8, 15.2, 9.6], "texture": "#particle"},
				"up": {"uv": [14.4, 8.8, 15.2, 9.6], "texture": "#particle"},
				"down": {"uv": [14.4, 8.8, 15.2, 9.6], "texture": "#particle"}
			}
		},
		{
			"from": [9.5, -11, 7.5],
			"to": [12.5, -8, 11.5],
			"rotation": {"angle": 0, "axis": "x", "origin": [11, -2.75, 9]},
			"faces": {
				"north": {"uv": [15.2, 8.8, 16, 9.6], "rotation": 90, "texture": "#particle"},
				"east": {"uv": [15.2, 8.8, 16, 9.6], "rotation": 90, "texture": "#particle"},
				"south": {"uv": [15.2, 8.8, 16, 9.6], "rotation": 90, "texture": "#particle"},
				"west": {"uv": [15.2, 8.8, 16, 9.6], "rotation": 90, "texture": "#particle"},
				"up": {"uv": [15.2, 8.8, 16, 9.6], "rotation": 90, "texture": "#particle"},
				"down": {"uv": [15.2, 8.8, 16, 9.6], "rotation": 90, "texture": "#particle"}
			}
		},
		{
			"from": [9, -11.75, 7.75],
			"to": [13, -7.75, 12.75],
			"rotation": {"angle": -22.5, "axis": "x", "origin": [11, -2.75, 9]},
			"faces": {
				"north": {"uv": [14.4, 8.8, 15.2, 9.6], "texture": "#particle"},
				"east": {"uv": [14.4, 8.8, 15.2, 9.6], "texture": "#particle"},
				"south": {"uv": [14.4, 8.8, 15.2, 9.6], "texture": "#particle"},
				"west": {"uv": [14.4, 8.8, 15.2, 9.6], "texture": "#particle"},
				"up": {"uv": [14.4, 8.8, 15.2, 9.6], "texture": "#particle"},
				"down": {"uv": [14.4, 8.8, 15.2, 9.6], "texture": "#particle"}
			}
		},
		{
			"from": [8, -14.75, 13.25],
			"to": [14, -11.75, 15.25],
			"rotation": {"angle": -22.5, "axis": "x", "origin": [11, -2.75, 9]},
			"faces": {
				"north": {"uv": [14.4, 8.8, 15.2, 9.6], "texture": "#particle"},
				"east": {"uv": [14.4, 8.8, 16, 9.6], "texture": "#particle"},
				"south": {"uv": [15.2, 8.8, 16, 9.6], "texture": "#particle"},
				"west": {"uv": [14.4, 8.8, 16, 9.6], "texture": "#particle"},
				"up": {"uv": [14.4, 8.8, 16, 9.6], "texture": "#particle"},
				"down": {"uv": [14.4, 8.8, 16, 9.6], "texture": "#particle"}
			}
		},
		{
			"from": [9.5, -11.25, 11.75],
			"to": [12.5, -8.25, 13.75],
			"rotation": {"angle": -22.5, "axis": "x", "origin": [11, -2.75, 9]},
			"faces": {
				"north": {"uv": [15.2, 8.8, 16, 9.6], "rotation": 90, "texture": "#particle"},
				"east": {"uv": [15.2, 8.8, 16, 9.6], "rotation": 90, "texture": "#particle"},
				"south": {"uv": [15.2, 8.8, 16, 9.6], "rotation": 90, "texture": "#particle"},
				"west": {"uv": [15.2, 8.8, 16, 9.6], "rotation": 90, "texture": "#particle"},
				"up": {"uv": [15.2, 8.8, 16, 9.6], "rotation": 90, "texture": "#particle"},
				"down": {"uv": [15.2, 8.8, 16, 9.6], "rotation": 90, "texture": "#particle"}
			}
		},
		{
			"from": [9, -11.75, 13.25],
			"to": [13, -7.75, 15.25],
			"rotation": {"angle": -22.5, "axis": "x", "origin": [11, -2.75, 9]},
			"faces": {
				"north": {"uv": [14.4, 8.8, 16, 9.6], "texture": "#particle"},
				"east": {"uv": [14.4, 8.8, 16, 9.6], "texture": "#particle"},
				"south": {"uv": [15.2, 8.8, 16, 9.6], "texture": "#particle"},
				"west": {"uv": [14.4, 8.8, 16, 9.6], "texture": "#particle"},
				"up": {"uv": [14.4, 8.8, 16, 9.6], "rotation": 90, "texture": "#particle"},
				"down": {"uv": [14.4, 8.8, 16, 9.6], "texture": "#particle"}
			}
		},
		{
			"from": [-1, -6, 3],
			"to": [3, -4, 7],
			"rotation": {"angle": 45, "axis": "x", "origin": [1, 7, 3]},
			"faces": {
				"north": {"uv": [14.4, 8.8, 15.2, 9.6], "texture": "#particle"},
				"east": {"uv": [14.4, 8.8, 15.2, 9.6], "texture": "#particle"},
				"south": {"uv": [14.4, 8.8, 15.2, 9.6], "texture": "#particle"},
				"west": {"uv": [14.4, 8.8, 15.2, 9.6], "texture": "#particle"},
				"up": {"uv": [14.4, 8.8, 15.2, 9.6], "texture": "#particle"},
				"down": {"uv": [14.4, 8.8, 15.2, 9.6], "texture": "#particle"}
			}
		},
		{
			"from": [-0.5, -4.5, 3.5],
			"to": [2.5, -2.5, 6.5],
			"rotation": {"angle": 45, "axis": "x", "origin": [1, 7, 3]},
			"faces": {
				"north": {"uv": [15.2, 8.8, 16, 9.6], "rotation": 90, "texture": "#particle"},
				"east": {"uv": [15.2, 8.8, 16, 9.6], "rotation": 90, "texture": "#particle"},
				"south": {"uv": [15.2, 8.8, 16, 9.6], "rotation": 90, "texture": "#particle"},
				"west": {"uv": [15.2, 8.8, 16, 9.6], "rotation": 90, "texture": "#particle"},
				"up": {"uv": [15.2, 8.8, 16, 9.6], "rotation": 90, "texture": "#particle"},
				"down": {"uv": [15.2, 8.8, 16, 9.6], "rotation": 90, "texture": "#particle"}
			}
		},
		{
			"from": [-1, -3.5, 3],
			"to": [3, 1.5, 7],
			"rotation": {"angle": 45, "axis": "x", "origin": [1, 7, 3]},
			"faces": {
				"north": {"uv": [14.4, 8.8, 15.2, 9.6], "texture": "#particle"},
				"east": {"uv": [14.4, 8.8, 15.2, 9.6], "texture": "#particle"},
				"south": {"uv": [14.4, 8.8, 15.2, 9.6], "texture": "#particle"},
				"west": {"uv": [14.4, 8.8, 15.2, 9.6], "texture": "#particle"},
				"up": {"uv": [14.4, 8.8, 15.2, 9.6], "texture": "#particle"},
				"down": {"uv": [14.4, 8.8, 15.2, 9.6], "texture": "#particle"}
			}
		},
		{
			"from": [-0.5, 1, 1.5],
			"to": [2.5, 3, 4.5],
			"rotation": {"angle": 22.5, "axis": "x", "origin": [1, 7, 3]},
			"faces": {
				"north": {"uv": [15.2, 8.8, 16, 9.6], "rotation": 90, "texture": "#particle"},
				"east": {"uv": [15.2, 8.8, 16, 9.6], "rotation": 90, "texture": "#particle"},
				"south": {"uv": [15.2, 8.8, 16, 9.6], "rotation": 90, "texture": "#particle"},
				"west": {"uv": [15.2, 8.8, 16, 9.6], "rotation": 90, "texture": "#particle"},
				"up": {"uv": [15.2, 8.8, 16, 9.6], "rotation": 90, "texture": "#particle"},
				"down": {"uv": [15.2, 8.8, 16, 9.6], "rotation": 90, "texture": "#particle"}
			}
		},
		{
			"from": [-1, 2, 1],
			"to": [3, 7, 5],
			"rotation": {"angle": 22.5, "axis": "x", "origin": [1, 7, 3]},
			"faces": {
				"north": {"uv": [14.4, 8.8, 15.2, 9.6], "texture": "#particle"},
				"east": {"uv": [14.4, 8.8, 15.2, 9.6], "texture": "#particle"},
				"south": {"uv": [14.4, 8.8, 15.2, 9.6], "texture": "#particle"},
				"west": {"uv": [14.4, 8.8, 15.2, 9.6], "texture": "#particle"},
				"up": {"uv": [14.4, 8.8, 15.2, 9.6], "texture": "#particle"},
				"down": {"uv": [14.4, 8.8, 15.2, 9.6], "texture": "#particle"}
			}
		},
		{
			"from": [0.5, 6, 1.5],
			"to": [3, 8, 4.5],
			"rotation": {"angle": 22.5, "axis": "x", "origin": [1, 7, 3]},
			"faces": {
				"north": {"uv": [15.2, 8.8, 16, 9.6], "rotation": 90, "texture": "#particle"},
				"east": {"uv": [15.2, 8.8, 16, 9.6], "rotation": 90, "texture": "#particle"},
				"south": {"uv": [15.2, 8.8, 16, 9.6], "rotation": 90, "texture": "#particle"},
				"west": {"uv": [15.2, 8.8, 16, 9.6], "rotation": 90, "texture": "#particle"},
				"up": {"uv": [15.2, 8.8, 16, 9.6], "rotation": 90, "texture": "#particle"},
				"down": {"uv": [15.2, 8.8, 16, 9.6], "rotation": 90, "texture": "#particle"}
			}
		},
		{
			"from": [13, 6, 1.5],
			"to": [15.5, 8, 4.5],
			"rotation": {"angle": 22.5, "axis": "x", "origin": [15, 7, 3]},
			"faces": {
				"north": {"uv": [15.2, 8.8, 16, 9.6], "rotation": 90, "texture": "#particle"},
				"east": {"uv": [15.2, 8.8, 16, 9.6], "rotation": 90, "texture": "#particle"},
				"south": {"uv": [15.2, 8.8, 16, 9.6], "rotation": 90, "texture": "#particle"},
				"west": {"uv": [15.2, 8.8, 16, 9.6], "rotation": 90, "texture": "#particle"},
				"up": {"uv": [15.2, 8.8, 16, 9.6], "rotation": 90, "texture": "#particle"},
				"down": {"uv": [15.2, 8.8, 16, 9.6], "rotation": 90, "texture": "#particle"}
			}
		},
		{
			"from": [13, 2, 1],
			"to": [17, 7, 5],
			"rotation": {"angle": 22.5, "axis": "x", "origin": [15, 7, 3]},
			"faces": {
				"north": {"uv": [14.4, 8.8, 15.2, 9.6], "texture": "#particle"},
				"east": {"uv": [14.4, 8.8, 15.2, 9.6], "texture": "#particle"},
				"south": {"uv": [14.4, 8.8, 15.2, 9.6], "texture": "#particle"},
				"west": {"uv": [14.4, 8.8, 15.2, 9.6], "texture": "#particle"},
				"up": {"uv": [14.4, 8.8, 15.2, 9.6], "texture": "#particle"},
				"down": {"uv": [14.4, 8.8, 15.2, 9.6], "texture": "#particle"}
			}
		},
		{
			"from": [13.5, 1, 1.5],
			"to": [16.5, 3, 4.5],
			"rotation": {"angle": 22.5, "axis": "x", "origin": [15, 7, 3]},
			"faces": {
				"north": {"uv": [15.2, 8.8, 16, 9.6], "rotation": 90, "texture": "#particle"},
				"east": {"uv": [15.2, 8.8, 16, 9.6], "rotation": 90, "texture": "#particle"},
				"south": {"uv": [15.2, 8.8, 16, 9.6], "rotation": 90, "texture": "#particle"},
				"west": {"uv": [15.2, 8.8, 16, 9.6], "rotation": 90, "texture": "#particle"},
				"up": {"uv": [15.2, 8.8, 16, 9.6], "rotation": 90, "texture": "#particle"},
				"down": {"uv": [15.2, 8.8, 16, 9.6], "rotation": 90, "texture": "#particle"}
			}
		},
		{
			"from": [13, -3.5, 3],
			"to": [17, 1.5, 7],
			"rotation": {"angle": 45, "axis": "x", "origin": [15, 7, 3]},
			"faces": {
				"north": {"uv": [14.4, 8.8, 15.2, 9.6], "texture": "#particle"},
				"east": {"uv": [14.4, 8.8, 15.2, 9.6], "texture": "#particle"},
				"south": {"uv": [14.4, 8.8, 15.2, 9.6], "texture": "#particle"},
				"west": {"uv": [14.4, 8.8, 15.2, 9.6], "texture": "#particle"},
				"up": {"uv": [14.4, 8.8, 15.2, 9.6], "texture": "#particle"},
				"down": {"uv": [14.4, 8.8, 15.2, 9.6], "texture": "#particle"}
			}
		},
		{
			"from": [13.5, -4.5, 3.5],
			"to": [16.5, -2.5, 6.5],
			"rotation": {"angle": 45, "axis": "x", "origin": [15, 7, 3]},
			"faces": {
				"north": {"uv": [15.2, 8.8, 16, 9.6], "rotation": 90, "texture": "#particle"},
				"east": {"uv": [15.2, 8.8, 16, 9.6], "rotation": 90, "texture": "#particle"},
				"south": {"uv": [15.2, 8.8, 16, 9.6], "rotation": 90, "texture": "#particle"},
				"west": {"uv": [15.2, 8.8, 16, 9.6], "rotation": 90, "texture": "#particle"},
				"up": {"uv": [15.2, 8.8, 16, 9.6], "rotation": 90, "texture": "#particle"},
				"down": {"uv": [15.2, 8.8, 16, 9.6], "rotation": 90, "texture": "#particle"}
			}
		},
		{
			"from": [13, -6, 3],
			"to": [17, -4, 7],
			"rotation": {"angle": 45, "axis": "x", "origin": [15, 7, 3]},
			"faces": {
				"north": {"uv": [14.4, 8.8, 15.2, 9.6], "texture": "#particle"},
				"east": {"uv": [14.4, 8.8, 15.2, 9.6], "texture": "#particle"},
				"south": {"uv": [14.4, 8.8, 15.2, 9.6], "texture": "#particle"},
				"west": {"uv": [14.4, 8.8, 15.2, 9.6], "texture": "#particle"},
				"up": {"uv": [14.4, 8.8, 15.2, 9.6], "texture": "#particle"},
				"down": {"uv": [14.4, 8.8, 15.2, 9.6], "texture": "#particle"}
			}
		},
		{
			"from": [3, -2.5, 6],
			"to": [13, 0, 12],
			"rotation": {"angle": 0, "axis": "y", "origin": [8, 1, 9]},
			"faces": {
				"north": {"uv": [14.4, 8.8, 15.2, 9.6], "texture": "#particle"},
				"east": {"uv": [14.4, 8.8, 15.2, 9.6], "texture": "#particle"},
				"south": {"uv": [14.4, 8.8, 15.2, 9.6], "texture": "#particle"},
				"west": {"uv": [14.4, 8.8, 15.2, 9.6], "texture": "#particle"},
				"up": {"uv": [14.4, 8.8, 15.2, 9.6], "texture": "#particle"},
				"down": {"uv": [14.4, 8.8, 15.2, 9.6], "texture": "#particle"}
			}
		},
		{
			"from": [5.5, 0, 6.5],
			"to": [10.5, 2, 11.5],
			"rotation": {"angle": 0, "axis": "x", "origin": [8, 1, 9]},
			"faces": {
				"north": {"uv": [15.2, 8.8, 16, 9.6], "rotation": 90, "texture": "#particle"},
				"east": {"uv": [15.2, 8.8, 16, 9.6], "rotation": 90, "texture": "#particle"},
				"south": {"uv": [15.2, 8.8, 16, 9.6], "rotation": 90, "texture": "#particle"},
				"west": {"uv": [15.2, 8.8, 16, 9.6], "rotation": 90, "texture": "#particle"},
				"up": {"uv": [15.2, 8.8, 16, 9.6], "rotation": 90, "texture": "#particle"},
				"down": {"uv": [15.2, 8.8, 16, 9.6], "rotation": 90, "texture": "#particle"}
			}
		},
		{
			"from": [4, 0.5, 5],
			"to": [12, 7.5, 6],
			"rotation": {"angle": -45, "axis": "x", "origin": [8, 1, 9]},
			"faces": {
				"north": {"uv": [14.4, 9.6, 15.2, 10.4], "rotation": 90, "texture": "#particle"},
				"east": {"uv": [14.4, 9.6, 15.2, 10.4], "rotation": 90, "texture": "#particle"},
				"south": {"uv": [14.4, 9.6, 15.2, 10.4], "rotation": 90, "texture": "#particle"},
				"west": {"uv": [14.4, 9.6, 15.2, 10.4], "rotation": 90, "texture": "#particle"},
				"up": {"uv": [14.4, 9.6, 15.2, 10.4], "rotation": 90, "texture": "#particle"},
				"down": {"uv": [14.4, 9.6, 15.2, 10.4], "rotation": 90, "texture": "#particle"}
			}
		},
		{
			"from": [3, 0.5, 6],
			"to": [13, 11, 12],
			"rotation": {"angle": -45, "axis": "x", "origin": [8, 1, 9]},
			"faces": {
				"north": {"uv": [14.4, 8.8, 15.2, 9.6], "texture": "#particle"},
				"east": {"uv": [14.4, 8.8, 15.2, 9.6], "texture": "#particle"},
				"south": {"uv": [14.4, 8.8, 15.2, 9.6], "texture": "#particle"},
				"west": {"uv": [14.4, 8.8, 15.2, 9.6], "texture": "#particle"},
				"up": {"uv": [14.4, 8.8, 15.2, 9.6], "texture": "#particle"},
				"down": {"uv": [14.4, 8.8, 15.2, 9.6], "texture": "#particle"}
			}
		},
		{
			"from": [5.5, 8.5, 4.9],
			"to": [7.5, 10.5, 6],
			"rotation": {"angle": -45, "axis": "x", "origin": [8, 1, 9]},
			"faces": {
				"north": {"uv": [15.2, 9.6, 16, 10.4], "rotation": 90, "texture": "#particle"},
				"east": {"uv": [15.2, 9.6, 16, 10.4], "rotation": 90, "texture": "#particle"},
				"south": {"uv": [15.2, 9.6, 16, 10.4], "rotation": 90, "texture": "#particle"},
				"west": {"uv": [15.2, 9.6, 16, 10.4], "rotation": 90, "texture": "#particle"},
				"up": {"uv": [15.2, 9.6, 16, 10.4], "rotation": 90, "texture": "#particle"},
				"down": {"uv": [15.2, 9.6, 16, 10.4], "rotation": 90, "texture": "#particle"}
			}
		},
		{
			"from": [8.5, 8.5, 4.9],
			"to": [10.5, 10.5, 6],
			"rotation": {"angle": -45, "axis": "x", "origin": [8, 1, 9]},
			"faces": {
				"north": {"uv": [15.2, 9.6, 16, 10.4], "rotation": 90, "texture": "#particle"},
				"east": {"uv": [15.2, 9.6, 16, 10.4], "rotation": 90, "texture": "#particle"},
				"south": {"uv": [15.2, 9.6, 16, 10.4], "rotation": 90, "texture": "#particle"},
				"west": {"uv": [15.2, 9.6, 16, 10.4], "rotation": 90, "texture": "#particle"},
				"up": {"uv": [15.2, 9.6, 16, 10.4], "rotation": 90, "texture": "#particle"},
				"down": {"uv": [15.2, 9.6, 16, 10.4], "rotation": 90, "texture": "#particle"}
			}
		},
		{
			"from": [5, 7.5, 5],
			"to": [11, 9.5, 6],
			"rotation": {"angle": -45, "axis": "x", "origin": [8, 1, 9]},
			"faces": {
				"north": {"uv": [14.4, 9.6, 15.2, 10.4], "rotation": 90, "texture": "#particle"},
				"east": {"uv": [14.4, 9.6, 15.2, 10.4], "rotation": 90, "texture": "#particle"},
				"south": {"uv": [14.4, 9.6, 15.2, 10.4], "rotation": 90, "texture": "#particle"},
				"west": {"uv": [14.4, 9.6, 15.2, 10.4], "rotation": 90, "texture": "#particle"},
				"up": {"uv": [14.4, 9.6, 15.2, 10.4], "rotation": 90, "texture": "#particle"},
				"down": {"uv": [14.4, 9.6, 15.2, 10.4], "rotation": 90, "texture": "#particle"}
			}
		},
		{
			"from": [4, 0.5, 12],
			"to": [12, 10, 13],
			"rotation": {"angle": -45, "axis": "x", "origin": [8, 1, 9]},
			"faces": {
				"north": {"uv": [14.4, 8.8, 15.2, 9.6], "texture": "#particle"},
				"east": {"uv": [14.4, 8.8, 15.2, 9.6], "texture": "#particle"},
				"south": {"uv": [14.4, 8.8, 15.2, 9.6], "texture": "#particle"},
				"west": {"uv": [14.4, 8.8, 15.2, 9.6], "texture": "#particle"},
				"up": {"uv": [14.4, 8.8, 15.2, 9.6], "texture": "#particle"},
				"down": {"uv": [14.4, 8.8, 15.2, 9.6], "texture": "#particle"}
			}
		},
		{
			"from": [7.5, 9, 4.9],
			"to": [8.5, 10, 6],
			"rotation": {"angle": -45, "axis": "x", "origin": [8, 1, 9]},
			"faces": {
				"north": {"uv": [15.2, 9.6, 16, 10.4], "rotation": 90, "texture": "#particle"},
				"east": {"uv": [15.2, 9.6, 16, 10.4], "rotation": 90, "texture": "#particle"},
				"south": {"uv": [15.2, 9.6, 16, 10.4], "rotation": 90, "texture": "#particle"},
				"west": {"uv": [15.2, 9.6, 16, 10.4], "rotation": 90, "texture": "#particle"},
				"up": {"uv": [15.2, 9.6, 16, 10.4], "rotation": 90, "texture": "#particle"},
				"down": {"uv": [15.2, 9.6, 16, 10.4], "rotation": 90, "texture": "#particle"}
			}
		},
		{
			"from": [6.5, 6.5, 1.5],
			"to": [9.5, 9.5, 3.5],
			"rotation": {"angle": 0, "axis": "y", "origin": [8.00739, 13.64918, 1.124]},
			"faces": {
				"north": {"uv": [15.2, 8.8, 16, 9.6], "rotation": 90, "texture": "#particle"},
				"east": {"uv": [15.2, 8.8, 16, 9.6], "rotation": 90, "texture": "#particle"},
				"south": {"uv": [15.2, 8.8, 16, 9.6], "rotation": 90, "texture": "#particle"},
				"west": {"uv": [15.2, 8.8, 16, 9.6], "rotation": 90, "texture": "#particle"},
				"up": {"uv": [15.2, 8.8, 16, 9.6], "rotation": 90, "texture": "#particle"},
				"down": {"uv": [15.2, 8.8, 16, 9.6], "rotation": 90, "texture": "#particle"}
			}
		},
		{
			"from": [4, 8.5, -1],
			"to": [12, 10.5, 3],
			"rotation": {"angle": 0, "axis": "x", "origin": [8, 9.5, 2]},
			"faces": {
				"north": {"uv": [14.4, 8.8, 15.2, 9.6], "texture": "#particle"},
				"east": {"uv": [14.4, 8.8, 15.2, 9.6], "texture": "#particle"},
				"south": {"uv": [14.4, 8.8, 15.2, 9.6], "texture": "#particle"},
				"west": {"uv": [14.4, 8.8, 15.2, 9.6], "texture": "#particle"},
				"up": {"uv": [14.4, 8.8, 15.2, 9.6], "texture": "#particle"},
				"down": {"uv": [14.4, 8.8, 15.2, 9.6], "texture": "#particle"}
			}
		},
		{
			"from": [4, 9.5, 3],
			"to": [12, 12.5, 7],
			"rotation": {"angle": 0, "axis": "y", "origin": [8.00739, 13.64918, 1.124]},
			"faces": {
				"north": {"uv": [14.4, 8.8, 15.2, 9.6], "texture": "#particle"},
				"east": {"uv": [14.4, 8.8, 15.2, 9.6], "texture": "#particle"},
				"south": {"uv": [14.4, 8.8, 15.2, 9.6], "texture": "#particle"},
				"west": {"uv": [14.4, 8.8, 15.2, 9.6], "texture": "#particle"},
				"up": {"uv": [14.4, 8.8, 15.2, 9.6], "texture": "#particle"},
				"down": {"uv": [14.4, 8.8, 15.2, 9.6], "texture": "#particle"}
			}
		},
		{
			"from": [12, 10.5, -1],
			"to": [13, 12.5, 6],
			"rotation": {"angle": 0, "axis": "y", "origin": [8.00739, 13.64918, 1.124]},
			"faces": {
				"north": {"uv": [14.4, 8.8, 15.2, 9.6], "texture": "#particle"},
				"east": {"uv": [14.4, 8.8, 15.2, 9.6], "texture": "#particle"},
				"south": {"uv": [14.4, 8.8, 15.2, 9.6], "texture": "#particle"},
				"west": {"uv": [14.4, 8.8, 15.2, 9.6], "texture": "#particle"},
				"up": {"uv": [14.4, 8.8, 15.2, 9.6], "texture": "#particle"},
				"down": {"uv": [14.4, 8.8, 15.2, 9.6], "texture": "#particle"}
			}
		},
		{
			"from": [3, 10.5, -1],
			"to": [4, 12.5, 6],
			"rotation": {"angle": 0, "axis": "y", "origin": [8.00739, 13.64918, 1.124]},
			"faces": {
				"north": {"uv": [14.4, 8.8, 15.2, 9.6], "texture": "#particle"},
				"east": {"uv": [14.4, 8.8, 15.2, 9.6], "texture": "#particle"},
				"south": {"uv": [14.4, 8.8, 15.2, 9.6], "texture": "#particle"},
				"west": {"uv": [14.4, 8.8, 15.2, 9.6], "texture": "#particle"},
				"up": {"uv": [14.4, 8.8, 15.2, 9.6], "texture": "#particle"},
				"down": {"uv": [14.4, 8.8, 15.2, 9.6], "texture": "#particle"}
			}
		},
		{
			"from": [4.5, 10.5, -2],
			"to": [11.5, 11.5, -1],
			"rotation": {"angle": 0, "axis": "y", "origin": [8.00739, 13.64918, 1.124]},
			"faces": {
				"north": {"uv": [14.4, 9.6, 15.2, 10.4], "rotation": 90, "texture": "#particle"},
				"east": {"uv": [14.4, 9.6, 15.2, 10.4], "rotation": 90, "texture": "#particle"},
				"south": {"uv": [14.4, 9.6, 15.2, 10.4], "rotation": 90, "texture": "#particle"},
				"west": {"uv": [14.4, 9.6, 15.2, 10.4], "rotation": 90, "texture": "#particle"},
				"up": {"uv": [14.4, 9.6, 15.2, 10.4], "rotation": 90, "texture": "#particle"},
				"down": {"uv": [14.4, 9.6, 15.2, 10.4], "rotation": 90, "texture": "#particle"}
			}
		},
		{
			"from": [5.5, 11.5, -2],
			"to": [10.5, 12.5, -1],
			"rotation": {"angle": 0, "axis": "y", "origin": [8.00739, 13.64918, 1.124]},
			"faces": {
				"north": {"uv": [14.4, 9.6, 15.2, 10.4], "rotation": 90, "texture": "#particle"},
				"east": {"uv": [14.4, 9.6, 15.2, 10.4], "rotation": 90, "texture": "#particle"},
				"south": {"uv": [14.4, 9.6, 15.2, 10.4], "rotation": 90, "texture": "#particle"},
				"west": {"uv": [14.4, 9.6, 15.2, 10.4], "rotation": 90, "texture": "#particle"},
				"up": {"uv": [14.4, 9.6, 15.2, 10.4], "rotation": 90, "texture": "#particle"},
				"down": {"uv": [14.4, 9.6, 15.2, 10.4], "rotation": 90, "texture": "#particle"}
			}
		},
		{
			"from": [7, 12, -2.5],
			"to": [9, 13, -1.5],
			"rotation": {"angle": 0, "axis": "y", "origin": [8.00739, 13.64918, 1.124]},
			"faces": {
				"north": {"uv": [15.2, 9.6, 16, 10.4], "rotation": 90, "texture": "#particle"},
				"east": {"uv": [15.2, 9.6, 16, 10.4], "rotation": 90, "texture": "#particle"},
				"south": {"uv": [15.2, 9.6, 16, 10.4], "rotation": 90, "texture": "#particle"},
				"west": {"uv": [15.2, 9.6, 16, 10.4], "rotation": 90, "texture": "#particle"},
				"up": {"uv": [15.2, 9.6, 16, 10.4], "rotation": 90, "texture": "#particle"},
				"down": {"uv": [15.2, 9.6, 16, 10.4], "rotation": 90, "texture": "#particle"}
			}
		},
		{
			"from": [11, 12.5, -1],
			"to": [12, 16.5, 0],
			"rotation": {"angle": 0, "axis": "y", "origin": [8.00739, 13.64918, 1.124]},
			"faces": {
				"north": {"uv": [14.4, 8.8, 15.2, 9.6], "texture": "#particle"},
				"east": {"uv": [14.4, 8.8, 15.2, 9.6], "texture": "#particle"},
				"south": {"uv": [14.4, 8.8, 15.2, 9.6], "texture": "#particle"},
				"west": {"uv": [15.2, 8.8, 16, 9.6], "texture": "#particle"},
				"up": {"uv": [14.4, 8.8, 15.2, 9.6], "texture": "#particle"},
				"down": {"uv": [14.4, 8.8, 15.2, 9.6], "texture": "#particle"}
			}
		},
		{
			"from": [5, 14.5, -1],
			"to": [7, 16.5, 0],
			"rotation": {"angle": 0, "axis": "y", "origin": [8.00739, 13.64918, 1.124]},
			"faces": {
				"north": {"uv": [14.4, 8.8, 15.2, 9.6], "texture": "#particle"},
				"east": {"uv": [14.4, 8.8, 15.2, 9.6], "texture": "#particle"},
				"south": {"uv": [14.4, 8.8, 15.2, 9.6], "texture": "#particle"},
				"west": {"uv": [14.4, 8.8, 15.2, 9.6], "texture": "#particle"},
				"up": {"uv": [14.4, 8.8, 15.2, 9.6], "texture": "#particle"},
				"down": {"uv": [15.2, 8.8, 16, 9.6], "texture": "#particle"}
			}
		},
		{
			"from": [7, 12.5, -1],
			"to": [9, 16.5, 0],
			"rotation": {"angle": 0, "axis": "y", "origin": [8.00739, 13.64918, 1.124]},
			"faces": {
				"north": {"uv": [14.4, 8.8, 15.2, 9.6], "texture": "#particle"},
				"east": {"uv": [15.2, 8.8, 16, 9.6], "texture": "#particle"},
				"south": {"uv": [14.4, 8.8, 15.2, 9.6], "texture": "#particle"},
				"west": {"uv": [15.2, 8.8, 16, 9.6], "texture": "#particle"},
				"up": {"uv": [14.4, 8.8, 15.2, 9.6], "texture": "#particle"},
				"down": {"uv": [14.4, 8.8, 15.2, 9.6], "texture": "#particle"}
			}
		},
		{
			"from": [9, 14.5, -1],
			"to": [11, 16.5, 0],
			"rotation": {"angle": 0, "axis": "y", "origin": [8.00739, 13.64918, 1.124]},
			"faces": {
				"north": {"uv": [14.4, 8.8, 15.2, 9.6], "texture": "#particle"},
				"east": {"uv": [14.4, 8.8, 15.2, 9.6], "texture": "#particle"},
				"south": {"uv": [14.4, 8.8, 15.2, 9.6], "texture": "#particle"},
				"west": {"uv": [14.4, 8.8, 15.2, 9.6], "texture": "#particle"},
				"up": {"uv": [14.4, 8.8, 15.2, 9.6], "texture": "#particle"},
				"down": {"uv": [14.4, 8.8, 15.2, 9.6], "texture": "#particle"}
			}
		},
		{
			"from": [4, 12.5, -1],
			"to": [5, 16.5, 0],
			"rotation": {"angle": 0, "axis": "y", "origin": [8.00739, 13.64918, 1.124]},
			"faces": {
				"north": {"uv": [14.4, 8.8, 15.2, 9.6], "texture": "#particle"},
				"east": {"uv": [15.2, 8.8, 16, 9.6], "texture": "#particle"},
				"south": {"uv": [14.4, 8.8, 15.2, 9.6], "texture": "#particle"},
				"west": {"uv": [14.4, 8.8, 15.2, 9.6], "texture": "#particle"},
				"up": {"uv": [14.4, 8.8, 15.2, 9.6], "texture": "#particle"},
				"down": {"uv": [14.4, 8.8, 15.2, 9.6], "texture": "#particle"}
			}
		},
		{
			"from": [9, 17.52518, -3.22682],
			"to": [12, 18.52518, 1.77318],
			"rotation": {"angle": 0, "axis": "x", "origin": [8.00739, 16.64918, 6.124]},
			"faces": {
				"north": {"uv": [14.4, 8.8, 15.2, 9.6], "texture": "#particle"},
				"east": {"uv": [14.4, 8.8, 15.2, 9.6], "texture": "#particle"},
				"south": {"uv": [14.4, 8.8, 15.2, 9.6], "texture": "#particle"},
				"west": {"uv": [14.4, 8.8, 15.2, 9.6], "texture": "#particle"},
				"up": {"uv": [14.4, 8.8, 15.2, 9.6], "texture": "#particle"},
				"down": {"uv": [14.4, 8.8, 15.2, 9.6], "texture": "#particle"}
			}
		},
		{
			"from": [10, 17.52518, 1.77318],
			"to": [11, 18.52518, 2.27318],
			"rotation": {"angle": 0, "axis": "x", "origin": [8.00739, 16.64918, 6.124]},
			"faces": {
				"north": {"uv": [15.2, 8.8, 16, 9.6], "rotation": 90, "texture": "#particle"},
				"east": {"uv": [15.2, 8.8, 16, 9.6], "rotation": 90, "texture": "#particle"},
				"south": {"uv": [15.2, 8.8, 16, 9.6], "rotation": 90, "texture": "#particle"},
				"west": {"uv": [15.2, 8.8, 16, 9.6], "rotation": 90, "texture": "#particle"},
				"up": {"uv": [15.2, 8.8, 16, 9.6], "rotation": 90, "texture": "#particle"},
				"down": {"uv": [15.2, 8.8, 16, 9.6], "rotation": 90, "texture": "#particle"}
			}
		},
		{
			"from": [5, 17.52518, 1.77318],
			"to": [6, 18.52518, 2.27318],
			"rotation": {"angle": 0, "axis": "x", "origin": [8.00739, 16.64918, 6.124]},
			"faces": {
				"north": {"uv": [15.2, 8.8, 16, 9.6], "rotation": 90, "texture": "#particle"},
				"east": {"uv": [15.2, 8.8, 16, 9.6], "rotation": 90, "texture": "#particle"},
				"south": {"uv": [15.2, 8.8, 16, 9.6], "rotation": 90, "texture": "#particle"},
				"west": {"uv": [15.2, 8.8, 16, 9.6], "rotation": 90, "texture": "#particle"},
				"up": {"uv": [15.2, 8.8, 16, 9.6], "rotation": 90, "texture": "#particle"},
				"down": {"uv": [15.2, 8.8, 16, 9.6], "rotation": 90, "texture": "#particle"}
			}
		},
		{
			"from": [4, 17.52518, -3.22682],
			"to": [7, 18.52518, 1.77318],
			"rotation": {"angle": 0, "axis": "x", "origin": [8.00739, 16.64918, 6.124]},
			"faces": {
				"north": {"uv": [14.4, 8.8, 15.2, 9.6], "texture": "#particle"},
				"east": {"uv": [14.4, 8.8, 15.2, 9.6], "texture": "#particle"},
				"south": {"uv": [14.4, 8.8, 15.2, 9.6], "texture": "#particle"},
				"west": {"uv": [14.4, 8.8, 15.2, 9.6], "texture": "#particle"},
				"up": {"uv": [14.4, 8.8, 15.2, 9.6], "texture": "#particle"},
				"down": {"uv": [14.4, 8.8, 15.2, 9.6], "texture": "#particle"}
			}
		},
		{
			"from": [5, 21.02518, -2.72682],
			"to": [6, 22.02518, -1.72682],
			"rotation": {"angle": -22.5, "axis": "x", "origin": [8.00739, 16.64918, 6.124]},
			"faces": {
				"north": {"uv": [15.2, 8.8, 16, 9.6], "rotation": 90, "texture": "#particle"},
				"east": {"uv": [15.2, 8.8, 16, 9.6], "rotation": 90, "texture": "#particle"},
				"south": {"uv": [15.2, 8.8, 16, 9.6], "rotation": 90, "texture": "#particle"},
				"west": {"uv": [15.2, 8.8, 16, 9.6], "rotation": 90, "texture": "#particle"},
				"up": {"uv": [15.2, 8.8, 16, 9.6], "rotation": 90, "texture": "#particle"},
				"down": {"uv": [15.2, 8.8, 16, 9.6], "rotation": 90, "texture": "#particle"}
			}
		},
		{
			"from": [10, 21.02518, -2.72682],
			"to": [11, 22.02518, -1.72682],
			"rotation": {"angle": -22.5, "axis": "x", "origin": [8.00739, 16.64918, 6.124]},
			"faces": {
				"north": {"uv": [15.2, 8.8, 16, 9.6], "rotation": 90, "texture": "#particle"},
				"east": {"uv": [15.2, 8.8, 16, 9.6], "rotation": 90, "texture": "#particle"},
				"south": {"uv": [15.2, 8.8, 16, 9.6], "rotation": 90, "texture": "#particle"},
				"west": {"uv": [15.2, 8.8, 16, 9.6], "rotation": 90, "texture": "#particle"},
				"up": {"uv": [15.2, 8.8, 16, 9.6], "rotation": 90, "texture": "#particle"},
				"down": {"uv": [15.2, 8.8, 16, 9.6], "rotation": 90, "texture": "#particle"}
			}
		},
		{
			"from": [9, 21.02518, -7.72682],
			"to": [12, 22.02518, -2.72682],
			"rotation": {"angle": -22.5, "axis": "x", "origin": [8.00739, 16.64918, 6.124]},
			"faces": {
				"north": {"uv": [14.4, 8.8, 15.2, 9.6], "texture": "#particle"},
				"east": {"uv": [14.4, 8.8, 15.2, 9.6], "texture": "#particle"},
				"south": {"uv": [14.4, 8.8, 15.2, 9.6], "texture": "#particle"},
				"west": {"uv": [14.4, 8.8, 15.2, 9.6], "texture": "#particle"},
				"up": {"uv": [14.4, 8.8, 15.2, 9.6], "texture": "#particle"},
				"down": {"uv": [14.4, 8.8, 15.2, 9.6], "texture": "#particle"}
			}
		},
		{
			"from": [4, 21.02518, -7.72682],
			"to": [7, 22.02518, -2.72682],
			"rotation": {"angle": -22.5, "axis": "x", "origin": [8.00739, 16.64918, 6.124]},
			"faces": {
				"north": {"uv": [14.4, 8.8, 15.2, 9.6], "texture": "#particle"},
				"east": {"uv": [14.4, 8.8, 15.2, 9.6], "texture": "#particle"},
				"south": {"uv": [14.4, 8.8, 15.2, 9.6], "texture": "#particle"},
				"west": {"uv": [14.4, 8.8, 15.2, 9.6], "texture": "#particle"},
				"up": {"uv": [14.4, 8.8, 15.2, 9.6], "texture": "#particle"},
				"down": {"uv": [14.4, 8.8, 15.2, 9.6], "texture": "#particle"}
			}
		},
		{
			"from": [5.5, 13, -0.1],
			"to": [6.5, 14, 0.9],
			"rotation": {"angle": 0, "axis": "y", "origin": [8.00739, 13.64918, 1.124]},
			"faces": {
				"north": {"uv": [0, 15.2, 0.8, 16], "texture": "#particle"},
				"east": {"uv": [0, 15.2, 0.8, 16], "texture": "#particle"},
				"south": {"uv": [0, 15.2, 0.8, 16], "texture": "#particle"},
				"west": {"uv": [0, 15.2, 0.8, 16], "texture": "#particle"},
				"up": {"uv": [0, 15.2, 0.8, 16], "texture": "#particle"},
				"down": {"uv": [0, 15.2, 0.8, 16], "texture": "#particle"}
			}
		},
		{
			"from": [9.5, 13, -0.1],
			"to": [10.5, 14, 0.9],
			"rotation": {"angle": 0, "axis": "y", "origin": [8.00739, 13.64918, 1.124]},
			"faces": {
				"north": {"uv": [0, 15.2, 0.8, 16], "texture": "#particle"},
				"east": {"uv": [0, 15.2, 0.8, 16], "texture": "#particle"},
				"south": {"uv": [0, 15.2, 0.8, 16], "texture": "#particle"},
				"west": {"uv": [0, 15.2, 0.8, 16], "texture": "#particle"},
				"up": {"uv": [0, 15.2, 0.8, 16], "texture": "#particle"},
				"down": {"uv": [0, 15.2, 0.8, 16], "texture": "#particle"}
			}
		},
		{
			"from": [4, 12.5, 0],
			"to": [12, 16.5, 7],
			"rotation": {"angle": 0, "axis": "y", "origin": [8.00739, 13.64918, 1.124]},
			"faces": {
				"north": {"uv": [14.4, 10.4, 15.2, 11.2], "texture": "#particle"},
				"east": {"uv": [14.4, 8.8, 15.2, 9.6], "texture": "#particle"},
				"south": {"uv": [14.4, 8.8, 15.2, 9.6], "texture": "#particle"},
				"west": {"uv": [14.4, 8.8, 15.2, 9.6], "texture": "#particle"},
				"up": {"uv": [14.4, 8.8, 15.2, 9.6], "texture": "#particle"},
				"down": {"uv": [14.4, 8.8, 15.2, 9.6], "texture": "#particle"}
			}
		},
		{
			"from": [5, 16.5, 0],
			"to": [11, 17.5, 6],
			"rotation": {"angle": 0, "axis": "y", "origin": [8.00739, 13.64918, 1.124]},
			"faces": {
				"north": {"uv": [14.4, 8.8, 15.2, 9.6], "texture": "#particle"},
				"east": {"uv": [14.4, 8.8, 15.2, 9.6], "texture": "#particle"},
				"south": {"uv": [14.4, 8.8, 15.2, 9.6], "texture": "#particle"},
				"west": {"uv": [14.4, 8.8, 15.2, 9.6], "texture": "#particle"},
				"up": {"uv": [14.4, 8.8, 15.2, 9.6], "texture": "#particle"},
				"down": {"uv": [14.4, 8.8, 15.2, 9.6], "texture": "#particle"}
			}
		},
		{
			"from": [4, 10.5, -1],
			"to": [12, 12.5, 2],
			"rotation": {"angle": 0, "axis": "y", "origin": [8.00739, 13.64918, 1.124]},
			"faces": {
				"north": {"uv": [14.4, 8.8, 15.2, 9.6], "texture": "#particle"},
				"east": {"uv": [14.4, 8.8, 15.2, 9.6], "texture": "#particle"},
				"south": {"uv": [14.4, 8.8, 15.2, 9.6], "texture": "#particle"},
				"west": {"uv": [14.4, 8.8, 15.2, 9.6], "texture": "#particle"},
				"up": {"uv": [15.2, 8.8, 16, 9.6], "texture": "#particle"},
				"down": {"uv": [14.4, 8.8, 15.2, 9.6], "texture": "#particle"}
			}
		}
	],
	"display": {
		"thirdperson_righthand": {
			"rotation": [-180, 31, -123],
			"translation": [-4.25, 2.75, 0]
		},
		"firstperson_righthand": {
			"rotation": [113, 57, -83],
			"translation": [0, 0, -1.5]
		},
		"ground": {
			"scale": [0.4, 0.4, 0.4]
		},
		"gui": {
			"rotation": [0, -180, 0],
			"translation": [0.25, 1.75, 0],
			"scale": [0.4, 0.4, 0.4]
		},
		"head": {
			"translation": [0, -11.5, -2],
			"scale": [1.66, 1.66, 1.66]
		},
		"fixed": {
			"translation": [0, -1.25, -0.5]
		}
	},
	"groups": [
		{
			"name": "Ear2",
			"origin": [0, 0, 0],
			"color": 0,
			"children": []
		},
		{
			"name": "Ear1",
			"origin": [0, 0, 0],
			"color": 0,
			"children": []
		},
		{
			"name": "LeftLeg",
			"origin": [0, 5, 0],
			"color": 0,
			"children": [
				{
					"name": "LeftFoot",
					"origin": [0, 5, 0],
					"color": 0,
					"children": [0, 1, 2]
				}, 3, 4, 5, 6]
		},
		{
			"name": "RightLeg",
			"origin": [0, 5, 0],
			"color": 0,
			"children": [7, 8, 9, 10,
				{
					"name": "RightFoot",
					"origin": [0, 5, 0],
					"color": 0,
					"children": [11, 12, 13]
				}
			]
		},
		{
			"name": "LeftArm",
			"origin": [0, 5, 0],
			"color": 0,
			"children": [14, 15, 16, 17, 18, 19]
		},
		{
			"name": "RightArm",
			"origin": [0, 5, 0],
			"color": 0,
			"children": [20, 21, 22, 23, 24, 25]
		}, 26,
		{
			"name": "Body",
			"origin": [0, 0, 0],
			"color": 0,
			"children": [27, 28, 29, 30, 31, 32, 33, 34]
		},
		{
			"name": "Head",
			"origin": [0, 5, 0],
			"color": 0,
			"children": [35, 36, 37, 38, 39, 40, 41, 42, 43, 44, 45, 46, 47, 48, 49, 50, 51, 52, 53, 54, 55, 56, 57, 58, 59, 60]
		}
	]
}