{
	"credit": "Made with Blockbench",
	"texture_size": [1, 1],
	"textures": {
		"particle": "fnaf_texture/fnaf1_texture/chica/chica_skin"
	},
	"elements": [
		{
			"from": [2, -5.32143, 11.82143],
			"to": [4, -2.32143, 13.82143],
			"rotation": {"angle": -22.5, "axis": "x", "origin": [5, 5.25, 8.57143]},
			"faces": {
				"north": {"uv": [15.2, 9.6, 16, 10.4], "rotation": 180, "texture": "#particle"},
				"east": {"uv": [15.2, 9.6, 16, 10.4], "rotation": 90, "texture": "#particle"},
				"south": {"uv": [15.2, 9.6, 16, 10.4], "texture": "#particle"},
				"west": {"uv": [15.2, 9.6, 16, 10.4], "rotation": 270, "texture": "#particle"},
				"up": {"uv": [15.2, 9.6, 16, 10.4], "texture": "#particle"},
				"down": {"uv": [15.2, 9.6, 16, 10.4], "rotation": 180, "texture": "#particle"}
			}
		},
		{
			"from": [6, -5.32143, 11.82143],
			"to": [8, -2.32143, 13.82143],
			"rotation": {"angle": -22.5, "axis": "x", "origin": [5, 5.25, 8.57143]},
			"faces": {
				"north": {"uv": [15.2, 9.6, 16, 10.4], "rotation": 180, "texture": "#particle"},
				"east": {"uv": [15.2, 9.6, 16, 10.4], "rotation": 90, "texture": "#particle"},
				"south": {"uv": [15.2, 9.6, 16, 10.4], "texture": "#particle"},
				"west": {"uv": [15.2, 9.6, 16, 10.4], "rotation": 270, "texture": "#particle"},
				"up": {"uv": [15.2, 9.6, 16, 10.4], "texture": "#particle"},
				"down": {"uv": [15.2, 9.6, 16, 10.4], "rotation": 180, "texture": "#particle"}
			}
		},
		{
			"from": [3.5, -1.82143, 10.32143],
			"to": [6.5, 1.17857, 12.32143],
			"rotation": {"angle": -22.5, "axis": "x", "origin": [5, 5.25, 8.57143]},
			"faces": {
				"north": {"uv": [15.2, 8.8, 16, 9.6], "rotation": 180, "texture": "#particle"},
				"east": {"uv": [15.2, 8.8, 16, 9.6], "rotation": 90, "texture": "#particle"},
				"south": {"uv": [15.2, 8.8, 16, 9.6], "texture": "#particle"},
				"west": {"uv": [15.2, 8.8, 16, 9.6], "rotation": 270, "texture": "#particle"},
				"up": {"uv": [15.2, 8.8, 16, 9.6], "texture": "#particle"},
				"down": {"uv": [15.2, 8.8, 16, 9.6], "rotation": 180, "texture": "#particle"}
			}
		},
		{
			"from": [3, -2.32143, 11.82143],
			"to": [7, 1.67857, 13.82143],
			"rotation": {"angle": -22.5, "axis": "x", "origin": [5, 5.25, 8.57143]},
			"faces": {
				"north": {"uv": [15.2, 9.6, 16, 10.4], "rotation": 180, "texture": "#particle"},
				"east": {"uv": [15.2, 9.6, 16, 10.4], "rotation": 90, "texture": "#particle"},
				"south": {"uv": [15.2, 9.6, 16, 10.4], "texture": "#particle"},
				"west": {"uv": [15.2, 9.6, 16, 10.4], "rotation": 270, "texture": "#particle"},
				"up": {"uv": [15.2, 9.6, 16, 10.4], "texture": "#particle"},
				"down": {"uv": [15.2, 9.6, 16, 10.4], "rotation": 180, "texture": "#particle"}
			}
		},
		{
			"from": [3.7, -0.8, 7.7],
			"to": [6.3, 0.8, 10.3],
			"rotation": {"angle": 0, "axis": "x", "origin": [5, 5.25, 9]},
			"faces": {
				"north": {"uv": [15.2, 8.8, 16, 9.6], "texture": "#particle"},
				"east": {"uv": [15.2, 8.8, 16, 9.6], "texture": "#particle"},
				"south": {"uv": [15.2, 8.8, 16, 9.6], "texture": "#particle"},
				"west": {"uv": [15.2, 8.8, 16, 9.6], "texture": "#particle"},
				"up": {"uv": [15.2, 8.8, 16, 9.6], "texture": "#particle"},
				"down": {"uv": [15.2, 8.8, 16, 9.6], "texture": "#particle"}
			}
		},
		{
			"from": [3.4, -2.35, 6.65],
			"to": [6.6, 0.85, 11.85],
			"rotation": {"angle": -22.5, "axis": "x", "origin": [11, 5.25, 9]},
			"faces": {
				"north": {"uv": [15.2, 9.6, 16, 10.4], "rotation": 180, "texture": "#particle"},
				"east": {"uv": [15.2, 9.6, 16, 10.4], "rotation": 90, "texture": "#particle"},
				"south": {"uv": [15.2, 9.6, 16, 10.4], "texture": "#particle"},
				"west": {"uv": [15.2, 9.6, 16, 10.4], "rotation": 270, "texture": "#particle"},
				"up": {"uv": [15.2, 9.6, 16, 10.4], "texture": "#particle"},
				"down": {"uv": [15.2, 9.6, 16, 10.4], "rotation": 180, "texture": "#particle"}
			}
		},
		{
			"from": [3, 0, 7],
			"to": [7, 5, 11],
			"rotation": {"angle": 0, "axis": "x", "origin": [5, 5.25, 9]},
			"faces": {
				"north": {"uv": [14.4, 8.8, 15.2, 9.6], "texture": "#particle"},
				"east": {"uv": [14.4, 8.8, 15.2, 9.6], "texture": "#particle"},
				"south": {"uv": [14.4, 8.8, 15.2, 9.6], "texture": "#particle"},
				"west": {"uv": [14.4, 8.8, 15.2, 9.6], "texture": "#particle"},
				"up": {"uv": [14.4, 8.8, 15.2, 9.6], "texture": "#particle"},
				"down": {"uv": [14.4, 8.8, 15.2, 9.6], "texture": "#particle"}
			}
		},
		{
			"from": [3.5, 4.5, 7.5],
			"to": [6.5, 6.5, 10.5],
			"rotation": {"angle": 0, "axis": "x", "origin": [5, 5.25, 9]},
			"faces": {
				"north": {"uv": [15.2, 8.8, 16, 9.6], "texture": "#particle"},
				"east": {"uv": [15.2, 8.8, 16, 9.6], "texture": "#particle"},
				"south": {"uv": [15.2, 8.8, 16, 9.6], "texture": "#particle"},
				"west": {"uv": [15.2, 8.8, 16, 9.6], "texture": "#particle"},
				"up": {"uv": [15.2, 8.8, 16, 9.6], "texture": "#particle"},
				"down": {"uv": [15.2, 8.8, 16, 9.6], "texture": "#particle"}
			}
		},
		{
			"from": [4, -3.75, 12.25],
			"to": [6, -2.75, 14.25],
			"rotation": {"angle": -22.5, "axis": "x", "origin": [11, 5.25, 9]},
			"faces": {
				"north": {"uv": [15.2, 9.6, 16, 10.4], "rotation": 180, "texture": "#particle"},
				"east": {"uv": [15.2, 9.6, 16, 10.4], "rotation": 90, "texture": "#particle"},
				"south": {"uv": [15.2, 9.6, 16, 10.4], "texture": "#particle"},
				"west": {"uv": [15.2, 9.6, 16, 10.4], "rotation": 270, "texture": "#particle"},
				"up": {"uv": [15.2, 9.6, 16, 10.4], "texture": "#particle"},
				"down": {"uv": [15.2, 9.6, 16, 10.4], "rotation": 180, "texture": "#particle"}
			}
		},
		{
			"from": [8, -4, -3],
			"to": [10, -2, 0],
			"rotation": {"angle": 0, "axis": "x", "origin": [5, 5.25, 8.57143]},
			"faces": {
				"north": {"uv": [15.2, 9.6, 16, 10.4], "texture": "#particle"},
				"east": {"uv": [15.2, 9.6, 16, 10.4], "texture": "#particle"},
				"south": {"uv": [15.2, 9.6, 16, 10.4], "texture": "#particle"},
				"west": {"uv": [15.2, 9.6, 16, 10.4], "texture": "#particle"},
				"up": {"uv": [15.2, 9.6, 16, 10.4], "texture": "#particle"},
				"down": {"uv": [15.2, 9.6, 16, 10.4], "texture": "#particle"}
			}
		},
		{
			"from": [12, -4, -3],
			"to": [14, -2, 0],
			"rotation": {"angle": 0, "axis": "x", "origin": [5, 5.25, 8.57143]},
			"faces": {
				"north": {"uv": [15.2, 9.6, 16, 10.4], "texture": "#particle"},
				"east": {"uv": [15.2, 9.6, 16, 10.4], "texture": "#particle"},
				"south": {"uv": [15.2, 9.6, 16, 10.4], "texture": "#particle"},
				"west": {"uv": [15.2, 9.6, 16, 10.4], "texture": "#particle"},
				"up": {"uv": [15.2, 9.6, 16, 10.4], "texture": "#particle"},
				"down": {"uv": [15.2, 9.6, 16, 10.4], "texture": "#particle"}
			}
		},
		{
			"from": [9.7, 2.95, 1],
			"to": [12.3, 6.55, 3.6],
			"rotation": {"angle": 0, "axis": "x", "origin": [5, 5.25, 9]},
			"faces": {
				"north": {"uv": [15.2, 8.8, 16, 9.6], "rotation": 180, "texture": "#particle"},
				"east": {"uv": [15.2, 8.8, 16, 9.6], "rotation": 270, "texture": "#particle"},
				"south": {"uv": [15.2, 8.8, 16, 9.6], "texture": "#particle"},
				"west": {"uv": [15.2, 8.8, 16, 9.6], "rotation": 90, "texture": "#particle"},
				"up": {"uv": [15.2, 8.8, 16, 9.6], "rotation": 180, "texture": "#particle"},
				"down": {"uv": [15.2, 8.8, 16, 9.6], "texture": "#particle"}
			}
		},
		{
			"from": [9.5, 3.75, 8.25],
			"to": [12.5, 6.75, 10.25],
			"rotation": {"angle": 0, "axis": "x", "origin": [11, 5.25, 9]},
			"faces": {
				"north": {"uv": [15.2, 8.8, 16, 9.6], "rotation": 180, "texture": "#particle"},
				"east": {"uv": [15.2, 8.8, 16, 9.6], "rotation": 270, "texture": "#particle"},
				"south": {"uv": [15.2, 8.8, 16, 9.6], "texture": "#particle"},
				"west": {"uv": [15.2, 8.8, 16, 9.6], "rotation": 90, "texture": "#particle"},
				"up": {"uv": [15.2, 8.8, 16, 9.6], "rotation": 180, "texture": "#particle"},
				"down": {"uv": [15.2, 8.8, 16, 9.6], "texture": "#particle"}
			}
		},
		{
			"from": [9, 3.25, 3.75],
			"to": [13, 7.25, 8.75],
			"rotation": {"angle": 0, "axis": "x", "origin": [11, 5.25, 9]},
			"faces": {
				"north": {"uv": [14.4, 8.8, 15.2, 9.6], "rotation": 180, "texture": "#particle"},
				"east": {"uv": [14.4, 8.8, 15.2, 9.6], "rotation": 270, "texture": "#particle"},
				"south": {"uv": [14.4, 8.8, 15.2, 9.6], "texture": "#particle"},
				"west": {"uv": [14.4, 8.8, 15.2, 9.6], "rotation": 90, "texture": "#particle"},
				"up": {"uv": [14.4, 8.8, 15.2, 9.6], "rotation": 180, "texture": "#particle"},
				"down": {"uv": [14.4, 8.8, 15.2, 9.6], "texture": "#particle"}
			}
		},
		{
			"from": [9.4, -1.6, 0.4],
			"to": [12.6, 3.6, 3.6],
			"rotation": {"angle": 0, "axis": "x", "origin": [11, 5.25, 9]},
			"faces": {
				"north": {"uv": [15.2, 9.6, 16, 10.4], "texture": "#particle"},
				"east": {"uv": [15.2, 8.8, 16, 9.6], "texture": "#particle"},
				"south": {"uv": [15.2, 8.8, 16, 9.6], "texture": "#particle"},
				"west": {"uv": [15.2, 8.8, 16, 9.6], "texture": "#particle"},
				"up": {"uv": [15.2, 8.8, 16, 9.6], "texture": "#particle"},
				"down": {"uv": [15.2, 8.8, 16, 9.6], "texture": "#particle"}
			}
		},
		{
			"from": [10, -4, -1],
			"to": [12, -2, 0],
			"rotation": {"angle": 0, "axis": "x", "origin": [11, 5.25, 9]},
			"faces": {
				"north": {"uv": [15.2, 9.6, 16, 10.4], "texture": "#particle"},
				"east": {"uv": [15.2, 9.6, 16, 10.4], "texture": "#particle"},
				"south": {"uv": [15.2, 9.6, 16, 10.4], "texture": "#particle"},
				"west": {"uv": [15.2, 9.6, 16, 10.4], "texture": "#particle"},
				"up": {"uv": [15.2, 9.6, 16, 10.4], "texture": "#particle"},
				"down": {"uv": [15.2, 9.6, 16, 10.4], "texture": "#particle"}
			}
		},
		{
			"from": [9.5, -2.5, 0.5],
			"to": [12.5, -0.5, 3.5],
			"rotation": {"angle": 0, "axis": "x", "origin": [11, 5.25, 9]},
			"faces": {
				"north": {"uv": [15.2, 8.8, 16, 9.6], "texture": "#particle"},
				"east": {"uv": [15.2, 8.8, 16, 9.6], "texture": "#particle"},
				"south": {"uv": [15.2, 8.8, 16, 9.6], "texture": "#particle"},
				"west": {"uv": [15.2, 8.8, 16, 9.6], "texture": "#particle"},
				"up": {"uv": [15.2, 8.8, 16, 9.6], "texture": "#particle"},
				"down": {"uv": [15.2, 8.8, 16, 9.6], "texture": "#particle"}
			}
		},
		{
			"from": [9, -4, 0],
			"to": [13, -2, 4],
			"rotation": {"angle": 0, "axis": "x", "origin": [11, 5.25, 9]},
			"faces": {
				"north": {"uv": [15.2, 9.6, 16, 10.4], "texture": "#particle"},
				"east": {"uv": [15.2, 9.6, 16, 10.4], "texture": "#particle"},
				"south": {"uv": [15.2, 9.6, 16, 10.4], "texture": "#particle"},
				"west": {"uv": [15.2, 9.6, 16, 10.4], "texture": "#particle"},
				"up": {"uv": [15.2, 9.6, 16, 10.4], "texture": "#particle"},
				"down": {"uv": [15.2, 9.6, 16, 10.4], "texture": "#particle"}
			}
		},
		{
			"from": [-1, 2, 2],
			"to": [3, 4, 6],
			"rotation": {"angle": 0, "axis": "z", "origin": [1, 18, 9]},
			"faces": {
				"north": {"uv": [14.4, 8.8, 15.2, 9.6], "texture": "#particle"},
				"east": {"uv": [14.4, 8.8, 15.2, 9.6], "texture": "#particle"},
				"south": {"uv": [14.4, 8.8, 15.2, 9.6], "texture": "#particle"},
				"west": {"uv": [14.4, 8.8, 15.2, 9.6], "texture": "#particle"},
				"up": {"uv": [14.4, 8.8, 15.2, 9.6], "texture": "#particle"},
				"down": {"uv": [14.4, 8.8, 15.2, 9.6], "texture": "#particle"}
			}
		},
		{
			"from": [-0.5, 3.5, 2.5],
			"to": [2.5, 5.5, 5.5],
			"rotation": {"angle": 0, "axis": "z", "origin": [1, 18, 9]},
			"faces": {
				"north": {"uv": [15.2, 8.8, 16, 9.6], "texture": "#particle"},
				"east": {"uv": [15.2, 8.8, 16, 9.6], "texture": "#particle"},
				"south": {"uv": [15.2, 8.8, 16, 9.6], "texture": "#particle"},
				"west": {"uv": [15.2, 8.8, 16, 9.6], "texture": "#particle"},
				"up": {"uv": [15.2, 8.8, 16, 9.6], "texture": "#particle"},
				"down": {"uv": [15.2, 8.8, 16, 9.6], "texture": "#particle"}
			}
		},
		{
			"from": [-1, 4.5, 2],
			"to": [3, 9.5, 6],
			"rotation": {"angle": 0, "axis": "z", "origin": [1, 18, 9]},
			"faces": {
				"north": {"uv": [14.4, 8.8, 15.2, 9.6], "texture": "#particle"},
				"east": {"uv": [14.4, 8.8, 15.2, 9.6], "texture": "#particle"},
				"south": {"uv": [14.4, 8.8, 15.2, 9.6], "texture": "#particle"},
				"west": {"uv": [14.4, 8.8, 15.2, 9.6], "texture": "#particle"},
				"up": {"uv": [14.4, 8.8, 15.2, 9.6], "texture": "#particle"},
				"down": {"uv": [14.4, 8.8, 15.2, 9.6], "texture": "#particle"}
			}
		},
		{
			"from": [-0.5, 9, 2.5],
			"to": [2.5, 11, 5.5],
			"rotation": {"angle": 0, "axis": "z", "origin": [1, 18, 9]},
			"faces": {
				"north": {"uv": [15.2, 8.8, 16, 9.6], "texture": "#particle"},
				"east": {"uv": [15.2, 8.8, 16, 9.6], "texture": "#particle"},
				"south": {"uv": [15.2, 8.8, 16, 9.6], "texture": "#particle"},
				"west": {"uv": [15.2, 8.8, 16, 9.6], "texture": "#particle"},
				"up": {"uv": [15.2, 8.8, 16, 9.6], "texture": "#particle"},
				"down": {"uv": [15.2, 8.8, 16, 9.6], "texture": "#particle"}
			}
		},
		{
			"from": [-1, 10, 2],
			"to": [3, 15, 6],
			"rotation": {"angle": 0, "axis": "z", "origin": [1, 18, 9]},
			"faces": {
				"north": {"uv": [14.4, 8.8, 15.2, 9.6], "texture": "#particle"},
				"east": {"uv": [14.4, 8.8, 15.2, 9.6], "texture": "#particle"},
				"south": {"uv": [14.4, 8.8, 15.2, 9.6], "texture": "#particle"},
				"west": {"uv": [14.4, 8.8, 15.2, 9.6], "texture": "#particle"},
				"up": {"uv": [14.4, 8.8, 15.2, 9.6], "texture": "#particle"},
				"down": {"uv": [14.4, 8.8, 15.2, 9.6], "texture": "#particle"}
			}
		},
		{
			"from": [0.5, 14, 2.5],
			"to": [3, 16, 5.5],
			"rotation": {"angle": 0, "axis": "z", "origin": [1, 18, 9]},
			"faces": {
				"north": {"uv": [15.2, 8.8, 16, 9.6], "texture": "#particle"},
				"east": {"uv": [15.2, 8.8, 16, 9.6], "texture": "#particle"},
				"south": {"uv": [15.2, 8.8, 16, 9.6], "texture": "#particle"},
				"west": {"uv": [15.2, 8.8, 16, 9.6], "texture": "#particle"},
				"up": {"uv": [15.2, 8.8, 16, 9.6], "texture": "#particle"},
				"down": {"uv": [15.2, 8.8, 16, 9.6], "texture": "#particle"}
			}
		},
		{
			"from": [13, 14, 1.5],
			"to": [15.5, 16, 4.5],
			"rotation": {"angle": 0, "axis": "z", "origin": [15, 18, 9]},
			"faces": {
				"north": {"uv": [15.2, 8.8, 16, 9.6], "texture": "#particle"},
				"east": {"uv": [15.2, 8.8, 16, 9.6], "texture": "#particle"},
				"south": {"uv": [15.2, 8.8, 16, 9.6], "texture": "#particle"},
				"west": {"uv": [15.2, 8.8, 16, 9.6], "texture": "#particle"},
				"up": {"uv": [15.2, 8.8, 16, 9.6], "texture": "#particle"},
				"down": {"uv": [15.2, 8.8, 16, 9.6], "texture": "#particle"}
			}
		},
		{
			"from": [13, 10, 1],
			"to": [17, 15, 5],
			"rotation": {"angle": 0, "axis": "z", "origin": [15, 18, 9]},
			"faces": {
				"north": {"uv": [14.4, 8.8, 15.2, 9.6], "texture": "#particle"},
				"east": {"uv": [14.4, 8.8, 15.2, 9.6], "texture": "#particle"},
				"south": {"uv": [14.4, 8.8, 15.2, 9.6], "texture": "#particle"},
				"west": {"uv": [14.4, 8.8, 15.2, 9.6], "texture": "#particle"},
				"up": {"uv": [14.4, 8.8, 15.2, 9.6], "texture": "#particle"},
				"down": {"uv": [14.4, 8.8, 15.2, 9.6], "texture": "#particle"}
			}
		},
		{
			"from": [13.5, 7, 1.5],
			"to": [16.5, 10, 4.5],
			"rotation": {"angle": 0, "axis": "z", "origin": [15, 18, 9]},
			"faces": {
				"north": {"uv": [15.2, 8.8, 16, 9.6], "texture": "#particle"},
				"east": {"uv": [15.2, 8.8, 16, 9.6], "texture": "#particle"},
				"south": {"uv": [15.2, 8.8, 16, 9.6], "texture": "#particle"},
				"west": {"uv": [15.2, 8.8, 16, 9.6], "texture": "#particle"},
				"up": {"uv": [15.2, 8.8, 16, 9.6], "texture": "#particle"},
				"down": {"uv": [15.2, 8.8, 16, 9.6], "texture": "#particle"}
			}
		},
		{
			"from": [13, 6, -3.5],
			"to": [17, 10, 1.5],
			"rotation": {"angle": 0, "axis": "x", "origin": [15, 18, 9]},
			"faces": {
				"north": {"uv": [14.4, 8.8, 15.2, 9.6], "texture": "#particle"},
				"east": {"uv": [14.4, 8.8, 15.2, 9.6], "texture": "#particle"},
				"south": {"uv": [14.4, 8.8, 15.2, 9.6], "texture": "#particle"},
				"west": {"uv": [14.4, 8.8, 15.2, 9.6], "texture": "#particle"},
				"up": {"uv": [14.4, 8.8, 15.2, 9.6], "texture": "#particle"},
				"down": {"uv": [14.4, 8.8, 15.2, 9.6], "texture": "#particle"}
			}
		},
		{
			"from": [13.5, 6.5, -4.5],
			"to": [16.5, 9.5, -2.5],
			"rotation": {"angle": 0, "axis": "x", "origin": [15, 18, 9]},
			"faces": {
				"north": {"uv": [15.2, 8.8, 16, 9.6], "texture": "#particle"},
				"east": {"uv": [15.2, 8.8, 16, 9.6], "texture": "#particle"},
				"south": {"uv": [15.2, 8.8, 16, 9.6], "texture": "#particle"},
				"west": {"uv": [15.2, 8.8, 16, 9.6], "texture": "#particle"},
				"up": {"uv": [15.2, 8.8, 16, 9.6], "texture": "#particle"},
				"down": {"uv": [15.2, 8.8, 16, 9.6], "texture": "#particle"}
			}
		},
		{
			"from": [13, 6, -6],
			"to": [17, 10, -4],
			"rotation": {"angle": 0, "axis": "x", "origin": [15, 18, 9]},
			"faces": {
				"north": {"uv": [14.4, 8.8, 15.2, 9.6], "texture": "#particle"},
				"east": {"uv": [14.4, 8.8, 15.2, 9.6], "texture": "#particle"},
				"south": {"uv": [14.4, 8.8, 15.2, 9.6], "texture": "#particle"},
				"west": {"uv": [14.4, 8.8, 15.2, 9.6], "texture": "#particle"},
				"up": {"uv": [14.4, 8.8, 15.2, 9.6], "texture": "#particle"},
				"down": {"uv": [14.4, 8.8, 15.2, 9.6], "texture": "#particle"}
			}
		},
		{
			"from": [13, 9, -10],
			"to": [17, 11.5, -6],
			"rotation": {"angle": 0, "axis": "z", "origin": [15, 18, 9]},
			"faces": {
				"north": {"uv": [15.2, 8.8, 16, 9.6], "texture": "#particle"},
				"east": {"uv": [15.2, 8.8, 16, 9.6], "texture": "#particle"},
				"south": {"uv": [15.2, 8.8, 16, 9.6], "texture": "#particle"},
				"west": {"uv": [15.2, 8.8, 16, 9.6], "texture": "#particle"},
				"up": {"uv": [15.2, 8.8, 16, 9.6], "texture": "#particle"},
				"down": {"uv": [15.2, 8.8, 16, 9.6], "texture": "#particle"}
			}
		},
		{
			"from": [12, 8, -11],
			"to": [18, 9, -5],
			"rotation": {"angle": 0, "axis": "z", "origin": [15, 18, 9]},
			"faces": {
				"north": {"uv": [14.4, 10.4, 15.2, 11.2], "texture": "#particle"},
				"east": {"uv": [14.4, 10.4, 15.2, 11.2], "texture": "#particle"},
				"south": {"uv": [14.4, 10.4, 15.2, 11.2], "texture": "#particle"},
				"west": {"uv": [14.4, 10.4, 15.2, 11.2], "texture": "#particle"},
				"up": {"uv": [14.4, 10.4, 15.2, 11.2], "texture": "#particle"},
				"down": {"uv": [14.4, 10.4, 15.2, 11.2], "texture": "#particle"}
			}
		},
		{
			"from": [12.7, 11.5, -10.3],
			"to": [17.3, 14, -5.7],
			"rotation": {"angle": 0, "axis": "z", "origin": [15, 18, 9]},
			"faces": {
				"north": {"uv": [15.2, 9.6, 16, 10.4], "texture": "#particle"},
				"east": {"uv": [15.2, 9.6, 16, 10.4], "texture": "#particle"},
				"south": {"uv": [15.2, 9.6, 16, 10.4], "texture": "#particle"},
				"west": {"uv": [15.2, 9.6, 16, 10.4], "texture": "#particle"},
				"up": {"uv": [15.2, 9.6, 16, 10.4], "texture": "#particle"},
				"down": {"uv": [15.2, 9.6, 16, 10.4], "texture": "#particle"}
			}
		},
		{
			"from": [15.3, 12, -10.6],
			"to": [16.8, 13.5, -9.6],
			"rotation": {"angle": 0, "axis": "z", "origin": [15, 18, 9]},
			"faces": {
				"north": {"uv": [14.4, 8.8, 15.2, 9.6], "texture": "#particle"},
				"east": {"uv": [14.4, 8.8, 15.2, 9.6], "texture": "#particle"},
				"south": {"uv": [14.4, 8.8, 15.2, 9.6], "texture": "#particle"},
				"west": {"uv": [14.4, 8.8, 15.2, 9.6], "texture": "#particle"},
				"up": {"uv": [14.4, 8.8, 15.2, 9.6], "texture": "#particle"},
				"down": {"uv": [14.4, 8.8, 15.2, 9.6], "texture": "#particle"}
			}
		},
		{
			"from": [13.2, 12, -10.6],
			"to": [14.7, 13.5, -9.6],
			"rotation": {"angle": 0, "axis": "z", "origin": [15, 18, 9]},
			"faces": {
				"north": {"uv": [14.4, 8.8, 15.2, 9.6], "texture": "#particle"},
				"east": {"uv": [14.4, 8.8, 15.2, 9.6], "texture": "#particle"},
				"south": {"uv": [14.4, 8.8, 15.2, 9.6], "texture": "#particle"},
				"west": {"uv": [14.4, 8.8, 15.2, 9.6], "texture": "#particle"},
				"up": {"uv": [14.4, 8.8, 15.2, 9.6], "texture": "#particle"},
				"down": {"uv": [14.4, 8.8, 15.2, 9.6], "texture": "#particle"}
			}
		},
		{
			"from": [13.1, 13.5, -9.9],
			"to": [16.9, 14.5, -6.1],
			"rotation": {"angle": 0, "axis": "z", "origin": [15, 18, 9]},
			"faces": {
				"north": {"uv": [15.2, 9.6, 16, 10.4], "texture": "#particle"},
				"east": {"uv": [15.2, 9.6, 16, 10.4], "texture": "#particle"},
				"south": {"uv": [15.2, 9.6, 16, 10.4], "texture": "#particle"},
				"west": {"uv": [15.2, 9.6, 16, 10.4], "texture": "#particle"},
				"up": {"uv": [15.2, 9.6, 16, 10.4], "texture": "#particle"},
				"down": {"uv": [15.2, 9.6, 16, 10.4], "texture": "#particle"}
			}
		},
		{
			"from": [14.7, 14.5, -8.5],
			"to": [15.5, 16, -7.7],
			"rotation": {"angle": 0, "axis": "z", "origin": [15, 18, 9]},
			"faces": {
				"north": {"uv": [14.4, 10.4, 15.2, 11.2], "texture": "#particle"},
				"east": {"uv": [14.4, 10.4, 15.2, 11.2], "texture": "#particle"},
				"south": {"uv": [14.4, 10.4, 15.2, 11.2], "texture": "#particle"},
				"west": {"uv": [14.4, 10.4, 15.2, 11.2], "texture": "#particle"},
				"up": {"uv": [14.4, 10.4, 15.2, 11.2], "texture": "#particle"},
				"down": {"uv": [14.4, 10.4, 15.2, 11.2], "texture": "#particle"}
			}
		},
		{
			"from": [14.1, 11, -10.1],
			"to": [14.9, 12, -10.1],
			"rotation": {"angle": 0, "axis": "z", "origin": [15, 18, 9]},
			"faces": {
				"north": {"uv": [14.4, 8.8, 15.2, 9.6], "texture": "#particle"},
				"east": {"uv": [14.4, 8.8, 15.2, 9.6], "texture": "#particle"},
				"south": {"uv": [14.4, 8.8, 15.2, 9.6], "texture": "#particle"},
				"west": {"uv": [14.4, 8.8, 15.2, 9.6], "texture": "#particle"},
				"up": {"uv": [14.4, 8.8, 15.2, 9.6], "texture": "#particle"},
				"down": {"uv": [14.4, 8.8, 15.2, 9.6], "texture": "#particle"}
			}
		},
		{
			"from": [15.1, 11, -10.1],
			"to": [15.9, 12, -10.1],
			"rotation": {"angle": 0, "axis": "z", "origin": [15, 18, 9]},
			"faces": {
				"north": {"uv": [14.4, 8.8, 15.2, 9.6], "texture": "#particle"},
				"east": {"uv": [14.4, 8.8, 15.2, 9.6], "texture": "#particle"},
				"south": {"uv": [14.4, 8.8, 15.2, 9.6], "texture": "#particle"},
				"west": {"uv": [14.4, 8.8, 15.2, 9.6], "texture": "#particle"},
				"up": {"uv": [14.4, 8.8, 15.2, 9.6], "texture": "#particle"},
				"down": {"uv": [14.4, 8.8, 15.2, 9.6], "texture": "#particle"}
			}
		},
		{
			"from": [14.6, 15.9, -8.6],
			"to": [15.6, 17.1, -7.6],
			"rotation": {"angle": 0, "axis": "z", "origin": [15, 18, 9]},
			"faces": {
				"north": {"uv": [14.4, 9.6, 15.2, 10.4], "texture": "#particle"},
				"east": {"uv": [14.4, 9.6, 15.2, 10.4], "texture": "#particle"},
				"south": {"uv": [14.4, 9.6, 15.2, 10.4], "texture": "#particle"},
				"west": {"uv": [14.4, 9.6, 15.2, 10.4], "texture": "#particle"},
				"up": {"uv": [14.4, 9.6, 15.2, 10.4], "texture": "#particle"},
				"down": {"uv": [14.4, 9.6, 15.2, 10.4], "texture": "#particle"}
			}
		},
		{
			"from": [3, 5.5, 6],
			"to": [13, 8, 12],
			"rotation": {"angle": 0, "axis": "y", "origin": [8, 9, 9]},
			"faces": {
				"north": {"uv": [14.4, 8.8, 15.2, 9.6], "texture": "#particle"},
				"east": {"uv": [14.4, 8.8, 15.2, 9.6], "texture": "#particle"},
				"south": {"uv": [14.4, 8.8, 15.2, 9.6], "texture": "#particle"},
				"west": {"uv": [14.4, 8.8, 15.2, 9.6], "texture": "#particle"},
				"up": {"uv": [14.4, 8.8, 15.2, 9.6], "texture": "#particle"},
				"down": {"uv": [14.4, 8.8, 15.2, 9.6], "texture": "#particle"}
			}
		},
		{
			"from": [5.5, 8, 6.5],
			"to": [10.5, 10, 11.5],
			"rotation": {"angle": 0, "axis": "x", "origin": [8, 9, 9]},
			"faces": {
				"north": {"uv": [15.2, 8.8, 16, 9.6], "texture": "#particle"},
				"east": {"uv": [15.2, 8.8, 16, 9.6], "texture": "#particle"},
				"south": {"uv": [15.2, 8.8, 16, 9.6], "texture": "#particle"},
				"west": {"uv": [15.2, 8.8, 16, 9.6], "texture": "#particle"},
				"up": {"uv": [15.2, 8.8, 16, 9.6], "texture": "#particle"},
				"down": {"uv": [15.2, 8.8, 16, 9.6], "texture": "#particle"}
			}
		},
		{
			"from": [4, 8.5, 5],
			"to": [12, 18, 13],
			"rotation": {"angle": -45, "axis": "x", "origin": [8, 9, 9]},
			"faces": {
				"north": {"uv": [14.4, 8.8, 15.2, 9.6], "texture": "#particle"},
				"east": {"uv": [14.4, 8.8, 15.2, 9.6], "texture": "#particle"},
				"south": {"uv": [14.4, 8.8, 15.2, 9.6], "texture": "#particle"},
				"west": {"uv": [14.4, 8.8, 15.2, 9.6], "texture": "#particle"},
				"up": {"uv": [14.4, 8.8, 15.2, 9.6], "texture": "#particle"},
				"down": {"uv": [14.4, 8.8, 15.2, 9.6], "texture": "#particle"}
			}
		},
		{
			"from": [5, 9.5, 4],
			"to": [11, 16, 5],
			"rotation": {"angle": -45, "axis": "x", "origin": [8, 9, 9]},
			"faces": {
				"north": {"uv": [14.4, 8.8, 15.2, 9.6], "texture": "#particle"},
				"east": {"uv": [14.4, 8.8, 15.2, 9.6], "texture": "#particle"},
				"south": {"uv": [14.4, 8.8, 15.2, 9.6], "texture": "#particle"},
				"west": {"uv": [14.4, 8.8, 15.2, 9.6], "texture": "#particle"},
				"up": {"uv": [14.4, 8.8, 15.2, 9.6], "texture": "#particle"},
				"down": {"uv": [14.4, 8.8, 15.2, 9.6], "texture": "#particle"}
			}
		},
		{
			"from": [4, 11.5, 4],
			"to": [5, 16, 5],
			"rotation": {"angle": -45, "axis": "x", "origin": [8, 9, 9]},
			"faces": {
				"north": {"uv": [14.4, 10.4, 15.2, 11.2], "texture": "#particle"},
				"east": {"uv": [14.4, 10.4, 15.2, 11.2], "texture": "#particle"},
				"south": {"uv": [14.4, 10.4, 15.2, 11.2], "texture": "#particle"},
				"west": {"uv": [14.4, 10.4, 15.2, 11.2], "texture": "#particle"},
				"up": {"uv": [14.4, 10.4, 15.2, 11.2], "texture": "#particle"},
				"down": {"uv": [14.4, 10.4, 15.2, 11.2], "texture": "#particle"}
			}
		},
		{
			"from": [11, 11.5, 4],
			"to": [12, 16, 5],
			"rotation": {"angle": -45, "axis": "x", "origin": [8, 9, 9]},
			"faces": {
				"north": {"uv": [14.4, 10.4, 15.2, 11.2], "texture": "#particle"},
				"east": {"uv": [14.4, 10.4, 15.2, 11.2], "texture": "#particle"},
				"south": {"uv": [14.4, 10.4, 15.2, 11.2], "texture": "#particle"},
				"west": {"uv": [14.4, 10.4, 15.2, 11.2], "texture": "#particle"},
				"up": {"uv": [14.4, 10.4, 15.2, 11.2], "texture": "#particle"},
				"down": {"uv": [14.4, 10.4, 15.2, 11.2], "texture": "#particle"}
			}
		},
		{
			"from": [5, 10.5, 3],
			"to": [11, 16, 4],
			"rotation": {"angle": -45, "axis": "x", "origin": [8, 9, 9]},
			"faces": {
				"north": {"uv": [14.4, 10.4, 15.2, 11.2], "texture": "#particle"},
				"east": {"uv": [14.4, 10.4, 15.2, 11.2], "texture": "#particle"},
				"south": {"uv": [14.4, 10.4, 15.2, 11.2], "texture": "#particle"},
				"west": {"uv": [14.4, 10.4, 15.2, 11.2], "texture": "#particle"},
				"up": {"uv": [14.4, 10.4, 15.2, 11.2], "texture": "#particle"},
				"down": {"uv": [14.4, 10.4, 15.2, 11.2], "texture": "#particle"}
			}
		},
		{
			"from": [6, 9.5, 3],
			"to": [10, 10.5, 4],
			"rotation": {"angle": -45, "axis": "x", "origin": [8, 9, 9]},
			"faces": {
				"north": {"uv": [14.4, 10.4, 15.2, 11.2], "texture": "#particle"},
				"east": {"uv": [14.4, 10.4, 15.2, 11.2], "texture": "#particle"},
				"south": {"uv": [14.4, 10.4, 15.2, 11.2], "texture": "#particle"},
				"west": {"uv": [14.4, 10.4, 15.2, 11.2], "texture": "#particle"},
				"up": {"uv": [14.4, 10.4, 15.2, 11.2], "texture": "#particle"},
				"down": {"uv": [14.4, 10.4, 15.2, 11.2], "texture": "#particle"}
			}
		},
		{
			"from": [4, 18, 5],
			"to": [12, 19, 6],
			"rotation": {"angle": -45, "axis": "x", "origin": [8, 9, 9]},
			"faces": {
				"north": {"uv": [14.4, 10.4, 15.2, 11.2], "texture": "#particle"},
				"east": {"uv": [14.4, 10.4, 15.2, 11.2], "texture": "#particle"},
				"south": {"uv": [14.4, 10.4, 15.2, 11.2], "texture": "#particle"},
				"west": {"uv": [14.4, 10.4, 15.2, 11.2], "texture": "#particle"},
				"up": {"uv": [14.4, 10.4, 15.2, 11.2], "texture": "#particle"},
				"down": {"uv": [14.4, 10.4, 15.2, 11.2], "texture": "#particle"}
			}
		},
		{
			"from": [5, 16, 4],
			"to": [11, 18, 5],
			"rotation": {"angle": -45, "axis": "x", "origin": [8, 9, 9]},
			"faces": {
				"north": {"uv": [14.4, 10.4, 15.2, 11.2], "texture": "#particle"},
				"east": {"uv": [14.4, 10.4, 15.2, 11.2], "texture": "#particle"},
				"south": {"uv": [14.4, 10.4, 15.2, 11.2], "texture": "#particle"},
				"west": {"uv": [14.4, 10.4, 15.2, 11.2], "texture": "#particle"},
				"up": {"uv": [14.4, 10.4, 15.2, 11.2], "texture": "#particle"},
				"down": {"uv": [14.4, 10.4, 15.2, 11.2], "texture": "#particle"}
			}
		},
		{
			"from": [5, 9.5, 13],
			"to": [11, 16, 14],
			"rotation": {"angle": -45, "axis": "x", "origin": [8, 9, 9]},
			"faces": {
				"north": {"uv": [14.4, 8.8, 15.2, 9.6], "texture": "#particle"},
				"east": {"uv": [14.4, 8.8, 15.2, 9.6], "texture": "#particle"},
				"south": {"uv": [14.4, 8.8, 15.2, 9.6], "texture": "#particle"},
				"west": {"uv": [14.4, 8.8, 15.2, 9.6], "texture": "#particle"},
				"up": {"uv": [14.4, 8.8, 15.2, 9.6], "texture": "#particle"},
				"down": {"uv": [14.4, 8.8, 15.2, 9.6], "texture": "#particle"}
			}
		},
		{
			"from": [3, 8.5, 6],
			"to": [4, 18, 12],
			"rotation": {"angle": -45, "axis": "x", "origin": [8, 9, 9]},
			"faces": {
				"north": {"uv": [14.4, 8.8, 15.2, 9.6], "texture": "#particle"},
				"east": {"uv": [14.4, 8.8, 15.2, 9.6], "texture": "#particle"},
				"south": {"uv": [14.4, 8.8, 15.2, 9.6], "texture": "#particle"},
				"west": {"uv": [14.4, 8.8, 15.2, 9.6], "texture": "#particle"},
				"up": {"uv": [14.4, 8.8, 15.2, 9.6], "texture": "#particle"},
				"down": {"uv": [14.4, 8.8, 15.2, 9.6], "texture": "#particle"}
			}
		},
		{
			"from": [12, 8.5, 6],
			"to": [13, 18, 12],
			"rotation": {"angle": -45, "axis": "x", "origin": [8, 9, 9]},
			"faces": {
				"north": {"uv": [14.4, 8.8, 15.2, 9.6], "texture": "#particle"},
				"east": {"uv": [14.4, 8.8, 15.2, 9.6], "texture": "#particle"},
				"south": {"uv": [14.4, 8.8, 15.2, 9.6], "texture": "#particle"},
				"west": {"uv": [14.4, 8.8, 15.2, 9.6], "texture": "#particle"},
				"up": {"uv": [14.4, 8.8, 15.2, 9.6], "texture": "#particle"},
				"down": {"uv": [14.4, 8.8, 15.2, 9.6], "texture": "#particle"}
			}
		},
		{
			"from": [3, 18, 6],
			"to": [13, 19, 12],
			"rotation": {"angle": -45, "axis": "x", "origin": [8, 9, 9]},
			"faces": {
				"north": {"uv": [14.4, 10.4, 15.2, 11.2], "texture": "#particle"},
				"east": {"uv": [14.4, 10.4, 15.2, 11.2], "texture": "#particle"},
				"south": {"uv": [14.4, 10.4, 15.2, 11.2], "texture": "#particle"},
				"west": {"uv": [14.4, 10.4, 15.2, 11.2], "texture": "#particle"},
				"up": {"uv": [14.4, 10.4, 15.2, 11.2], "texture": "#particle"},
				"down": {"uv": [14.4, 10.4, 15.2, 11.2], "texture": "#particle"}
			}
		},
		{
			"from": [6.5, 14.5, 0.5],
			"to": [9.5, 17.5, 2.5],
			"rotation": {"angle": 0, "axis": "y", "origin": [8.00739, 21.64918, 0.124]},
			"faces": {
				"north": {"uv": [15.2, 8.8, 16, 9.6], "texture": "#particle"},
				"east": {"uv": [15.2, 8.8, 16, 9.6], "texture": "#particle"},
				"south": {"uv": [15.2, 8.8, 16, 9.6], "texture": "#particle"},
				"west": {"uv": [15.2, 8.8, 16, 9.6], "texture": "#particle"},
				"up": {"uv": [15.2, 8.8, 16, 9.6], "texture": "#particle"},
				"down": {"uv": [15.2, 8.8, 16, 9.6], "texture": "#particle"}
			}
		},
		{
			"from": [11, 20.5, -2],
			"to": [12, 24.5, -1],
			"rotation": {"angle": 0, "axis": "y", "origin": [8.00739, 21.64918, 0.124]},
			"faces": {
				"north": {"uv": [14.4, 8.8, 15.2, 9.6], "texture": "#particle"},
				"east": {"uv": [14.4, 8.8, 15.2, 9.6], "texture": "#particle"},
				"south": {"uv": [14.4, 8.8, 15.2, 9.6], "texture": "#particle"},
				"west": {"uv": [15.2, 8.8, 16, 9.6], "texture": "#particle"},
				"up": {"uv": [14.4, 8.8, 15.2, 9.6], "texture": "#particle"},
				"down": {"uv": [14.4, 8.8, 15.2, 9.6], "texture": "#particle"}
			}
		},
		{
			"from": [9, 23, -2.1],
			"to": [11, 23.5, -1.1],
			"rotation": {"angle": 0, "axis": "y", "origin": [8.00739, 21.64918, 0.124]},
			"faces": {
				"north": {"uv": [15.2, 8.8, 16, 9.6], "texture": "#particle"},
				"east": {"uv": [15.2, 8.8, 16, 9.6], "texture": "#particle"},
				"south": {"uv": [15.2, 8.8, 16, 9.6], "texture": "#particle"},
				"west": {"uv": [15.2, 8.8, 16, 9.6], "texture": "#particle"},
				"up": {"uv": [15.2, 8.8, 16, 9.6], "texture": "#particle"},
				"down": {"uv": [15.2, 8.8, 16, 9.6], "texture": "#particle"}
			}
		},
		{
			"from": [5, 23, -2.1],
			"to": [7, 23.5, -1.1],
			"rotation": {"angle": 0, "axis": "y", "origin": [8.00739, 21.64918, 0.124]},
			"faces": {
				"north": {"uv": [15.2, 8.8, 16, 9.6], "texture": "#particle"},
				"east": {"uv": [15.2, 8.8, 16, 9.6], "texture": "#particle"},
				"south": {"uv": [15.2, 8.8, 16, 9.6], "texture": "#particle"},
				"west": {"uv": [15.2, 8.8, 16, 9.6], "texture": "#particle"},
				"up": {"uv": [15.2, 8.8, 16, 9.6], "texture": "#particle"},
				"down": {"uv": [15.2, 8.8, 16, 9.6], "texture": "#particle"}
			}
		},
		{
			"from": [5, 22.5, -2],
			"to": [7, 24.5, -1],
			"rotation": {"angle": 0, "axis": "y", "origin": [8.00739, 21.64918, 0.124]},
			"faces": {
				"north": {"uv": [14.4, 8.8, 15.2, 9.6], "texture": "#particle"},
				"east": {"uv": [14.4, 8.8, 15.2, 9.6], "texture": "#particle"},
				"south": {"uv": [14.4, 8.8, 15.2, 9.6], "texture": "#particle"},
				"west": {"uv": [14.4, 8.8, 15.2, 9.6], "texture": "#particle"},
				"up": {"uv": [14.4, 8.8, 15.2, 9.6], "texture": "#particle"},
				"down": {"uv": [15.2, 8.8, 16, 9.6], "texture": "#particle"}
			}
		},
		{
			"from": [7, 20.5, -2],
			"to": [9, 24.5, -1],
			"rotation": {"angle": 0, "axis": "y", "origin": [8.00739, 21.64918, 0.124]},
			"faces": {
				"north": {"uv": [14.4, 8.8, 15.2, 9.6], "texture": "#particle"},
				"east": {"uv": [15.2, 8.8, 16, 9.6], "texture": "#particle"},
				"south": {"uv": [14.4, 8.8, 15.2, 9.6], "texture": "#particle"},
				"west": {"uv": [15.2, 8.8, 16, 9.6], "texture": "#particle"},
				"up": {"uv": [14.4, 8.8, 15.2, 9.6], "texture": "#particle"},
				"down": {"uv": [14.4, 8.8, 15.2, 9.6], "texture": "#particle"}
			}
		},
		{
			"from": [9, 22.5, -2],
			"to": [11, 24.5, -1],
			"rotation": {"angle": 0, "axis": "y", "origin": [8.00739, 21.64918, 0.124]},
			"faces": {
				"north": {"uv": [14.4, 8.8, 15.2, 9.6], "texture": "#particle"},
				"east": {"uv": [14.4, 8.8, 15.2, 9.6], "texture": "#particle"},
				"south": {"uv": [14.4, 8.8, 15.2, 9.6], "texture": "#particle"},
				"west": {"uv": [14.4, 8.8, 15.2, 9.6], "texture": "#particle"},
				"up": {"uv": [14.4, 8.8, 15.2, 9.6], "texture": "#particle"},
				"down": {"uv": [15.2, 8.8, 16, 9.6], "texture": "#particle"}
			}
		},
		{
			"from": [4, 20.5, -2],
			"to": [5, 24.5, -1],
			"rotation": {"angle": 0, "axis": "y", "origin": [8.00739, 21.64918, 0.124]},
			"faces": {
				"north": {"uv": [14.4, 8.8, 15.2, 9.6], "texture": "#particle"},
				"east": {"uv": [15.2, 8.8, 16, 9.6], "texture": "#particle"},
				"south": {"uv": [14.4, 8.8, 15.2, 9.6], "texture": "#particle"},
				"west": {"uv": [14.4, 8.8, 15.2, 9.6], "texture": "#particle"},
				"up": {"uv": [14.4, 8.8, 15.2, 9.6], "texture": "#particle"},
				"down": {"uv": [14.4, 8.8, 15.2, 9.6], "texture": "#particle"}
			}
		},
		{
			"from": [5.5, 21, -1.1],
			"to": [6.5, 22, -0.1],
			"rotation": {"angle": 0, "axis": "y", "origin": [8.00739, 21.64918, 0.124]},
			"faces": {
				"north": {"uv": [15.2, 8.8, 16, 9.6], "texture": "#particle"},
				"east": {"uv": [15.2, 8.8, 16, 9.6], "texture": "#particle"},
				"south": {"uv": [15.2, 8.8, 16, 9.6], "texture": "#particle"},
				"west": {"uv": [15.2, 8.8, 16, 9.6], "texture": "#particle"},
				"up": {"uv": [15.2, 8.8, 16, 9.6], "texture": "#particle"},
				"down": {"uv": [15.2, 8.8, 16, 9.6], "texture": "#particle"}
			}
		},
		{
			"from": [9.5, 21, -1.1],
			"to": [10.5, 22, -0.1],
			"rotation": {"angle": 0, "axis": "y", "origin": [8.00739, 21.64918, 0.124]},
			"faces": {
				"north": {"uv": [15.2, 8.8, 16, 9.6], "texture": "#particle"},
				"east": {"uv": [15.2, 8.8, 16, 9.6], "texture": "#particle"},
				"south": {"uv": [15.2, 8.8, 16, 9.6], "texture": "#particle"},
				"west": {"uv": [15.2, 8.8, 16, 9.6], "texture": "#particle"},
				"up": {"uv": [15.2, 8.8, 16, 9.6], "texture": "#particle"},
				"down": {"uv": [15.2, 8.8, 16, 9.6], "texture": "#particle"}
			}
		},
		{
			"from": [4, 17.5, -1],
			"to": [12, 24.5, 6],
			"rotation": {"angle": 0, "axis": "y", "origin": [8.00739, 21.64918, 0.124]},
			"faces": {
				"north": {"uv": [14.4, 10.4, 15.2, 11.2], "texture": "#particle"},
				"east": {"uv": [14.4, 8.8, 15.2, 9.6], "texture": "#particle"},
				"south": {"uv": [14.4, 8.8, 15.2, 9.6], "texture": "#particle"},
				"west": {"uv": [14.4, 8.8, 15.2, 9.6], "texture": "#particle"},
				"up": {"uv": [14.4, 8.8, 15.2, 9.6], "texture": "#particle"},
				"down": {"uv": [14.4, 8.8, 15.2, 9.6], "texture": "#particle"}
			}
		},
		{
			"from": [4, 17.5, -2],
			"to": [12, 20.5, -1],
			"rotation": {"angle": 0, "axis": "y", "origin": [8.00739, 21.64918, 0.124]},
			"faces": {
				"north": {"uv": [14.4, 8.8, 15.2, 9.6], "texture": "#particle"},
				"east": {"uv": [14.4, 8.8, 15.2, 9.6], "texture": "#particle"},
				"south": {"uv": [14.4, 8.8, 15.2, 9.6], "texture": "#particle"},
				"west": {"uv": [14.4, 8.8, 15.2, 9.6], "texture": "#particle"},
				"up": {"uv": [15.2, 8.8, 16, 9.6], "texture": "#particle"},
				"down": {"uv": [14.4, 8.8, 15.2, 9.6], "texture": "#particle"}
			}
		},
		{
			"from": [5, 16.5, -1],
			"to": [11, 17.5, 5],
			"rotation": {"angle": 0, "axis": "y", "origin": [8.00739, 21.64918, 0.124]},
			"faces": {
				"north": {"uv": [14.4, 8.8, 15.2, 9.6], "texture": "#particle"},
				"east": {"uv": [14.4, 8.8, 15.2, 9.6], "texture": "#particle"},
				"south": {"uv": [14.4, 8.8, 15.2, 9.6], "texture": "#particle"},
				"west": {"uv": [14.4, 8.8, 15.2, 9.6], "texture": "#particle"},
				"up": {"uv": [14.4, 8.8, 15.2, 9.6], "texture": "#particle"},
				"down": {"uv": [14.4, 8.8, 15.2, 9.6], "texture": "#particle"}
			}
		},
		{
			"from": [3, 18.5, -1],
			"to": [4, 21.5, 5],
			"rotation": {"angle": 0, "axis": "y", "origin": [8.00739, 21.64918, 0.124]},
			"faces": {
				"north": {"uv": [14.4, 8.8, 15.2, 9.6], "texture": "#particle"},
				"east": {"uv": [14.4, 8.8, 15.2, 9.6], "texture": "#particle"},
				"south": {"uv": [14.4, 8.8, 15.2, 9.6], "texture": "#particle"},
				"west": {"uv": [14.4, 8.8, 15.2, 9.6], "texture": "#particle"},
				"up": {"uv": [14.4, 8.8, 15.2, 9.6], "texture": "#particle"},
				"down": {"uv": [14.4, 8.8, 15.2, 9.6], "texture": "#particle"}
			}
		},
		{
			"from": [12, 18.5, -1],
			"to": [13, 21.5, 5],
			"rotation": {"angle": 0, "axis": "y", "origin": [8.00739, 21.64918, 0.124]},
			"faces": {
				"north": {"uv": [14.4, 8.8, 15.2, 9.6], "texture": "#particle"},
				"east": {"uv": [14.4, 8.8, 15.2, 9.6], "texture": "#particle"},
				"south": {"uv": [14.4, 8.8, 15.2, 9.6], "texture": "#particle"},
				"west": {"uv": [14.4, 8.8, 15.2, 9.6], "texture": "#particle"},
				"up": {"uv": [14.4, 8.8, 15.2, 9.6], "texture": "#particle"},
				"down": {"uv": [14.4, 8.8, 15.2, 9.6], "texture": "#particle"}
			}
		},
		{
			"from": [5, 24.5, -1],
			"to": [11, 25.5, 5],
			"rotation": {"angle": 0, "axis": "y", "origin": [8.00739, 21.64918, 0.124]},
			"faces": {
				"north": {"uv": [14.4, 8.8, 15.2, 9.6], "texture": "#particle"},
				"east": {"uv": [14.4, 8.8, 15.2, 9.6], "texture": "#particle"},
				"south": {"uv": [14.4, 8.8, 15.2, 9.6], "texture": "#particle"},
				"west": {"uv": [14.4, 8.8, 15.2, 9.6], "texture": "#particle"},
				"up": {"uv": [14.4, 8.8, 15.2, 9.6], "texture": "#particle"},
				"down": {"uv": [14.4, 8.8, 15.2, 9.6], "texture": "#particle"}
			}
		},
		{
			"from": [7, 23.2, 3],
			"to": [9, 26.2, 3],
			"rotation": {"angle": -22.5, "axis": "x", "origin": [8.00739, 21.64918, 0.124]},
			"faces": {
				"north": {"uv": [14.4, 8.8, 15.2, 9.6], "texture": "#particle"},
				"east": {"uv": [14.4, 8.8, 15.2, 9.6], "texture": "#particle"},
				"south": {"uv": [14.4, 8.8, 15.2, 9.6], "texture": "#particle"},
				"west": {"uv": [14.4, 8.8, 15.2, 9.6], "texture": "#particle"},
				"up": {"uv": [14.4, 8.8, 15.2, 9.6], "texture": "#particle"},
				"down": {"uv": [14.4, 8.8, 15.2, 9.6], "texture": "#particle"}
			}
		},
		{
			"from": [8.88339, 24, 1.13139],
			"to": [8.88339, 27, 3.13139],
			"rotation": {"angle": 22.5, "axis": "z", "origin": [8.00739, 21.64918, 0.124]},
			"faces": {
				"north": {"uv": [14.4, 8.8, 15.2, 9.6], "texture": "#particle"},
				"east": {"uv": [14.4, 8.8, 15.2, 9.6], "texture": "#particle"},
				"south": {"uv": [14.4, 8.8, 15.2, 9.6], "texture": "#particle"},
				"west": {"uv": [14.4, 8.8, 15.2, 9.6], "texture": "#particle"},
				"up": {"uv": [14.4, 8.8, 15.2, 9.6], "texture": "#particle"},
				"down": {"uv": [14.4, 8.8, 15.2, 9.6], "texture": "#particle"}
			}
		},
		{
			"from": [7.2, 24, 1.13139],
			"to": [7.2, 27, 3.13139],
			"rotation": {"angle": -22.5, "axis": "z", "origin": [8.00739, 21.64918, 0.124]},
			"faces": {
				"north": {"uv": [14.4, 8.8, 15.2, 9.6], "texture": "#particle"},
				"east": {"uv": [14.4, 8.8, 15.2, 9.6], "texture": "#particle"},
				"south": {"uv": [14.4, 8.8, 15.2, 9.6], "texture": "#particle"},
				"west": {"uv": [14.4, 8.8, 15.2, 9.6], "texture": "#particle"},
				"up": {"uv": [14.4, 8.8, 15.2, 9.6], "texture": "#particle"},
				"down": {"uv": [14.4, 8.8, 15.2, 9.6], "texture": "#particle"}
			}
		},
		{
			"from": [7, 24.7, 1],
			"to": [9, 27.7, 1],
			"rotation": {"angle": 22.5, "axis": "x", "origin": [8.00739, 21.64918, 0.124]},
			"faces": {
				"north": {"uv": [14.4, 8.8, 15.2, 9.6], "texture": "#particle"},
				"east": {"uv": [14.4, 8.8, 15.2, 9.6], "texture": "#particle"},
				"south": {"uv": [14.4, 8.8, 15.2, 9.6], "texture": "#particle"},
				"west": {"uv": [14.4, 8.8, 15.2, 9.6], "texture": "#particle"},
				"up": {"uv": [14.4, 8.8, 15.2, 9.6], "texture": "#particle"},
				"down": {"uv": [14.4, 8.8, 15.2, 9.6], "texture": "#particle"}
			}
		},
		{
			"from": [5, 18.5, 6],
			"to": [11, 23.5, 7],
			"rotation": {"angle": 0, "axis": "y", "origin": [8.00739, 21.64918, 0.124]},
			"faces": {
				"north": {"uv": [14.4, 8.8, 15.2, 9.6], "texture": "#particle"},
				"east": {"uv": [14.4, 8.8, 15.2, 9.6], "texture": "#particle"},
				"south": {"uv": [14.4, 8.8, 15.2, 9.6], "texture": "#particle"},
				"west": {"uv": [14.4, 8.8, 15.2, 9.6], "texture": "#particle"},
				"up": {"uv": [14.4, 8.8, 15.2, 9.6], "texture": "#particle"},
				"down": {"uv": [14.4, 8.8, 15.2, 9.6], "texture": "#particle"}
			}
		},
		{
			"from": [7, 19.5, -3.5],
			"to": [9, 20.5, -2],
			"rotation": {"angle": 0, "axis": "y", "origin": [8.00739, 21.64918, 0.124]},
			"faces": {
				"north": {"uv": [14.4, 9.6, 15.2, 10.4], "texture": "#particle"},
				"east": {"uv": [14.4, 9.6, 15.2, 10.4], "texture": "#particle"},
				"south": {"uv": [14.4, 9.6, 15.2, 10.4], "texture": "#particle"},
				"west": {"uv": [14.4, 9.6, 15.2, 10.4], "texture": "#particle"},
				"up": {"uv": [14.4, 9.6, 15.2, 10.4], "texture": "#particle"},
				"down": {"uv": [14.4, 9.6, 15.2, 10.4], "texture": "#particle"}
			}
		},
		{
			"from": [6.4, 18.4, -4.1],
			"to": [9.6, 19.6, -1.9],
			"rotation": {"angle": 0, "axis": "y", "origin": [8.00739, 21.64918, 0.124]},
			"faces": {
				"north": {"uv": [14.4, 9.6, 15.2, 10.4], "texture": "#particle"},
				"east": {"uv": [14.4, 9.6, 15.2, 10.4], "texture": "#particle"},
				"south": {"uv": [14.4, 9.6, 15.2, 10.4], "texture": "#particle"},
				"west": {"uv": [14.4, 9.6, 15.2, 10.4], "texture": "#particle"},
				"up": {"uv": [14.4, 9.6, 15.2, 10.4], "texture": "#particle"},
				"down": {"uv": [14.4, 9.6, 15.2, 10.4], "texture": "#particle"}
			}
		},
		{
			"from": [6.5, 17.5, -4],
			"to": [9.5, 18.5, -2],
			"rotation": {"angle": 0, "axis": "y", "origin": [8.00739, 21.64918, 0.124]},
			"faces": {
				"north": {"uv": [14.4, 9.6, 15.2, 10.4], "texture": "#particle"},
				"east": {"uv": [14.4, 9.6, 15.2, 10.4], "texture": "#particle"},
				"south": {"uv": [14.4, 9.6, 15.2, 10.4], "texture": "#particle"},
				"west": {"uv": [14.4, 9.6, 15.2, 10.4], "texture": "#particle"},
				"up": {"uv": [14.4, 9.6, 15.2, 10.4], "texture": "#particle"},
				"down": {"uv": [14.4, 9.6, 15.2, 10.4], "texture": "#particle"}
			}
		},
		{
			"from": [7.4, 18.4, -4.9],
			"to": [8.6, 19.4, -3.7],
			"rotation": {"angle": 0, "axis": "y", "origin": [8.00739, 21.64918, 0.124]},
			"faces": {
				"north": {"uv": [14.4, 9.6, 15.2, 10.4], "texture": "#particle"},
				"east": {"uv": [14.4, 9.6, 15.2, 10.4], "texture": "#particle"},
				"south": {"uv": [14.4, 9.6, 15.2, 10.4], "texture": "#particle"},
				"west": {"uv": [14.4, 9.6, 15.2, 10.4], "texture": "#particle"},
				"up": {"uv": [14.4, 9.6, 15.2, 10.4], "texture": "#particle"},
				"down": {"uv": [14.4, 9.6, 15.2, 10.4], "texture": "#particle"}
			}
		},
		{
			"from": [7.5, 17.6, -4.5],
			"to": [8.5, 18.6, -4],
			"rotation": {"angle": 0, "axis": "y", "origin": [8.00739, 21.64918, 0.124]},
			"faces": {
				"north": {"uv": [14.4, 9.6, 15.2, 10.4], "texture": "#particle"},
				"east": {"uv": [14.4, 9.6, 15.2, 10.4], "texture": "#particle"},
				"south": {"uv": [14.4, 9.6, 15.2, 10.4], "texture": "#particle"},
				"west": {"uv": [14.4, 9.6, 15.2, 10.4], "texture": "#particle"},
				"up": {"uv": [14.4, 9.6, 15.2, 10.4], "texture": "#particle"},
				"down": {"uv": [14.4, 9.6, 15.2, 10.4], "texture": "#particle"}
			}
		}
	],
	"display": {
		"thirdperson_righthand": {
			"rotation": [-180, 31, -123],
			"translation": [-4.25, 2.75, 0]
		},
		"firstperson_righthand": {
			"rotation": [113, 57, -83],
			"translation": [0, 0, -1.5]
		},
		"ground": {
			"scale": [0.4, 0.4, 0.4]
		},
		"gui": {
			"rotation": [0, -180, 0],
			"translation": [0.25, -1.5, 0],
			"scale": [0.4, 0.4, 0.4]
		},
		"head": {
			"translation": [0, -26.5, -2],
			"scale": [1.68, 1.68, 1.68]
		},
		"fixed": {
			"translation": [0, -1.25, -0.5]
		}
	},
	"groups": [
		{
			"name": "Ear2",
			"origin": [0, 0, 0],
			"color": 0,
			"children": []
		},
		{
			"name": "Ear1",
			"origin": [0, 0, 0],
			"color": 0,
			"children": []
		},
		{
			"name": "LeftLeg",
			"origin": [0, 5, 0],
			"color": 0,
			"children": [
				{
					"name": "LeftFoot",
					"origin": [0, 5, 0],
					"color": 0,
					"children": [0, 1, 2, 3]
				}, 4, 5, 6, 7, 8]
		},
		{
			"name": "RightLeg",
			"origin": [0, 5, 0],
			"color": 0,
			"children": [9, 10, 11, 12, 13, 14,
				{
					"name": "RightFoot",
					"origin": [0, 5, 0],
					"color": 0,
					"children": [15, 16, 17]
				}
			]
		},
		{
			"name": "LeftArm",
			"origin": [0, 5, 0],
			"color": 0,
			"children": [18, 19, 20, 21, 22, 23]
		},
		{
			"name": "RightArm",
			"origin": [0, 5, 0],
			"color": 0,
			"children": [24, 25, 26, 27, 28, 29,
				{
					"name": "cupcake",
					"origin": [15, 18, 9],
					"color": 0,
					"children": [30, 31, 32, 33, 34, 35, 36, 37, 38, 39]
				}
			]
		}, 40,
		{
			"name": "Body",
			"origin": [0, 0, 0],
			"color": 0,
			"children": [41, 42, 43, 44, 45, 46, 47, 48, 49, 50, 51, 52, 53]
		},
		{
			"name": "Head",
			"origin": [0, 5, 0],
			"color": 0,
			"children": [54, 55, 56, 57, 58, 59, 60, 61, 62, 63, 64, 65, 66, 67, 68, 69, 70, 71, 72, 73, 74, 75, 76, 77, 78, 79]
		}
	]
}