{
	"credit": "Made with Blockbench",
	"texture_size": [1, 1],
	"textures": {
		"particle": "fnaf_texture/fnaf1_texture/chica/chica_skin"
	},
	"elements": [
		{
			"from": [3, 5.5, 6],
			"to": [13, 8, 12],
			"rotation": {"angle": 0, "axis": "y", "origin": [8, 9, 9]},
			"faces": {
				"north": {"uv": [0, 0, 8, 1.6], "texture": "#particle"},
				"east": {"uv": [3.2, 0, 8, 1.6], "texture": "#particle"},
				"south": {"uv": [0, 0, 8, 1.6], "texture": "#particle"},
				"west": {"uv": [0, 0, 4.8, 1.6], "texture": "#particle"},
				"up": {"uv": [0, 4, 8, 8.8], "texture": "#particle"},
				"down": {"uv": [0, 0, 8, 4.8], "texture": "#particle"}
			}
		},
		{
			"from": [5.5, 8, 6.5],
			"to": [10.5, 10, 11.5],
			"rotation": {"angle": 0, "axis": "y", "origin": [8, 9, 9]},
			"faces": {
				"north": {"uv": [0.8, 11.2, 2.4, 8.8], "rotation": 180, "texture": "#particle"},
				"east": {"uv": [0.8, 11.2, 2.4, 8.8], "rotation": 180, "texture": "#particle"},
				"south": {"uv": [0.8, 11.2, 2.4, 8.8], "rotation": 180, "texture": "#particle"},
				"west": {"uv": [0.8, 11.2, 2.4, 8.8], "rotation": 180, "texture": "#particle"},
				"up": {"uv": [0.8, 11.2, 2.4, 8.8], "rotation": 180, "texture": "#particle"},
				"down": {"uv": [0.8, 11.2, 2.4, 8.8], "rotation": 180, "texture": "#particle"}
			}
		},
		{
			"from": [4, 8.5, 5],
			"to": [12, 18, 13],
			"rotation": {"angle": 0, "axis": "y", "origin": [8, 9, 9]},
			"faces": {
				"north": {"uv": [0, 0, 8, 8.8], "texture": "#particle"},
				"east": {"uv": [0, 0, 8, 8.8], "texture": "#particle"},
				"south": {"uv": [0, 0, 8, 8.8], "texture": "#particle"},
				"west": {"uv": [0, 0, 8, 8.8], "texture": "#particle"},
				"up": {"uv": [0, 2.4, 8, 7.2], "texture": "#particle"},
				"down": {"uv": [0, 2.4, 8, 7.2], "texture": "#particle"}
			}
		},
		{
			"from": [5, 9.5, 4],
			"to": [11, 16, 5],
			"rotation": {"angle": 0, "axis": "y", "origin": [8, 9, 9]},
			"faces": {
				"north": {"uv": [0, 0, 4.8, 5.6], "texture": "#particle"},
				"east": {"uv": [0, 0, 0.8, 6.4], "texture": "#particle"},
				"south": {"uv": [0, 0, 8, 8.8], "texture": "#particle"},
				"west": {"uv": [0, 0, 0.8, 6.4], "texture": "#particle"},
				"up": {"uv": [0, 0, 4.8, 0.8], "texture": "#particle"},
				"down": {"uv": [0, 0, 4.8, 0.8], "texture": "#particle"}
			}
		},
		{
			"from": [4, 11.5, 4],
			"to": [5, 16, 5],
			"rotation": {"angle": 0, "axis": "y", "origin": [8, 9, 9]},
			"faces": {
				"north": {"uv": [8, 0, 8.8, 5.6], "texture": "#particle"},
				"east": {"uv": [8, 0, 8.8, 5.6], "texture": "#particle"},
				"south": {"uv": [8, 0, 8.8, 5.6], "texture": "#particle"},
				"west": {"uv": [8, 0, 8.8, 5.6], "texture": "#particle"},
				"up": {"uv": [8, 0, 8.8, 0.8], "texture": "#particle"},
				"down": {"uv": [8.8, 1.6, 9.6, 2.4], "texture": "#particle"}
			}
		},
		{
			"from": [11, 11.5, 4],
			"to": [12, 16, 5],
			"rotation": {"angle": 0, "axis": "y", "origin": [8, 9, 9]},
			"faces": {
				"north": {"uv": [8, 0, 8.8, 5.6], "texture": "#particle"},
				"east": {"uv": [8, 0, 8.8, 5.6], "texture": "#particle"},
				"south": {"uv": [8, 0, 8.8, 5.6], "texture": "#particle"},
				"west": {"uv": [8, 0, 8.8, 5.6], "texture": "#particle"},
				"up": {"uv": [8, 0, 8.8, 0.8], "texture": "#particle"},
				"down": {"uv": [8.8, 1.6, 9.6, 2.4], "texture": "#particle"}
			}
		},
		{
			"from": [5, 10.5, 3],
			"to": [11, 16, 4],
			"rotation": {"angle": 0, "axis": "y", "origin": [8, 9, 9]},
			"faces": {
				"north": {"uv": [8.8, 2.4, 16, 8.8], "texture": "#particle"},
				"east": {"uv": [8, 0, 8.8, 5.6], "texture": "#particle"},
				"south": {"uv": [8, 0, 8.8, 5.6], "texture": "#particle"},
				"west": {"uv": [8, 0, 8.8, 5.6], "texture": "#particle"},
				"up": {"uv": [8, 8, 14.4, 8.8], "texture": "#particle"},
				"down": {"uv": [10.4, 0, 16, 0.8], "texture": "#particle"}
			}
		},
		{
			"from": [6, 9.5, 3],
			"to": [10, 10.5, 4],
			"rotation": {"angle": 0, "axis": "y", "origin": [8, 9, 9]},
			"faces": {
				"north": {"uv": [8, 0, 11.2, 0.8], "texture": "#particle"},
				"east": {"uv": [8, 4.8, 8.8, 5.6], "texture": "#particle"},
				"south": {"uv": [8, 0, 8.8, 5.6], "texture": "#particle"},
				"west": {"uv": [9.6, 7.2, 10.4, 8], "texture": "#particle"},
				"up": {"uv": [8, 8, 14.4, 8.8], "texture": "#particle"},
				"down": {"uv": [9.6, 0, 16, 0.8], "texture": "#particle"}
			}
		},
		{
			"from": [4, 18, 5],
			"to": [12, 19, 6],
			"rotation": {"angle": 0, "axis": "y", "origin": [8, 9, 9]},
			"faces": {
				"north": {"uv": [8.8, 8, 13.6, 8.8], "texture": "#particle"},
				"east": {"uv": [8, 0.8, 8.8, 1.6], "texture": "#particle"},
				"south": {"uv": [8, 0, 8.8, 5.6], "texture": "#particle"},
				"west": {"uv": [8, 0, 8.8, 0.8], "texture": "#particle"},
				"up": {"uv": [8, 8, 14.4, 8.8], "texture": "#particle"},
				"down": {"uv": [9.6, 0, 16, 0.8], "texture": "#particle"}
			}
		},
		{
			"from": [5, 16, 4],
			"to": [11, 18, 5],
			"rotation": {"angle": 0, "axis": "y", "origin": [8, 9, 9]},
			"faces": {
				"north": {"uv": [8, 0, 12.8, 2.4], "texture": "#particle"},
				"east": {"uv": [15.2, 2.4, 16, 4], "texture": "#particle"},
				"south": {"uv": [8, 0, 8.8, 5.6], "texture": "#particle"},
				"west": {"uv": [15.2, 0, 16, 1.6], "texture": "#particle"},
				"up": {"uv": [8, 8, 14.4, 8.8], "texture": "#particle"},
				"down": {"uv": [9.6, 0, 16, 0.8], "texture": "#particle"}
			}
		},
		{
			"from": [5, 9.5, 13],
			"to": [11, 16, 14],
			"rotation": {"angle": 0, "axis": "y", "origin": [8, 9, 9]},
			"faces": {
				"north": {"uv": [0, 0, 0.8, 8.8], "texture": "#particle"},
				"east": {"uv": [0, 0, 0.8, 8.8], "texture": "#particle"},
				"south": {"uv": [0, 0, 4.8, 5.6], "texture": "#particle"},
				"west": {"uv": [0, 0, 0.8, 8.8], "texture": "#particle"},
				"up": {"uv": [0, 0, 6.4, 0.8], "texture": "#particle"},
				"down": {"uv": [0, 0, 6.4, 0.8], "texture": "#particle"}
			}
		},
		{
			"from": [3, 8.5, 6],
			"to": [4, 18, 12],
			"rotation": {"angle": 0, "axis": "y", "origin": [8, 9, 9]},
			"faces": {
				"north": {"uv": [7.2, 0, 8, 8.8], "texture": "#particle"},
				"east": {"uv": [0, 0, 8, 8.8], "texture": "#particle"},
				"south": {"uv": [0, 0, 0.8, 8.8], "texture": "#particle"},
				"west": {"uv": [0, 0, 4, 8.8], "texture": "#particle"},
				"up": {"uv": [0, 2.4, 8, 7.2], "texture": "#particle"},
				"down": {"uv": [0, 2.4, 8, 7.2], "texture": "#particle"}
			}
		},
		{
			"from": [12, 8.5, 6],
			"to": [13, 18, 12],
			"rotation": {"angle": 0, "axis": "y", "origin": [8, 9, 9]},
			"faces": {
				"north": {"uv": [0, 0, 0.8, 8.8], "texture": "#particle"},
				"east": {"uv": [0, 0, 4, 8.8], "texture": "#particle"},
				"south": {"uv": [0, 0, 0.8, 8.8], "texture": "#particle"},
				"west": {"uv": [0, 0, 8, 8.8], "texture": "#particle"},
				"up": {"uv": [0, 2.4, 8, 7.2], "texture": "#particle"},
				"down": {"uv": [0, 2.4, 8, 7.2], "texture": "#particle"}
			}
		},
		{
			"from": [3, 18, 6],
			"to": [13, 19, 12],
			"rotation": {"angle": 0, "axis": "y", "origin": [8, 9, 9]},
			"faces": {
				"north": {"uv": [8, 7.2, 16, 8], "texture": "#particle"},
				"east": {"uv": [8, 4, 16, 4.8], "texture": "#particle"},
				"south": {"uv": [8, 8, 16, 8.8], "texture": "#particle"},
				"west": {"uv": [8, 6.4, 16, 7.2], "texture": "#particle"},
				"up": {"uv": [8, 0, 16, 2.4], "texture": "#particle"},
				"down": {"uv": [0, 8, 8, 8.8], "texture": "#particle"}
			}
		}
	],
	"display": {
		"thirdperson_righthand": {
			"rotation": [-180, 31, -123],
			"translation": [-4.25, 2.75, 0]
		},
		"firstperson_righthand": {
			"rotation": [113, 57, -83],
			"translation": [0, 0, -1.5]
		},
		"ground": {
			"scale": [0.4, 0.4, 0.4]
		},
		"gui": {
			"rotation": [15, -141, 0],
			"translation": [0.25, -1.5, 0],
			"scale": [0.4, 0.4, 0.4]
		},
		"head": {
			"translation": [0, -18, -2],
			"scale": [1.68, 1.68, 1.68]
		},
		"fixed": {
			"translation": [0, -1.25, -0.5]
		}
	},
	"groups": [
		{
			"name": "Ear2",
			"origin": [0, 0, 0],
			"color": 0,
			"children": []
		},
		{
			"name": "Ear1",
			"origin": [0, 0, 0],
			"color": 0,
			"children": []
		},
		{
			"name": "LeftLeg",
			"origin": [0, 5, 0],
			"color": 0,
			"children": [
				{
					"name": "LeftFoot",
					"origin": [0, 5, 0],
					"color": 0,
					"children": []
				}
			]
		},
		{
			"name": "RightLeg",
			"origin": [0, 5, 0],
			"color": 0,
			"children": [
				{
					"name": "RightFoot",
					"origin": [0, 5, 0],
					"color": 0,
					"children": []
				}
			]
		},
		{
			"name": "LeftArm",
			"origin": [0, 5, 0],
			"color": 0,
			"children": []
		},
		{
			"name": "RightArm",
			"origin": [0, 5, 0],
			"color": 0,
			"children": [
				{
					"name": "cupcake",
					"origin": [15, 18, 9],
					"color": 0,
					"children": []
				}
			]
		},
		0,
		{
			"name": "Body",
			"origin": [0, 0, 0],
			"color": 0,
			"children": [1, 2, 3, 4, 5, 6, 7, 8, 9, 10, 11, 12, 13]
		},
		{
			"name": "Head",
			"origin": [0, 5, 0],
			"color": 0,
			"children": []
		}
	]
}