{
	"credit": "Made with Blockbench",
	"texture_size": [1, 1],
	"textures": {
		"particle": "fnaf_texture/fnaf1_texture/chica/chica_skin"
	},
	"elements": [
		{
			"from": [-1, 6, 11],
			"to": [3, 8, 15],
			"rotation": {"angle": 22.5, "axis": "x", "origin": [1, 18, 9]},
			"faces": {
				"north": {"uv": [6.4, 5.6, 8, 8.8], "rotation": 90, "texture": "#particle"},
				"east": {"uv": [6.4, 4, 8, 7.2], "rotation": 90, "texture": "#particle"},
				"south": {"uv": [6.4, 0, 8, 3.2], "rotation": 90, "texture": "#particle"},
				"west": {"uv": [6.4, 4, 8, 7.2], "rotation": 90, "texture": "#particle"},
				"up": {"uv": [4, 0, 7.2, 3.2], "rotation": 90, "texture": "#particle"},
				"down": {"uv": [4.8, 0.8, 8, 4], "rotation": 90, "texture": "#particle"}
			}
		},
		{
			"from": [-0.5, 7.5, 11.5],
			"to": [2.5, 9.5, 14.5],
			"rotation": {"angle": 22.5, "axis": "x", "origin": [1, 18, 9]},
			"faces": {
				"north": {"uv": [0.8, 11.2, 2.4, 8.8], "rotation": 180, "texture": "#particle"},
				"east": {"uv": [0.8, 11.2, 2.4, 8.8], "rotation": 180, "texture": "#particle"},
				"south": {"uv": [0.8, 11.2, 2.4, 8.8], "rotation": 180, "texture": "#particle"},
				"west": {"uv": [0.8, 11.2, 2.4, 8.8], "rotation": 180, "texture": "#particle"},
				"up": {"uv": [0.8, 11.2, 2.4, 8.8], "rotation": 180, "texture": "#particle"},
				"down": {"uv": [0.8, 11.2, 2.4, 8.8], "rotation": 180, "texture": "#particle"}
			}
		},
		{
			"from": [-1, 8.5, 11],
			"to": [3, 13.5, 15],
			"rotation": {"angle": 22.5, "axis": "x", "origin": [1, 18, 9]},
			"faces": {
				"north": {"uv": [0, 0, 3.2, 4], "texture": "#particle"},
				"east": {"uv": [4.8, 4.8, 8, 8.8], "texture": "#particle"},
				"south": {"uv": [0, 4.8, 3.2, 8.8], "texture": "#particle"},
				"west": {"uv": [3.2, 0, 6.4, 4], "texture": "#particle"},
				"up": {"uv": [0, 0, 3.2, 3.2], "texture": "#particle"},
				"down": {"uv": [0, 5.6, 3.2, 8.8], "texture": "#particle"}
			}
		},
		{
			"from": [-0.5, 12, 9.5],
			"to": [2.5, 14, 12.5],
			"rotation": {"angle": 0, "axis": "x", "origin": [1, 18, 9]},
			"faces": {
				"north": {"uv": [0.8, 11.2, 2.4, 8.8], "rotation": 180, "texture": "#particle"},
				"east": {"uv": [0.8, 11.2, 2.4, 8.8], "rotation": 180, "texture": "#particle"},
				"south": {"uv": [0.8, 11.2, 2.4, 8.8], "rotation": 180, "texture": "#particle"},
				"west": {"uv": [0.8, 11.2, 2.4, 8.8], "rotation": 180, "texture": "#particle"},
				"up": {"uv": [0.8, 11.2, 2.4, 8.8], "rotation": 180, "texture": "#particle"},
				"down": {"uv": [0.8, 11.2, 2.4, 8.8], "rotation": 180, "texture": "#particle"}
			}
		},
		{
			"from": [-1, 13, 7],
			"to": [3, 18, 11],
			"rotation": {"angle": -22.5, "axis": "x", "origin": [1, 18, 9]},
			"faces": {
				"north": {"uv": [0, 0, 3.2, 4], "texture": "#particle"},
				"east": {"uv": [4.8, 4.8, 8, 8.8], "texture": "#particle"},
				"south": {"uv": [0, 4.8, 3.2, 8.8], "texture": "#particle"},
				"west": {"uv": [3.2, 0, 6.4, 4], "texture": "#particle"},
				"up": {"uv": [0, 0, 3.2, 3.2], "texture": "#particle"},
				"down": {"uv": [0, 5.6, 3.2, 8.8], "texture": "#particle"}
			}
		},
		{
			"from": [0.5, 17, 7.5],
			"to": [3, 19, 10.5],
			"rotation": {"angle": -22.5, "axis": "x", "origin": [1, 18, 9]},
			"faces": {
				"north": {"uv": [0.8, 11.2, 2.4, 8.8], "rotation": 180, "texture": "#particle"},
				"east": {"uv": [0.8, 11.2, 2.4, 8.8], "rotation": 180, "texture": "#particle"},
				"south": {"uv": [0.8, 11.2, 2.4, 8.8], "rotation": 180, "texture": "#particle"},
				"west": {"uv": [0.8, 11.2, 2.4, 8.8], "rotation": 180, "texture": "#particle"},
				"up": {"uv": [0.8, 11.2, 2.4, 8.8], "rotation": 180, "texture": "#particle"},
				"down": {"uv": [0.8, 11.2, 2.4, 8.8], "rotation": 180, "texture": "#particle"}
			}
		},
		{
			"from": [13.5, 16, 9],
			"to": [16.5, 18.5, 11],
			"rotation": {"angle": 0, "axis": "y", "origin": [15, 18, 9]},
			"faces": {
				"north": {"uv": [0, 10.4, 2.4, 8.8], "rotation": 270, "texture": "#particle"},
				"east": {"uv": [0, 10.4, 2.4, 8.8], "rotation": 270, "texture": "#particle"},
				"south": {"uv": [1.6, 12.8, 3.2, 10.4], "rotation": 270, "texture": "#particle"},
				"west": {"uv": [0, 10.4, 2.4, 8.8], "rotation": 90, "texture": "#particle"},
				"up": {"uv": [0, 10.4, 2.4, 8.8], "rotation": 180, "texture": "#particle"},
				"down": {"uv": [0, 10.4, 2.4, 8.8], "texture": "#particle"}
			}
		},
		{
			"from": [13, 15, 5],
			"to": [17, 19, 10],
			"rotation": {"angle": 0, "axis": "y", "origin": [15, 18, 9]},
			"faces": {
				"north": {"uv": [4.8, 1.6, 8, 4.8], "rotation": 270, "texture": "#particle"},
				"east": {"uv": [0, 4.8, 3.2, 8.8], "rotation": 90, "texture": "#particle"},
				"south": {"uv": [4.8, 4.8, 8, 8], "rotation": 270, "texture": "#particle"},
				"west": {"uv": [0, 0, 3.2, 4], "rotation": 270, "texture": "#particle"},
				"up": {"uv": [4.8, 4.8, 8, 8.8], "texture": "#particle"},
				"down": {"uv": [3.2, 0, 6.4, 4], "texture": "#particle"}
			}
		},
		{
			"from": [13.5, 14.5, 4.5],
			"to": [16.5, 17.5, 7.5],
			"rotation": {"angle": 22.5, "axis": "x", "origin": [15, 18, 9]},
			"faces": {
				"north": {"uv": [0, 11.2, 2.4, 8.8], "texture": "#particle"},
				"east": {"uv": [0, 11.2, 2.4, 8.8], "texture": "#particle"},
				"south": {"uv": [0, 11.2, 2.4, 8.8], "texture": "#particle"},
				"west": {"uv": [0, 11.2, 2.4, 8.8], "texture": "#particle"},
				"up": {"uv": [0, 11.2, 2.4, 8.8], "rotation": 270, "texture": "#particle"},
				"down": {"uv": [0, 11.2, 2.4, 8.8], "rotation": 90, "texture": "#particle"}
			}
		},
		{
			"from": [13, 14, -0.5],
			"to": [17, 18, 4.5],
			"rotation": {"angle": 22.5, "axis": "x", "origin": [15, 18, 9]},
			"faces": {
				"north": {"uv": [4.8, 1.6, 8, 4.8], "rotation": 180, "texture": "#particle"},
				"east": {"uv": [4.8, 4.8, 8, 8.8], "rotation": 90, "texture": "#particle"},
				"south": {"uv": [4.8, 4.8, 8, 8], "texture": "#particle"},
				"west": {"uv": [3.2, 0, 6.4, 4], "rotation": 90, "texture": "#particle"},
				"up": {"uv": [0, 0, 3.2, 4], "texture": "#particle"},
				"down": {"uv": [0, 4.8, 3.2, 8.8], "rotation": 180, "texture": "#particle"}
			}
		},
		{
			"from": [13.5, 14.5, -1.5],
			"to": [16.5, 17.5, 0.5],
			"rotation": {"angle": 22.5, "axis": "x", "origin": [15, 18, 9]},
			"faces": {
				"north": {"uv": [0.8, 11.2, 2.4, 8.8], "texture": "#particle"},
				"east": {"uv": [0.8, 11.2, 2.4, 8.8], "rotation": 90, "texture": "#particle"},
				"south": {"uv": [0.8, 11.2, 2.4, 8.8], "rotation": 180, "texture": "#particle"},
				"west": {"uv": [0.8, 11.2, 2.4, 8.8], "rotation": 270, "texture": "#particle"},
				"up": {"uv": [0.8, 11.2, 2.4, 8.8], "texture": "#particle"},
				"down": {"uv": [0.8, 11.2, 2.4, 8.8], "rotation": 180, "texture": "#particle"}
			}
		},
		{
			"from": [13, 14, -3],
			"to": [17, 18, -1],
			"rotation": {"angle": 22.5, "axis": "x", "origin": [15, 18, 9]},
			"faces": {
				"north": {"uv": [4.8, 0.8, 8, 4], "rotation": 270, "texture": "#particle"},
				"east": {"uv": [6.4, 5.6, 8, 8.8], "texture": "#particle"},
				"south": {"uv": [4, 0, 7.2, 3.2], "rotation": 90, "texture": "#particle"},
				"west": {"uv": [6.4, 5.6, 8, 8.8], "rotation": 180, "texture": "#particle"},
				"up": {"uv": [6.4, 0.8, 8, 4], "rotation": 270, "texture": "#particle"},
				"down": {"uv": [6.4, 3.2, 8, 6.4], "rotation": 90, "texture": "#particle"}
			}
		},
		{
			"from": [12, 17, -4],
			"to": [18, 23, -3],
			"rotation": {"angle": 0, "axis": "y", "origin": [15, 18, 9]},
			"faces": {
				"north": {"uv": [8, 6.4, 10.4, 8.8], "rotation": 180, "texture": "#particle"},
				"east": {"uv": [8.8, 6.4, 14.4, 7.2], "rotation": 90, "texture": "#particle"},
				"south": {"uv": [8, 6.4, 10.4, 8.8], "texture": "#particle"},
				"west": {"uv": [8.8, 6.4, 14.4, 7.2], "rotation": 270, "texture": "#particle"},
				"up": {"uv": [8.8, 6.4, 14.4, 7.2], "texture": "#particle"},
				"down": {"uv": [8.8, 6.4, 14.4, 7.2], "rotation": 180, "texture": "#particle"}
			}
		},
		{
			"from": [3, 5.5, 6],
			"to": [13, 8, 12],
			"rotation": {"angle": 0, "axis": "y", "origin": [8, 9, 9]},
			"faces": {
				"north": {"uv": [0, 0, 8, 1.6], "texture": "#particle"},
				"east": {"uv": [3.2, 0, 8, 1.6], "texture": "#particle"},
				"south": {"uv": [0, 0, 8, 1.6], "texture": "#particle"},
				"west": {"uv": [0, 0, 4.8, 1.6], "texture": "#particle"},
				"up": {"uv": [0, 4, 8, 8.8], "texture": "#particle"},
				"down": {"uv": [0, 0, 8, 4.8], "texture": "#particle"}
			}
		},
		{
			"from": [5.5, 8, 6.5],
			"to": [10.5, 10, 11.5],
			"rotation": {"angle": 0, "axis": "y", "origin": [8, 9, 9]},
			"faces": {
				"north": {"uv": [0.8, 11.2, 2.4, 8.8], "rotation": 180, "texture": "#particle"},
				"east": {"uv": [0.8, 11.2, 2.4, 8.8], "rotation": 180, "texture": "#particle"},
				"south": {"uv": [0.8, 11.2, 2.4, 8.8], "rotation": 180, "texture": "#particle"},
				"west": {"uv": [0.8, 11.2, 2.4, 8.8], "rotation": 180, "texture": "#particle"},
				"up": {"uv": [0.8, 11.2, 2.4, 8.8], "rotation": 180, "texture": "#particle"},
				"down": {"uv": [0.8, 11.2, 2.4, 8.8], "rotation": 180, "texture": "#particle"}
			}
		},
		{
			"from": [4, 8.5, 5],
			"to": [12, 18, 13],
			"rotation": {"angle": 0, "axis": "y", "origin": [8, 9, 9]},
			"faces": {
				"north": {"uv": [0, 0, 8, 8.8], "texture": "#particle"},
				"east": {"uv": [0, 0, 8, 8.8], "texture": "#particle"},
				"south": {"uv": [0, 0, 8, 8.8], "texture": "#particle"},
				"west": {"uv": [0, 0, 8, 8.8], "texture": "#particle"},
				"up": {"uv": [0, 2.4, 8, 7.2], "texture": "#particle"},
				"down": {"uv": [0, 2.4, 8, 7.2], "texture": "#particle"}
			}
		},
		{
			"from": [5, 9.5, 4],
			"to": [11, 16, 5],
			"rotation": {"angle": 0, "axis": "y", "origin": [8, 9, 9]},
			"faces": {
				"north": {"uv": [0, 0, 4.8, 5.6], "texture": "#particle"},
				"east": {"uv": [0, 0, 0.8, 6.4], "texture": "#particle"},
				"south": {"uv": [0, 0, 8, 8.8], "texture": "#particle"},
				"west": {"uv": [0, 0, 0.8, 6.4], "texture": "#particle"},
				"up": {"uv": [0, 0, 4.8, 0.8], "texture": "#particle"},
				"down": {"uv": [0, 0, 4.8, 0.8], "texture": "#particle"}
			}
		},
		{
			"from": [4, 11.5, 4],
			"to": [5, 16, 5],
			"rotation": {"angle": 0, "axis": "y", "origin": [8, 9, 9]},
			"faces": {
				"north": {"uv": [8, 0, 8.8, 5.6], "texture": "#particle"},
				"east": {"uv": [8, 0, 8.8, 5.6], "texture": "#particle"},
				"south": {"uv": [8, 0, 8.8, 5.6], "texture": "#particle"},
				"west": {"uv": [8, 0, 8.8, 5.6], "texture": "#particle"},
				"up": {"uv": [8, 0, 8.8, 0.8], "texture": "#particle"},
				"down": {"uv": [8.8, 1.6, 9.6, 2.4], "texture": "#particle"}
			}
		},
		{
			"from": [11, 11.5, 4],
			"to": [12, 16, 5],
			"rotation": {"angle": 0, "axis": "y", "origin": [8, 9, 9]},
			"faces": {
				"north": {"uv": [8, 0, 8.8, 5.6], "texture": "#particle"},
				"east": {"uv": [8, 0, 8.8, 5.6], "texture": "#particle"},
				"south": {"uv": [8, 0, 8.8, 5.6], "texture": "#particle"},
				"west": {"uv": [8, 0, 8.8, 5.6], "texture": "#particle"},
				"up": {"uv": [8, 0, 8.8, 0.8], "texture": "#particle"},
				"down": {"uv": [8.8, 1.6, 9.6, 2.4], "texture": "#particle"}
			}
		},
		{
			"from": [5, 10.5, 3],
			"to": [11, 16, 4],
			"rotation": {"angle": 0, "axis": "y", "origin": [8, 9, 9]},
			"faces": {
				"north": {"uv": [8.8, 2.4, 16, 8.8], "texture": "#particle"},
				"east": {"uv": [8, 0, 8.8, 5.6], "texture": "#particle"},
				"south": {"uv": [8, 0, 8.8, 5.6], "texture": "#particle"},
				"west": {"uv": [8, 0, 8.8, 5.6], "texture": "#particle"},
				"up": {"uv": [8, 8, 14.4, 8.8], "texture": "#particle"},
				"down": {"uv": [10.4, 0, 16, 0.8], "texture": "#particle"}
			}
		},
		{
			"from": [6, 9.5, 3],
			"to": [10, 10.5, 4],
			"rotation": {"angle": 0, "axis": "y", "origin": [8, 9, 9]},
			"faces": {
				"north": {"uv": [8, 0, 11.2, 0.8], "texture": "#particle"},
				"east": {"uv": [8, 4.8, 8.8, 5.6], "texture": "#particle"},
				"south": {"uv": [8, 0, 8.8, 5.6], "texture": "#particle"},
				"west": {"uv": [9.6, 7.2, 10.4, 8], "texture": "#particle"},
				"up": {"uv": [8, 8, 14.4, 8.8], "texture": "#particle"},
				"down": {"uv": [9.6, 0, 16, 0.8], "texture": "#particle"}
			}
		},
		{
			"from": [4, 18, 5],
			"to": [12, 19, 6],
			"rotation": {"angle": 0, "axis": "y", "origin": [8, 9, 9]},
			"faces": {
				"north": {"uv": [8.8, 8, 13.6, 8.8], "texture": "#particle"},
				"east": {"uv": [8, 0.8, 8.8, 1.6], "texture": "#particle"},
				"south": {"uv": [8, 0, 8.8, 5.6], "texture": "#particle"},
				"west": {"uv": [8, 0, 8.8, 0.8], "texture": "#particle"},
				"up": {"uv": [8, 8, 14.4, 8.8], "texture": "#particle"},
				"down": {"uv": [9.6, 0, 16, 0.8], "texture": "#particle"}
			}
		},
		{
			"from": [5, 16, 4],
			"to": [11, 18, 5],
			"rotation": {"angle": 0, "axis": "y", "origin": [8, 9, 9]},
			"faces": {
				"north": {"uv": [8, 0, 12.8, 2.4], "texture": "#particle"},
				"east": {"uv": [15.2, 2.4, 16, 4], "texture": "#particle"},
				"south": {"uv": [8, 0, 8.8, 5.6], "texture": "#particle"},
				"west": {"uv": [15.2, 0, 16, 1.6], "texture": "#particle"},
				"up": {"uv": [8, 8, 14.4, 8.8], "texture": "#particle"},
				"down": {"uv": [9.6, 0, 16, 0.8], "texture": "#particle"}
			}
		},
		{
			"from": [5, 9.5, 13],
			"to": [11, 16, 14],
			"rotation": {"angle": 0, "axis": "y", "origin": [8, 9, 9]},
			"faces": {
				"north": {"uv": [0, 0, 0.8, 8.8], "texture": "#particle"},
				"east": {"uv": [0, 0, 0.8, 8.8], "texture": "#particle"},
				"south": {"uv": [0, 0, 4.8, 5.6], "texture": "#particle"},
				"west": {"uv": [0, 0, 0.8, 8.8], "texture": "#particle"},
				"up": {"uv": [0, 0, 6.4, 0.8], "texture": "#particle"},
				"down": {"uv": [0, 0, 6.4, 0.8], "texture": "#particle"}
			}
		},
		{
			"from": [3, 8.5, 6],
			"to": [4, 18, 12],
			"rotation": {"angle": 0, "axis": "y", "origin": [8, 9, 9]},
			"faces": {
				"north": {"uv": [7.2, 0, 8, 8.8], "texture": "#particle"},
				"east": {"uv": [0, 0, 8, 8.8], "texture": "#particle"},
				"south": {"uv": [0, 0, 0.8, 8.8], "texture": "#particle"},
				"west": {"uv": [0, 0, 4, 8.8], "texture": "#particle"},
				"up": {"uv": [0, 2.4, 8, 7.2], "texture": "#particle"},
				"down": {"uv": [0, 2.4, 8, 7.2], "texture": "#particle"}
			}
		},
		{
			"from": [12, 8.5, 6],
			"to": [13, 18, 12],
			"rotation": {"angle": 0, "axis": "y", "origin": [8, 9, 9]},
			"faces": {
				"north": {"uv": [0, 0, 0.8, 8.8], "texture": "#particle"},
				"east": {"uv": [0, 0, 4, 8.8], "texture": "#particle"},
				"south": {"uv": [0, 0, 0.8, 8.8], "texture": "#particle"},
				"west": {"uv": [0, 0, 8, 8.8], "texture": "#particle"},
				"up": {"uv": [0, 2.4, 8, 7.2], "texture": "#particle"},
				"down": {"uv": [0, 2.4, 8, 7.2], "texture": "#particle"}
			}
		},
		{
			"from": [3, 18, 6],
			"to": [13, 19, 12],
			"rotation": {"angle": 0, "axis": "y", "origin": [8, 9, 9]},
			"faces": {
				"north": {"uv": [8, 7.2, 16, 8], "texture": "#particle"},
				"east": {"uv": [8, 4, 16, 4.8], "texture": "#particle"},
				"south": {"uv": [8, 8, 16, 8.8], "texture": "#particle"},
				"west": {"uv": [8, 6.4, 16, 7.2], "texture": "#particle"},
				"up": {"uv": [8, 0, 16, 2.4], "texture": "#particle"},
				"down": {"uv": [0, 8, 8, 8.8], "texture": "#particle"}
			}
		},
		{
			"from": [6.5, 17.5, 7.5],
			"to": [9.5, 20.5, 9.5],
			"rotation": {"angle": 0, "axis": "y", "origin": [8.00739, 24.64918, 7.124]},
			"faces": {
				"north": {"uv": [0.8, 11.2, 2.4, 8.8], "rotation": 180, "texture": "#particle"},
				"east": {"uv": [0.8, 11.2, 2.4, 8.8], "rotation": 180, "texture": "#particle"},
				"south": {"uv": [0.8, 11.2, 2.4, 8.8], "rotation": 180, "texture": "#particle"},
				"west": {"uv": [0.8, 11.2, 2.4, 8.8], "rotation": 180, "texture": "#particle"},
				"up": {"uv": [0.8, 11.2, 2.4, 8.8], "rotation": 180, "texture": "#particle"},
				"down": {"uv": [0.8, 11.2, 2.4, 8.8], "rotation": 180, "texture": "#particle"}
			}
		},
		{
			"from": [11, 23.5, 5],
			"to": [12, 27.5, 6],
			"rotation": {"angle": 0, "axis": "y", "origin": [8.00739, 24.64918, 7.124]},
			"faces": {
				"north": {"uv": [1.6, 0.8, 2.4, 4], "texture": "#particle"},
				"east": {"uv": [2.4, 0.8, 3.2, 4], "texture": "#particle"},
				"south": {"uv": [1.6, 0.8, 2.4, 4], "texture": "#particle"},
				"west": {"uv": [0, 12.8, 0.8, 16], "texture": "#particle"},
				"up": {"uv": [1.6, 0, 2.4, 0.8], "texture": "#particle"},
				"down": {"uv": [1.6, 4, 2.4, 4.8], "texture": "#particle"}
			}
		},
		{
			"from": [9, 26, 4.9],
			"to": [11, 26.5, 5.9],
			"rotation": {"angle": 0, "axis": "y", "origin": [8.00739, 24.64918, 7.124]},
			"faces": {
				"north": {"uv": [0, 15.2, 1.6, 16], "texture": "#particle"},
				"east": {"uv": [0, 15.2, 1.6, 16], "texture": "#particle"},
				"south": {"uv": [0, 15.2, 1.6, 16], "texture": "#particle"},
				"west": {"uv": [0, 15.2, 1.6, 16], "texture": "#particle"},
				"up": {"uv": [0, 15.2, 1.6, 16], "texture": "#particle"},
				"down": {"uv": [0, 15.2, 1.6, 16], "texture": "#particle"}
			}
		},
		{
			"from": [5, 26, 4.9],
			"to": [7, 26.5, 5.9],
			"rotation": {"angle": 0, "axis": "y", "origin": [8.00739, 24.64918, 7.124]},
			"faces": {
				"north": {"uv": [0, 15.2, 1.6, 16], "texture": "#particle"},
				"east": {"uv": [0, 15.2, 1.6, 16], "texture": "#particle"},
				"south": {"uv": [0, 15.2, 1.6, 16], "texture": "#particle"},
				"west": {"uv": [0, 15.2, 1.6, 16], "texture": "#particle"},
				"up": {"uv": [0, 15.2, 1.6, 16], "texture": "#particle"},
				"down": {"uv": [0, 15.2, 1.6, 16], "texture": "#particle"}
			}
		},
		{
			"from": [5, 25.5, 5],
			"to": [7, 27.5, 6],
			"rotation": {"angle": 0, "axis": "y", "origin": [8.00739, 24.64918, 7.124]},
			"faces": {
				"north": {"uv": [5.6, 1.6, 7.2, 3.2], "texture": "#particle"},
				"east": {"uv": [5.6, 1.6, 7.2, 3.2], "texture": "#particle"},
				"south": {"uv": [5.6, 1.6, 7.2, 3.2], "texture": "#particle"},
				"west": {"uv": [5.6, 1.6, 7.2, 3.2], "texture": "#particle"},
				"up": {"uv": [5.6, 0.8, 7.2, 1.6], "texture": "#particle"},
				"down": {"uv": [1.6, 15.2, 3.2, 16], "texture": "#particle"}
			}
		},
		{
			"from": [7, 23.5, 5],
			"to": [9, 27.5, 6],
			"rotation": {"angle": 0, "axis": "y", "origin": [8.00739, 24.64918, 7.124]},
			"faces": {
				"north": {"uv": [3.2, 0.8, 4.8, 4], "texture": "#particle"},
				"east": {"uv": [0.8, 12.8, 1.6, 16], "texture": "#particle"},
				"south": {"uv": [2.4, 0.8, 3.2, 4], "texture": "#particle"},
				"west": {"uv": [2.4, 12.8, 3.2, 16], "texture": "#particle"},
				"up": {"uv": [3.2, 0, 4.8, 0.8], "texture": "#particle"},
				"down": {"uv": [3.2, 4, 4.8, 4.8], "texture": "#particle"}
			}
		},
		{
			"from": [9, 25.5, 5],
			"to": [11, 27.5, 6],
			"rotation": {"angle": 0, "axis": "y", "origin": [8.00739, 24.64918, 7.124]},
			"faces": {
				"north": {"uv": [2.4, 1.6, 4, 3.2], "texture": "#particle"},
				"east": {"uv": [2.4, 1.6, 4, 3.2], "texture": "#particle"},
				"south": {"uv": [2.4, 1.6, 4, 3.2], "texture": "#particle"},
				"west": {"uv": [2.4, 1.6, 4, 3.2], "texture": "#particle"},
				"up": {"uv": [2.4, 0.8, 4, 1.6], "texture": "#particle"},
				"down": {"uv": [0.8, 13.6, 2.4, 14.4], "texture": "#particle"}
			}
		},
		{
			"from": [4, 23.5, 5],
			"to": [5, 27.5, 6],
			"rotation": {"angle": 0, "axis": "y", "origin": [8.00739, 24.64918, 7.124]},
			"faces": {
				"north": {"uv": [6.4, 0.8, 7.2, 4], "texture": "#particle"},
				"east": {"uv": [3.2, 12.8, 4, 16], "texture": "#particle"},
				"south": {"uv": [6.4, 0.8, 7.2, 4], "texture": "#particle"},
				"west": {"uv": [5.6, 0.8, 6.4, 4], "texture": "#particle"},
				"up": {"uv": [6.4, 0, 7.2, 0.8], "texture": "#particle"},
				"down": {"uv": [6.4, 4, 7.2, 4.8], "texture": "#particle"}
			}
		},
		{
			"from": [5.5, 24, 5.9],
			"to": [6.5, 25, 6.9],
			"rotation": {"angle": 0, "axis": "y", "origin": [8.00739, 24.64918, 7.124]},
			"faces": {
				"north": {"uv": [4, 8.8, 4.8, 9.6], "texture": "#particle"},
				"east": {"uv": [4, 8.8, 4.8, 9.6], "texture": "#particle"},
				"south": {"uv": [4, 8.8, 4.8, 9.6], "texture": "#particle"},
				"west": {"uv": [4, 8.8, 4.8, 9.6], "texture": "#particle"},
				"up": {"uv": [4, 8.8, 4.8, 9.6], "texture": "#particle"},
				"down": {"uv": [4, 8.8, 4.8, 9.6], "texture": "#particle"}
			}
		},
		{
			"from": [9.5, 24, 5.9],
			"to": [10.5, 25, 6.9],
			"rotation": {"angle": 0, "axis": "y", "origin": [8.00739, 24.64918, 7.124]},
			"faces": {
				"north": {"uv": [4, 8.8, 4.8, 9.6], "texture": "#particle"},
				"east": {"uv": [4, 8.8, 4.8, 9.6], "texture": "#particle"},
				"south": {"uv": [4, 8.8, 4.8, 9.6], "texture": "#particle"},
				"west": {"uv": [4, 8.8, 4.8, 9.6], "texture": "#particle"},
				"up": {"uv": [4, 8.8, 4.8, 9.6], "texture": "#particle"},
				"down": {"uv": [4, 8.8, 4.8, 9.6], "texture": "#particle"}
			}
		},
		{
			"from": [4, 20.5, 6],
			"to": [12, 27.5, 13],
			"rotation": {"angle": 0, "axis": "y", "origin": [8.00739, 24.64918, 7.124]},
			"faces": {
				"north": {"uv": [8, 11.2, 8.8, 12], "texture": "#particle"},
				"east": {"uv": [0, 0, 5.6, 3.2], "texture": "#particle"},
				"south": {"uv": [0, 0, 6.4, 3.2], "rotation": 180, "texture": "#particle"},
				"west": {"uv": [0, 0, 5.6, 3.2], "texture": "#particle"},
				"up": {"uv": [0, 0, 6.4, 5.6], "texture": "#particle"},
				"down": {"uv": [0, 0, 6.4, 3.2], "texture": "#particle"}
			}
		},
		{
			"from": [4, 20.5, 5],
			"to": [12, 23.5, 6],
			"rotation": {"angle": 0, "axis": "y", "origin": [8.00739, 24.64918, 7.124]},
			"faces": {
				"north": {"uv": [0, 0, 5.6, 2.4], "texture": "#particle"},
				"east": {"uv": [0.8, 0, 1.6, 3.2], "texture": "#particle"},
				"south": {"uv": [0, 0, 6.4, 3.2], "rotation": 180, "texture": "#particle"},
				"west": {"uv": [0, 0, 0.8, 3.2], "texture": "#particle"},
				"up": {"uv": [8.8, 8.8, 12.8, 9.6], "texture": "#particle"},
				"down": {"uv": [0, 0, 6.4, 0.8], "texture": "#particle"}
			}
		},
		{
			"from": [5, 19.5, 6],
			"to": [11, 20.5, 12],
			"rotation": {"angle": 0, "axis": "y", "origin": [8.00739, 24.64918, 7.124]},
			"faces": {
				"north": {"uv": [0, 0, 5.6, 0.8], "texture": "#particle"},
				"east": {"uv": [0, 0, 5.6, 0.8], "texture": "#particle"},
				"south": {"uv": [0, 0, 5.6, 0.8], "texture": "#particle"},
				"west": {"uv": [0, 0, 5.6, 0.8], "texture": "#particle"},
				"up": {"uv": [0, 0, 6.4, 5.6], "texture": "#particle"},
				"down": {"uv": [0, 0, 6.4, 3.2], "texture": "#particle"}
			}
		},
		{
			"from": [3, 21.5, 6],
			"to": [4, 24.5, 12],
			"rotation": {"angle": 0, "axis": "y", "origin": [8.00739, 24.64918, 7.124]},
			"faces": {
				"north": {"uv": [0, 0, 5.6, 0.8], "texture": "#particle"},
				"east": {"uv": [0, 0, 5.6, 0.8], "texture": "#particle"},
				"south": {"uv": [0, 0, 5.6, 0.8], "texture": "#particle"},
				"west": {"uv": [0, 0, 5.6, 2.4], "texture": "#particle"},
				"up": {"uv": [0, 0, 6.4, 0.8], "texture": "#particle"},
				"down": {"uv": [0, 0, 6.4, 3.2], "texture": "#particle"}
			}
		},
		{
			"from": [12, 21.5, 6],
			"to": [13, 24.5, 12],
			"rotation": {"angle": 0, "axis": "y", "origin": [8.00739, 24.64918, 7.124]},
			"faces": {
				"north": {"uv": [0, 0, 5.6, 0.8], "texture": "#particle"},
				"east": {"uv": [0, 0, 5.6, 2.4], "texture": "#particle"},
				"south": {"uv": [0, 0, 5.6, 0.8], "texture": "#particle"},
				"west": {"uv": [0, 0, 5.6, 0.8], "texture": "#particle"},
				"up": {"uv": [0, 0, 6.4, 5.6], "texture": "#particle"},
				"down": {"uv": [0, 0, 6.4, 3.2], "texture": "#particle"}
			}
		},
		{
			"from": [5, 27.5, 6],
			"to": [11, 28.5, 12],
			"rotation": {"angle": 0, "axis": "y", "origin": [8.00739, 24.64918, 7.124]},
			"faces": {
				"north": {"uv": [0, 0, 5.6, 0.8], "texture": "#particle"},
				"east": {"uv": [0, 0, 5.6, 0.8], "texture": "#particle"},
				"south": {"uv": [0, 0, 5.6, 0.8], "texture": "#particle"},
				"west": {"uv": [0, 0, 5.6, 0.8], "texture": "#particle"},
				"up": {"uv": [0, 0, 6.4, 5.6], "texture": "#particle"},
				"down": {"uv": [0, 0, 6.4, 3.2], "texture": "#particle"}
			}
		},
		{
			"from": [7, 26.2, 10],
			"to": [9, 29.2, 10],
			"rotation": {"angle": -22.5, "axis": "x", "origin": [8.00739, 24.64918, 7.124]},
			"faces": {
				"north": {"uv": [0, 0, 1.6, 0.8], "texture": "#particle"},
				"east": {"uv": [0, 0, 1.6, 0.8], "texture": "#particle"},
				"south": {"uv": [0, 0, 1.6, 0.8], "texture": "#particle"},
				"west": {"uv": [0, 0, 1.6, 0.8], "texture": "#particle"},
				"up": {"uv": [0, 0, 1.6, 0.8], "texture": "#particle"},
				"down": {"uv": [0, 0, 1.6, 0.8], "texture": "#particle"}
			}
		},
		{
			"from": [8.88339, 27, 8.13139],
			"to": [8.88339, 30, 10.13139],
			"rotation": {"angle": 22.5, "axis": "z", "origin": [8.00739, 24.64918, 7.124]},
			"faces": {
				"north": {"uv": [0, 0, 1.6, 0.8], "texture": "#particle"},
				"east": {"uv": [0, 0, 1.6, 0.8], "texture": "#particle"},
				"south": {"uv": [0, 0, 1.6, 0.8], "texture": "#particle"},
				"west": {"uv": [0, 0, 1.6, 0.8], "texture": "#particle"},
				"up": {"uv": [0, 0, 1.6, 0.8], "rotation": 270, "texture": "#particle"},
				"down": {"uv": [0, 0, 1.6, 0.8], "rotation": 90, "texture": "#particle"}
			}
		},
		{
			"from": [7.2, 27, 8.13139],
			"to": [7.2, 30, 10.13139],
			"rotation": {"angle": -22.5, "axis": "z", "origin": [8.00739, 24.64918, 7.124]},
			"faces": {
				"north": {"uv": [0, 0, 1.6, 0.8], "texture": "#particle"},
				"east": {"uv": [0, 0, 1.6, 0.8], "texture": "#particle"},
				"south": {"uv": [0, 0, 1.6, 0.8], "texture": "#particle"},
				"west": {"uv": [0, 0, 1.6, 0.8], "texture": "#particle"},
				"up": {"uv": [0, 0, 1.6, 0.8], "rotation": 270, "texture": "#particle"},
				"down": {"uv": [0, 0, 1.6, 0.8], "rotation": 90, "texture": "#particle"}
			}
		},
		{
			"from": [7, 27.7, 8],
			"to": [9, 30.7, 8],
			"rotation": {"angle": 22.5, "axis": "x", "origin": [8.00739, 24.64918, 7.124]},
			"faces": {
				"north": {"uv": [0, 0, 1.6, 0.8], "texture": "#particle"},
				"east": {"uv": [0, 0, 1.6, 0.8], "texture": "#particle"},
				"south": {"uv": [0, 0, 1.6, 0.8], "texture": "#particle"},
				"west": {"uv": [0, 0, 1.6, 0.8], "texture": "#particle"},
				"up": {"uv": [0, 0, 1.6, 0.8], "texture": "#particle"},
				"down": {"uv": [0, 0, 1.6, 0.8], "texture": "#particle"}
			}
		},
		{
			"from": [5, 21.5, 13],
			"to": [11, 26.5, 14],
			"rotation": {"angle": 0, "axis": "y", "origin": [8.00739, 24.64918, 7.124]},
			"faces": {
				"north": {"uv": [0, 0, 5.6, 0.8], "texture": "#particle"},
				"east": {"uv": [0, 0, 5.6, 0.8], "texture": "#particle"},
				"south": {"uv": [0, 0, 5.6, 4.8], "texture": "#particle"},
				"west": {"uv": [0, 0, 5.6, 0.8], "texture": "#particle"},
				"up": {"uv": [0, 0, 6.4, 0.8], "texture": "#particle"},
				"down": {"uv": [0, 0, 6.4, 3.2], "texture": "#particle"}
			}
		},
		{
			"from": [7, 22.5, 3.5],
			"to": [9, 23.5, 5],
			"rotation": {"angle": 0, "axis": "y", "origin": [8.00739, 24.64918, 7.124]},
			"faces": {
				"north": {"uv": [4, 12.8, 6.4, 14.4], "texture": "#particle"},
				"east": {"uv": [4, 12.8, 6.4, 14.4], "texture": "#particle"},
				"south": {"uv": [4, 12.8, 6.4, 14.4], "texture": "#particle"},
				"west": {"uv": [4, 12.8, 6.4, 14.4], "texture": "#particle"},
				"up": {"uv": [4, 12.8, 6.4, 14.4], "texture": "#particle"},
				"down": {"uv": [4, 12.8, 6.4, 14.4], "texture": "#particle"}
			}
		},
		{
			"from": [6.4, 21.4, 2.9],
			"to": [9.6, 22.6, 5.1],
			"rotation": {"angle": 0, "axis": "y", "origin": [8.00739, 24.64918, 7.124]},
			"faces": {
				"north": {"uv": [4, 12.8, 6.4, 14.4], "texture": "#particle"},
				"east": {"uv": [4, 12.8, 6.4, 14.4], "texture": "#particle"},
				"south": {"uv": [4, 12.8, 6.4, 14.4], "texture": "#particle"},
				"west": {"uv": [4, 12.8, 6.4, 14.4], "texture": "#particle"},
				"up": {"uv": [4, 12.8, 6.4, 14.4], "texture": "#particle"},
				"down": {"uv": [8, 8.8, 14.4, 12], "texture": "#particle"}
			}
		},
		{
			"from": [6.5, 21.5, 2],
			"to": [9.5, 22.5, 4],
			"rotation": {"angle": -22.5, "axis": "x", "origin": [8.00739, 24.64918, 7.124]},
			"faces": {
				"north": {"uv": [4, 12.8, 6.4, 14.4], "texture": "#particle"},
				"east": {"uv": [4, 12.8, 6.4, 14.4], "texture": "#particle"},
				"south": {"uv": [4, 12.8, 6.4, 14.4], "texture": "#particle"},
				"west": {"uv": [4, 12.8, 6.4, 14.4], "texture": "#particle"},
				"up": {"uv": [8, 8.8, 14.4, 12], "rotation": 180, "texture": "#particle"},
				"down": {"uv": [4, 12.8, 6.4, 14.4], "texture": "#particle"}
			}
		},
		{
			"from": [7.4, 21.4, 2.1],
			"to": [8.6, 22.4, 3.3],
			"rotation": {"angle": 0, "axis": "y", "origin": [8.00739, 24.64918, 7.124]},
			"faces": {
				"north": {"uv": [4, 12.8, 6.4, 14.4], "texture": "#particle"},
				"east": {"uv": [4, 12.8, 6.4, 14.4], "texture": "#particle"},
				"south": {"uv": [4, 12.8, 6.4, 14.4], "texture": "#particle"},
				"west": {"uv": [4, 12.8, 6.4, 14.4], "texture": "#particle"},
				"up": {"uv": [4, 12.8, 6.4, 14.4], "texture": "#particle"},
				"down": {"uv": [9.6, 10.4, 12.8, 12], "texture": "#particle"}
			}
		},
		{
			"from": [7.5, 21.6, 1.5],
			"to": [8.5, 22.6, 2],
			"rotation": {"angle": -22.5, "axis": "x", "origin": [8.00739, 24.64918, 7.124]},
			"faces": {
				"north": {"uv": [4, 12.8, 6.4, 14.4], "texture": "#particle"},
				"east": {"uv": [4, 12.8, 6.4, 14.4], "texture": "#particle"},
				"south": {"uv": [4, 12.8, 6.4, 14.4], "texture": "#particle"},
				"west": {"uv": [4, 12.8, 6.4, 14.4], "texture": "#particle"},
				"up": {"uv": [4, 12.8, 6.4, 14.4], "texture": "#particle"},
				"down": {"uv": [4, 12.8, 6.4, 14.4], "texture": "#particle"}
			}
		},
		{
			"from": [8, -8, 4],
			"to": [10, -6, 7],
			"rotation": {"angle": 0, "axis": "y", "origin": [5, 5.5, 9]},
			"faces": {
				"north": {"uv": [8, 9.6, 8.8, 10.4], "rotation": 90, "texture": "#particle"},
				"east": {"uv": [7.2, 14.4, 8.8, 16], "texture": "#particle"},
				"south": {"uv": [4, 14.4, 5.6, 16], "rotation": 90, "texture": "#particle"},
				"west": {"uv": [7.2, 14.4, 8.8, 16], "rotation": 180, "texture": "#particle"},
				"up": {"uv": [7.2, 14.4, 8.8, 16], "rotation": 270, "texture": "#particle"},
				"down": {"uv": [7.2, 14.4, 8.8, 16], "rotation": 90, "texture": "#particle"}
			}
		},
		{
			"from": [12, -8, 4],
			"to": [14, -6, 7],
			"rotation": {"angle": 0, "axis": "y", "origin": [5, 5.5, 9]},
			"faces": {
				"north": {"uv": [8, 9.6, 8.8, 10.4], "rotation": 90, "texture": "#particle"},
				"east": {"uv": [7.2, 14.4, 8.8, 16], "texture": "#particle"},
				"south": {"uv": [4, 14.4, 5.6, 16], "rotation": 90, "texture": "#particle"},
				"west": {"uv": [7.2, 14.4, 8.8, 16], "rotation": 180, "texture": "#particle"},
				"up": {"uv": [7.2, 14.4, 8.8, 16], "rotation": 270, "texture": "#particle"},
				"down": {"uv": [7.2, 14.4, 8.8, 16], "rotation": 90, "texture": "#particle"}
			}
		},
		{
			"from": [9.5, -6.5, 7.5],
			"to": [12.5, -4.5, 10.5],
			"rotation": {"angle": 0, "axis": "y", "origin": [5, 5.5, 9]},
			"faces": {
				"north": {"uv": [0.8, 11.2, 2.4, 8.8], "rotation": 180, "texture": "#particle"},
				"east": {"uv": [0.8, 11.2, 2.4, 8.8], "rotation": 180, "texture": "#particle"},
				"south": {"uv": [0.8, 11.2, 2.4, 8.8], "rotation": 180, "texture": "#particle"},
				"west": {"uv": [0.8, 11.2, 2.4, 8.8], "rotation": 180, "texture": "#particle"},
				"up": {"uv": [0.8, 11.2, 2.4, 8.8], "rotation": 180, "texture": "#particle"},
				"down": {"uv": [0.8, 11.2, 2.4, 8.8], "rotation": 180, "texture": "#particle"}
			}
		},
		{
			"from": [9, -8, 7],
			"to": [13, -6, 11],
			"rotation": {"angle": 0, "axis": "y", "origin": [5, 5.5, 9]},
			"faces": {
				"north": {"uv": [4, 12.8, 5.6, 16], "rotation": 90, "texture": "#particle"},
				"east": {"uv": [4, 12.8, 5.6, 16], "rotation": 90, "texture": "#particle"},
				"south": {"uv": [4, 12.8, 5.6, 16], "rotation": 90, "texture": "#particle"},
				"west": {"uv": [4, 12.8, 5.6, 16], "rotation": 90, "texture": "#particle"},
				"up": {"uv": [4, 12.8, 7.2, 16], "rotation": 90, "texture": "#particle"},
				"down": {"uv": [4, 12.8, 7.2, 16], "rotation": 90, "texture": "#particle"}
			}
		},
		{
			"from": [9.7, -0.8, 7.7],
			"to": [12.3, 0.8, 10.3],
			"rotation": {"angle": 0, "axis": "y", "origin": [5, 5.5, 9]},
			"faces": {
				"north": {"uv": [0.8, 11.2, 3.2, 9.6], "rotation": 180, "texture": "#particle"},
				"east": {"uv": [0.8, 11.2, 3.2, 9.6], "rotation": 180, "texture": "#particle"},
				"south": {"uv": [0.8, 11.2, 3.2, 9.6], "rotation": 180, "texture": "#particle"},
				"west": {"uv": [0.8, 11.2, 3.2, 9.6], "rotation": 180, "texture": "#particle"},
				"up": {"uv": [0.8, 11.2, 3.2, 9.6], "rotation": 180, "texture": "#particle"},
				"down": {"uv": [0.8, 11.2, 3.2, 9.6], "rotation": 180, "texture": "#particle"}
			}
		},
		{
			"from": [9.4, -5.6, 7.4],
			"to": [12.6, -0.4, 10.6],
			"rotation": {"angle": 0, "axis": "y", "origin": [5, 5.5, 9]},
			"faces": {
				"north": {"uv": [4, 12.8, 8, 16], "rotation": 180, "texture": "#particle"},
				"east": {"uv": [4, 12.8, 8, 16], "rotation": 180, "texture": "#particle"},
				"south": {"uv": [4, 12.8, 8, 16], "rotation": 180, "texture": "#particle"},
				"west": {"uv": [4, 12.8, 8, 16], "rotation": 180, "texture": "#particle"},
				"up": {"uv": [4, 12.8, 7.2, 16], "rotation": 180, "texture": "#particle"},
				"down": {"uv": [4.8, 12.8, 8, 16], "rotation": 180, "texture": "#particle"}
			}
		},
		{
			"from": [9, 0, 7],
			"to": [13, 5, 11],
			"rotation": {"angle": 0, "axis": "y", "origin": [5, 5.5, 9]},
			"faces": {
				"north": {"uv": [0, 0, 3.2, 4], "texture": "#particle"},
				"east": {"uv": [4.8, 4.8, 8, 8.8], "texture": "#particle"},
				"south": {"uv": [0, 4.8, 3.2, 8.8], "texture": "#particle"},
				"west": {"uv": [3.2, 0, 6.4, 4], "texture": "#particle"},
				"up": {"uv": [0, 0, 3.2, 3.2], "texture": "#particle"},
				"down": {"uv": [0, 5.6, 3.2, 8.8], "texture": "#particle"}
			}
		},
		{
			"from": [9.5, 4.5, 7.5],
			"to": [12.5, 6.5, 10.5],
			"rotation": {"angle": 0, "axis": "y", "origin": [5, 5.5, 9]},
			"faces": {
				"north": {"uv": [0.8, 11.2, 2.4, 8.8], "rotation": 180, "texture": "#particle"},
				"east": {"uv": [0.8, 11.2, 2.4, 8.8], "rotation": 180, "texture": "#particle"},
				"south": {"uv": [0.8, 11.2, 2.4, 8.8], "rotation": 180, "texture": "#particle"},
				"west": {"uv": [0.8, 11.2, 2.4, 8.8], "rotation": 180, "texture": "#particle"},
				"up": {"uv": [0.8, 11.2, 2.4, 8.8], "rotation": 180, "texture": "#particle"},
				"down": {"uv": [0.8, 11.2, 2.4, 8.8], "rotation": 180, "texture": "#particle"}
			}
		},
		{
			"from": [10, -8, 6],
			"to": [12, -6, 7],
			"rotation": {"angle": 0, "axis": "y", "origin": [5, 5.5, 9]},
			"faces": {
				"north": {"uv": [4, 14.4, 5.6, 16], "rotation": 90, "texture": "#particle"},
				"east": {"uv": [4, 14.4, 5.6, 16], "rotation": 90, "texture": "#particle"},
				"south": {"uv": [4, 14.4, 5.6, 16], "rotation": 90, "texture": "#particle"},
				"west": {"uv": [4, 14.4, 5.6, 16], "rotation": 90, "texture": "#particle"},
				"up": {"uv": [4, 15.2, 5.6, 16], "rotation": 90, "texture": "#particle"},
				"down": {"uv": [4, 13.6, 5.6, 14.4], "rotation": 90, "texture": "#particle"}
			}
		},
		{
			"from": [2, -8, 4],
			"to": [4, -6, 7],
			"rotation": {"angle": 0, "axis": "y", "origin": [5, 5.5, 9]},
			"faces": {
				"north": {"uv": [8, 9.6, 8.8, 10.4], "rotation": 90, "texture": "#particle"},
				"east": {"uv": [7.2, 14.4, 8.8, 16], "texture": "#particle"},
				"south": {"uv": [4, 14.4, 5.6, 16], "rotation": 90, "texture": "#particle"},
				"west": {"uv": [7.2, 14.4, 8.8, 16], "rotation": 180, "texture": "#particle"},
				"up": {"uv": [7.2, 14.4, 8.8, 16], "rotation": 270, "texture": "#particle"},
				"down": {"uv": [7.2, 14.4, 8.8, 16], "rotation": 90, "texture": "#particle"}
			}
		},
		{
			"from": [6, -8, 4],
			"to": [8, -6, 7],
			"rotation": {"angle": 0, "axis": "y", "origin": [5, 5.5, 9]},
			"faces": {
				"north": {"uv": [8, 9.6, 8.8, 10.4], "rotation": 90, "texture": "#particle"},
				"east": {"uv": [7.2, 14.4, 8.8, 16], "texture": "#particle"},
				"south": {"uv": [4, 14.4, 5.6, 16], "rotation": 90, "texture": "#particle"},
				"west": {"uv": [7.2, 14.4, 8.8, 16], "rotation": 180, "texture": "#particle"},
				"up": {"uv": [7.2, 14.4, 8.8, 16], "rotation": 270, "texture": "#particle"},
				"down": {"uv": [7.2, 14.4, 8.8, 16], "rotation": 90, "texture": "#particle"}
			}
		},
		{
			"from": [3.5, -6.5, 7.5],
			"to": [6.5, -4.5, 10.5],
			"rotation": {"angle": 0, "axis": "y", "origin": [5, 5.5, 9]},
			"faces": {
				"north": {"uv": [0.8, 11.2, 2.4, 8.8], "rotation": 180, "texture": "#particle"},
				"east": {"uv": [0.8, 11.2, 2.4, 8.8], "rotation": 180, "texture": "#particle"},
				"south": {"uv": [0.8, 11.2, 2.4, 8.8], "rotation": 180, "texture": "#particle"},
				"west": {"uv": [0.8, 11.2, 2.4, 8.8], "rotation": 180, "texture": "#particle"},
				"up": {"uv": [0.8, 11.2, 2.4, 8.8], "rotation": 180, "texture": "#particle"},
				"down": {"uv": [0.8, 11.2, 2.4, 8.8], "rotation": 180, "texture": "#particle"}
			}
		},
		{
			"from": [3, -8, 7],
			"to": [7, -6, 11],
			"rotation": {"angle": 0, "axis": "y", "origin": [5, 5.5, 9]},
			"faces": {
				"north": {"uv": [4, 12.8, 5.6, 16], "rotation": 90, "texture": "#particle"},
				"east": {"uv": [4, 12.8, 5.6, 16], "rotation": 90, "texture": "#particle"},
				"south": {"uv": [4, 12.8, 5.6, 16], "rotation": 90, "texture": "#particle"},
				"west": {"uv": [4, 12.8, 5.6, 16], "rotation": 90, "texture": "#particle"},
				"up": {"uv": [4, 12.8, 7.2, 16], "rotation": 90, "texture": "#particle"},
				"down": {"uv": [4, 12.8, 7.2, 16], "rotation": 90, "texture": "#particle"}
			}
		},
		{
			"from": [3.7, -0.8, 7.7],
			"to": [6.3, 0.8, 10.3],
			"rotation": {"angle": 0, "axis": "y", "origin": [5, 5.5, 9]},
			"faces": {
				"north": {"uv": [0.8, 11.2, 3.2, 9.6], "rotation": 180, "texture": "#particle"},
				"east": {"uv": [0.8, 11.2, 3.2, 9.6], "rotation": 180, "texture": "#particle"},
				"south": {"uv": [0.8, 11.2, 3.2, 9.6], "rotation": 180, "texture": "#particle"},
				"west": {"uv": [0.8, 11.2, 3.2, 9.6], "rotation": 180, "texture": "#particle"},
				"up": {"uv": [0.8, 11.2, 3.2, 9.6], "rotation": 180, "texture": "#particle"},
				"down": {"uv": [0.8, 11.2, 3.2, 9.6], "rotation": 180, "texture": "#particle"}
			}
		},
		{
			"from": [3.4, -5.6, 7.4],
			"to": [6.6, -0.4, 10.6],
			"rotation": {"angle": 0, "axis": "y", "origin": [5, 5.5, 9]},
			"faces": {
				"north": {"uv": [4, 12.8, 8, 16], "rotation": 180, "texture": "#particle"},
				"east": {"uv": [4, 12.8, 8, 16], "rotation": 180, "texture": "#particle"},
				"south": {"uv": [4, 12.8, 8, 16], "rotation": 180, "texture": "#particle"},
				"west": {"uv": [4, 12.8, 8, 16], "rotation": 180, "texture": "#particle"},
				"up": {"uv": [4, 12.8, 7.2, 16], "rotation": 180, "texture": "#particle"},
				"down": {"uv": [4.8, 12.8, 8, 16], "rotation": 180, "texture": "#particle"}
			}
		},
		{
			"from": [3, 0, 7],
			"to": [7, 5, 11],
			"rotation": {"angle": 0, "axis": "y", "origin": [5, 5.5, 9]},
			"faces": {
				"north": {"uv": [0, 0, 3.2, 4], "texture": "#particle"},
				"east": {"uv": [4.8, 4.8, 8, 8.8], "texture": "#particle"},
				"south": {"uv": [0, 4.8, 3.2, 8.8], "texture": "#particle"},
				"west": {"uv": [3.2, 0, 6.4, 4], "texture": "#particle"},
				"up": {"uv": [0, 0, 3.2, 3.2], "texture": "#particle"},
				"down": {"uv": [0, 5.6, 3.2, 8.8], "texture": "#particle"}
			}
		},
		{
			"from": [3.5, 4.5, 7.5],
			"to": [6.5, 6.5, 10.5],
			"rotation": {"angle": 0, "axis": "y", "origin": [5, 5.5, 9]},
			"faces": {
				"north": {"uv": [0.8, 11.2, 2.4, 8.8], "rotation": 180, "texture": "#particle"},
				"east": {"uv": [0.8, 11.2, 2.4, 8.8], "rotation": 180, "texture": "#particle"},
				"south": {"uv": [0.8, 11.2, 2.4, 8.8], "rotation": 180, "texture": "#particle"},
				"west": {"uv": [0.8, 11.2, 2.4, 8.8], "rotation": 180, "texture": "#particle"},
				"up": {"uv": [0.8, 11.2, 2.4, 8.8], "rotation": 180, "texture": "#particle"},
				"down": {"uv": [0.8, 11.2, 2.4, 8.8], "rotation": 180, "texture": "#particle"}
			}
		},
		{
			"from": [4, -8, 6],
			"to": [6, -6, 7],
			"rotation": {"angle": 0, "axis": "y", "origin": [5, 5.5, 9]},
			"faces": {
				"north": {"uv": [4, 14.4, 5.6, 16], "rotation": 90, "texture": "#particle"},
				"east": {"uv": [4, 14.4, 5.6, 16], "rotation": 90, "texture": "#particle"},
				"south": {"uv": [4, 14.4, 5.6, 16], "rotation": 90, "texture": "#particle"},
				"west": {"uv": [4, 14.4, 5.6, 16], "rotation": 90, "texture": "#particle"},
				"up": {"uv": [4, 15.2, 5.6, 16], "rotation": 90, "texture": "#particle"},
				"down": {"uv": [4, 13.6, 5.6, 14.4], "rotation": 90, "texture": "#particle"}
			}
		}
	],
	"display": {
		"thirdperson_righthand": {
			"rotation": [-180, 31, -123],
			"translation": [-4.25, 2.75, 0]
		},
		"firstperson_righthand": {
			"rotation": [113, 57, -83],
			"translation": [0, 0, -1.5]
		},
		"ground": {
			"scale": [0.4, 0.4, 0.4]
		},
		"gui": {
			"rotation": [0, -180, 0],
			"translation": [0.25, -1.5, 0],
			"scale": [0.4, 0.4, 0.4]
		},
		"head": {
			"translation": [0, -18, -2],
			"scale": [1.68, 1.68, 1.68]
		},
		"fixed": {
			"translation": [0, -1.25, -0.5]
		}
	},
	"groups": [
		{
			"name": "Ear2",
			"origin": [0, 0, 0],
			"color": 0,
			"children": []
		},
		{
			"name": "Ear1",
			"origin": [0, 0, 0],
			"color": 0,
			"children": []
		},
		{
			"name": "LeftArm",
			"origin": [0, 5, 0],
			"color": 0,
			"children": [0, 1, 2, 3, 4, 5]
		},
		{
			"name": "RightArm",
			"origin": [0, 5, 0],
			"color": 0,
			"children": [6, 7, 8, 9, 10, 11,
				{
					"name": "cupcake",
					"origin": [15, 18, 9],
					"color": 0,
					"children": [12]
				}
			]
		}, 13,
		{
			"name": "Body",
			"origin": [0, 0, 0],
			"color": 0,
			"children": [14, 15, 16, 17, 18, 19, 20, 21, 22, 23, 24, 25, 26]
		},
		{
			"name": "Head",
			"origin": [0, 5, 0],
			"color": 0,
			"children": [27, 28, 29, 30, 31, 32, 33, 34, 35, 36, 37, 38, 39, 40, 41, 42, 43, 44, 45, 46, 47, 48, 49, 50, 51, 52]
		},
		{
			"name": "LeftLeg",
			"origin": [0, 5, 0],
			"color": 0,
			"children": [
				{
					"name": "LeftFoot",
					"origin": [0, 5, 0],
					"color": 0,
					"children": [53, 54, 55, 56]
				}, 57, 58, 59, 60, 61]
		},
		{
			"name": "LeftLeg",
			"origin": [0, 5, 0],
			"color": 0,
			"children": [
				{
					"name": "LeftFoot",
					"origin": [0, 5, 0],
					"color": 0,
					"children": [62, 63, 64, 65]
				}, 66, 67, 68, 69, 70]
		}
	]
}