{
	"credit": "Made with Blockbench",
	"texture_size": [1, 1],
	"textures": {
		"particle": "fnaf_texture/fnaf1_texture/chica/chica_skin"
	},
	"elements": [
		{
			"from": [6, 0, 6],
			"to": [10, 2.5, 10],
			"rotation": {"angle": 0, "axis": "y", "origin": [8.02222, 4.02778, 7.04444]},
			"faces": {
				"north": {"uv": [8, 12, 12, 14.4], "texture": "#particle"},
				"east": {"uv": [8, 12, 12, 14.4], "texture": "#particle"},
				"south": {"uv": [8, 12, 12, 14.4], "texture": "#particle"},
				"west": {"uv": [8, 12, 12, 14.4], "texture": "#particle"},
				"up": {"uv": [8, 12, 12, 14.4], "texture": "#particle"},
				"down": {"uv": [8, 12, 12, 14.4], "texture": "#particle"}
			}
		},
		{
			"from": [5.7, 2.5, 5.7],
			"to": [10.3, 5, 10.3],
			"rotation": {"angle": 0, "axis": "y", "origin": [8.02222, 4.02778, 7.04444]},
			"faces": {
				"north": {"uv": [4, 12, 8, 9.6], "rotation": 180, "texture": "#particle"},
				"east": {"uv": [4, 12, 8, 9.6], "rotation": 180, "texture": "#particle"},
				"south": {"uv": [4, 12, 8, 9.6], "rotation": 180, "texture": "#particle"},
				"west": {"uv": [4, 12, 8, 9.6], "rotation": 180, "texture": "#particle"},
				"up": {"uv": [4, 12.8, 8, 8.8], "rotation": 180, "texture": "#particle"},
				"down": {"uv": [4, 12.8, 8, 8.8], "rotation": 180, "texture": "#particle"}
			}
		},
		{
			"from": [8.3, 3, 5.4],
			"to": [9.8, 4.5, 6.4],
			"rotation": {"angle": 0, "axis": "y", "origin": [8.02222, 4.02778, 7.04444]},
			"faces": {
				"north": {"uv": [13.6, 13.6, 16, 11.2], "rotation": 180, "texture": "#particle"},
				"east": {"uv": [8, 9.6, 8.8, 8.8], "rotation": 180, "texture": "#particle"},
				"south": {"uv": [8, 9.6, 8.8, 8.8], "rotation": 180, "texture": "#particle"},
				"west": {"uv": [8, 9.6, 8.8, 8.8], "rotation": 180, "texture": "#particle"},
				"up": {"uv": [8, 9.6, 8.8, 8.8], "rotation": 180, "texture": "#particle"},
				"down": {"uv": [8, 9.6, 8.8, 8.8], "rotation": 180, "texture": "#particle"}
			}
		},
		{
			"from": [6.2, 3, 5.4],
			"to": [7.7, 4.5, 6.4],
			"rotation": {"angle": 0, "axis": "y", "origin": [8.02222, 4.02778, 7.04444]},
			"faces": {
				"north": {"uv": [13.6, 13.6, 16, 11.2], "rotation": 180, "texture": "#particle"},
				"east": {"uv": [8, 9.6, 8.8, 8.8], "rotation": 180, "texture": "#particle"},
				"south": {"uv": [8, 9.6, 8.8, 8.8], "rotation": 180, "texture": "#particle"},
				"west": {"uv": [8, 9.6, 8.8, 8.8], "rotation": 180, "texture": "#particle"},
				"up": {"uv": [8, 9.6, 8.8, 8.8], "rotation": 180, "texture": "#particle"},
				"down": {"uv": [8, 9.6, 8.8, 8.8], "rotation": 180, "texture": "#particle"}
			}
		},
		{
			"from": [6.1, 4.5, 6.1],
			"to": [9.9, 5.5, 9.9],
			"rotation": {"angle": 0, "axis": "y", "origin": [8.02222, 4.02778, 7.04444]},
			"faces": {
				"north": {"uv": [4.8, 12, 5.6, 9.6], "rotation": 180, "texture": "#particle"},
				"east": {"uv": [4.8, 12, 5.6, 9.6], "rotation": 180, "texture": "#particle"},
				"south": {"uv": [4.8, 12, 5.6, 9.6], "rotation": 180, "texture": "#particle"},
				"west": {"uv": [4.8, 12, 5.6, 9.6], "rotation": 180, "texture": "#particle"},
				"up": {"uv": [4.8, 12, 7.2, 9.6], "rotation": 180, "texture": "#particle"},
				"down": {"uv": [4.8, 12, 5.6, 9.6], "rotation": 180, "texture": "#particle"}
			}
		},
		{
			"from": [7.7, 5.5, 7.5],
			"to": [8.5, 7, 8.3],
			"rotation": {"angle": 0, "axis": "y", "origin": [8.02222, 4.02778, 7.04444]},
			"faces": {
				"north": {"uv": [8.8, 14.4, 9.6, 12], "rotation": 180, "texture": "#particle"},
				"east": {"uv": [8.8, 14.4, 9.6, 12], "rotation": 180, "texture": "#particle"},
				"south": {"uv": [8.8, 14.4, 9.6, 12], "rotation": 180, "texture": "#particle"},
				"west": {"uv": [8.8, 14.4, 9.6, 12], "rotation": 180, "texture": "#particle"},
				"up": {"uv": [8.8, 14.4, 9.6, 12], "rotation": 180, "texture": "#particle"},
				"down": {"uv": [8.8, 14.4, 9.6, 12], "rotation": 180, "texture": "#particle"}
			}
		},
		{
			"from": [7.1, 2, 5.9],
			"to": [7.9, 3, 5.9],
			"rotation": {"angle": 0, "axis": "y", "origin": [8.02222, 4.02778, 7.04444]},
			"faces": {
				"north": {"uv": [8, 10.4, 8.8, 9.6], "rotation": 180, "texture": "#particle"},
				"east": {"uv": [8, 10.4, 8.8, 9.6], "rotation": 180, "texture": "#particle"},
				"south": {"uv": [8, 10.4, 8.8, 9.6], "rotation": 180, "texture": "#particle"},
				"west": {"uv": [8, 10.4, 8.8, 9.6], "rotation": 180, "texture": "#particle"},
				"up": {"uv": [8, 10.4, 8.8, 9.6], "rotation": 180, "texture": "#particle"},
				"down": {"uv": [8, 10.4, 8.8, 9.6], "rotation": 180, "texture": "#particle"}
			}
		},
		{
			"from": [8.1, 2, 5.9],
			"to": [8.9, 3, 5.9],
			"rotation": {"angle": 0, "axis": "y", "origin": [8.02222, 4.02778, 7.04444]},
			"faces": {
				"north": {"uv": [8, 10.4, 8.8, 9.6], "rotation": 180, "texture": "#particle"},
				"east": {"uv": [8, 10.4, 8.8, 9.6], "rotation": 180, "texture": "#particle"},
				"south": {"uv": [8, 10.4, 8.8, 9.6], "rotation": 180, "texture": "#particle"},
				"west": {"uv": [8, 10.4, 8.8, 9.6], "rotation": 180, "texture": "#particle"},
				"up": {"uv": [8, 10.4, 8.8, 9.6], "rotation": 180, "texture": "#particle"},
				"down": {"uv": [8, 10.4, 8.8, 9.6], "rotation": 180, "texture": "#particle"}
			}
		},
		{
			"from": [7.6, 6.9, 7.4],
			"to": [8.6, 8.1, 8.4],
			"rotation": {"angle": 0, "axis": "y", "origin": [8.02222, 4.02778, 7.04444]},
			"faces": {
				"north": {"uv": [6.4, 14.4, 7.2, 13.6], "rotation": 180, "texture": "#particle"},
				"east": {"uv": [6.4, 14.4, 7.2, 13.6], "rotation": 180, "texture": "#particle"},
				"south": {"uv": [6.4, 14.4, 7.2, 13.6], "rotation": 180, "texture": "#particle"},
				"west": {"uv": [6.4, 14.4, 7.2, 13.6], "rotation": 180, "texture": "#particle"},
				"up": {"uv": [6.4, 14.4, 7.2, 13.6], "rotation": 180, "texture": "#particle"},
				"down": {"uv": [6.4, 14.4, 7.2, 13.6], "rotation": 180, "texture": "#particle"}
			}
		}
	],
	"display": {
		"thirdperson_righthand": {
			"rotation": [-180, 31, -123],
			"translation": [-4.25, 2.75, 0]
		},
		"firstperson_righthand": {
			"rotation": [113, 57, -83],
			"translation": [0, 0, -1.5]
		},
		"ground": {
			"rotation": [0, -180, 0],
			"translation": [0, 4.75, 0]
		},
		"gui": {
			"rotation": [0, -180, 0],
			"translation": [0.25, 8, 0],
			"scale": [2, 2, 2]
		},
		"head": {
			"translation": [0, -18, 0],
			"scale": [1.68, 1.68, 1.68]
		},
		"fixed": {
			"translation": [0, 8, 0],
			"scale": [2, 2, 2]
		}
	},
	"groups": [
		{
			"name": "cupcake",
			"origin": [15, 18, 9],
			"color": 0,
			"children": [0, 1, 2, 3, 4, 5, 6, 7, 8]
		}
	]
}