{
	"credit": "Made with Blockbench",
	"texture_size": [1, 1],
	"textures": {
		"0": "fnaf_texture/fnaf_items/chica_plushie_skin",
		"particle": "fnaf_texture/fnaf_items/chica_plushie_skin"
	},
	"elements": [
		{
			"from": [5, 0, 7],
			"to": [7, 2, 8],
			"rotation": {"angle": 0, "axis": "y", "origin": [7, 1, 8.5]},
			"faces": {
				"north": {"uv": [0.8, 3.2, 1.6, 4.8], "texture": "#0"},
				"east": {"uv": [0.8, 3.2, 1.6, 4.8], "texture": "#0"},
				"south": {"uv": [0.8, 3.2, 1.6, 4.8], "texture": "#0"},
				"west": {"uv": [0.8, 3.2, 1.6, 4.8], "texture": "#0"},
				"up": {"uv": [0.8, 3.2, 1.6, 4.8], "texture": "#0"},
				"down": {"uv": [0.8, 3.2, 1.6, 4.8], "texture": "#0"}
			}
		},
		{
			"from": [9, 0, 7],
			"to": [11, 2, 8],
			"rotation": {"angle": 0, "axis": "y", "origin": [7, 1, 8.5]},
			"faces": {
				"north": {"uv": [0.8, 3.2, 1.6, 4.8], "texture": "#0"},
				"east": {"uv": [0.8, 3.2, 1.6, 4.8], "texture": "#0"},
				"south": {"uv": [0.8, 3.2, 1.6, 4.8], "texture": "#0"},
				"west": {"uv": [0.8, 3.2, 1.6, 4.8], "texture": "#0"},
				"up": {"uv": [0.8, 3.2, 1.6, 4.8], "texture": "#0"},
				"down": {"uv": [0.8, 3.2, 1.6, 4.8], "texture": "#0"}
			}
		},
		{
			"from": [5, 0, 6],
			"to": [7, 2, 7],
			"rotation": {"angle": 0, "axis": "y", "origin": [7, 1, 8.5]},
			"faces": {
				"north": {"uv": [4.8, 12.8, 6.4, 14.4], "texture": "#0"},
				"east": {"uv": [4.8, 13.6, 6.4, 14.4], "texture": "#0"},
				"south": {"uv": [4.8, 13.6, 6.4, 14.4], "texture": "#0"},
				"west": {"uv": [4.8, 13.6, 6.4, 14.4], "texture": "#0"},
				"up": {"uv": [4.8, 13.6, 6.4, 14.4], "texture": "#0"},
				"down": {"uv": [4.8, 13.6, 6.4, 14.4], "texture": "#0"}
			}
		},
		{
			"from": [9, 0, 6],
			"to": [11, 2, 7],
			"rotation": {"angle": 0, "axis": "y", "origin": [7, 1, 8.5]},
			"faces": {
				"north": {"uv": [4.8, 12.8, 6.4, 14.4], "texture": "#0"},
				"east": {"uv": [4.8, 13.6, 6.4, 14.4], "texture": "#0"},
				"south": {"uv": [4.8, 13.6, 6.4, 14.4], "texture": "#0"},
				"west": {"uv": [4.8, 13.6, 6.4, 14.4], "texture": "#0"},
				"up": {"uv": [4.8, 13.6, 6.4, 14.4], "texture": "#0"},
				"down": {"uv": [4.8, 13.6, 6.4, 14.4], "texture": "#0"}
			}
		},
		{
			"from": [11, 3, 6],
			"to": [13, 5, 9],
			"rotation": {"angle": 0, "axis": "x", "origin": [11, 1, 9.5]},
			"faces": {
				"north": {"uv": [4.8, 2.4, 6.4, 4], "texture": "#0"},
				"east": {"uv": [4.8, 2.4, 7.2, 4], "texture": "#0"},
				"south": {"uv": [4.8, 2.4, 6.4, 4], "texture": "#0"},
				"west": {"uv": [4.8, 2.4, 7.2, 4], "texture": "#0"},
				"up": {"uv": [4.8, 2.4, 7.2, 4], "texture": "#0"},
				"down": {"uv": [4.8, 2.4, 7.2, 4], "texture": "#0"}
			}
		},
		{
			"from": [3, 1.5, 9],
			"to": [5, 4.5, 11],
			"rotation": {"angle": 0, "axis": "x", "origin": [11, 1, 9.5]},
			"faces": {
				"north": {"uv": [4.8, 2.4, 7.2, 4], "rotation": 180, "texture": "#0"},
				"east": {"uv": [4.8, 2.4, 7.2, 4], "rotation": 90, "texture": "#0"},
				"south": {"uv": [4.8, 2.4, 7.2, 4], "texture": "#0"},
				"west": {"uv": [4.8, 2.4, 7.2, 4], "rotation": 270, "texture": "#0"},
				"up": {"uv": [4.8, 2.4, 6.4, 4], "texture": "#0"},
				"down": {"uv": [7.2, 3.2, 8.8, 4.8], "rotation": 180, "texture": "#0"}
			}
		},
		{
			"from": [4, 4.5, 9],
			"to": [5, 5.5, 11],
			"rotation": {"angle": 0, "axis": "x", "origin": [11, 1, 9.5]},
			"faces": {
				"north": {"uv": [4.8, 3.2, 5.6, 4], "rotation": 180, "texture": "#0"},
				"east": {"uv": [4.8, 2.4, 5.6, 4], "rotation": 90, "texture": "#0"},
				"south": {"uv": [4.8, 3.2, 5.6, 4], "texture": "#0"},
				"west": {"uv": [4.8, 2.4, 5.6, 4], "rotation": 270, "texture": "#0"},
				"up": {"uv": [4.8, 2.4, 5.6, 4], "texture": "#0"},
				"down": {"uv": [4.8, 2.4, 5.6, 4], "rotation": 180, "texture": "#0"}
			}
		},
		{
			"from": [11, 3, 9],
			"to": [12, 5, 10],
			"rotation": {"angle": 0, "axis": "x", "origin": [11, 1, 9.5]},
			"faces": {
				"north": {"uv": [4.8, 2.4, 5.6, 4], "texture": "#0"},
				"east": {"uv": [4.8, 2.4, 5.6, 4], "texture": "#0"},
				"south": {"uv": [4.8, 2.4, 5.6, 4], "texture": "#0"},
				"west": {"uv": [4.8, 2.4, 5.6, 4], "texture": "#0"},
				"up": {"uv": [4.8, 3.2, 5.6, 4], "texture": "#0"},
				"down": {"uv": [4.8, 3.2, 5.6, 4], "texture": "#0"}
			}
		},
		{
			"from": [7, 12, 8.5],
			"to": [9, 14, 9.5],
			"rotation": {"angle": -22.5, "axis": "x", "origin": [8, 13, 10]},
			"faces": {
				"north": {"uv": [0, 7.2, 0.8, 8.8], "texture": "#0"},
				"east": {"uv": [0, 7.2, 0.8, 8.8], "texture": "#0"},
				"south": {"uv": [0, 7.2, 0.8, 8.8], "texture": "#0"},
				"west": {"uv": [0, 7.2, 0.8, 8.8], "texture": "#0"},
				"up": {"uv": [0, 7.2, 0.8, 8.8], "texture": "#0"},
				"down": {"uv": [0, 7.2, 0.8, 8.8], "texture": "#0"}
			}
		},
		{
			"from": [7, 12, 10.5],
			"to": [9, 14, 11.5],
			"rotation": {"angle": 22.5, "axis": "x", "origin": [8, 13, 10]},
			"faces": {
				"north": {"uv": [0, 7.2, 0.8, 8.8], "rotation": 270, "texture": "#0"},
				"east": {"uv": [0, 7.2, 0.8, 8.8], "rotation": 270, "texture": "#0"},
				"south": {"uv": [0, 7.2, 0.8, 8.8], "rotation": 270, "texture": "#0"},
				"west": {"uv": [0, 7.2, 0.8, 8.8], "rotation": 270, "texture": "#0"},
				"up": {"uv": [0, 7.2, 0.8, 8.8], "rotation": 270, "texture": "#0"},
				"down": {"uv": [0, 7.2, 0.8, 8.8], "rotation": 270, "texture": "#0"}
			}
		},
		{
			"from": [6.5, 12, 9],
			"to": [7.5, 14, 11],
			"rotation": {"angle": 22.5, "axis": "z", "origin": [8, 13, 10]},
			"faces": {
				"north": {"uv": [0, 7.2, 0.8, 8.8], "rotation": 270, "texture": "#0"},
				"east": {"uv": [0, 7.2, 0.8, 8.8], "rotation": 270, "texture": "#0"},
				"south": {"uv": [0, 7.2, 0.8, 8.8], "rotation": 270, "texture": "#0"},
				"west": {"uv": [0, 7.2, 0.8, 8.8], "rotation": 270, "texture": "#0"},
				"up": {"uv": [0, 7.2, 0.8, 8.8], "rotation": 270, "texture": "#0"},
				"down": {"uv": [0, 7.2, 0.8, 8.8], "rotation": 270, "texture": "#0"}
			}
		},
		{
			"from": [8.5, 12, 9],
			"to": [9.5, 14, 11],
			"rotation": {"angle": -22.5, "axis": "z", "origin": [8, 13, 10]},
			"faces": {
				"north": {"uv": [0, 7.2, 0.8, 8.8], "rotation": 270, "texture": "#0"},
				"east": {"uv": [0, 7.2, 0.8, 8.8], "rotation": 270, "texture": "#0"},
				"south": {"uv": [0, 7.2, 0.8, 8.8], "rotation": 270, "texture": "#0"},
				"west": {"uv": [0, 7.2, 0.8, 8.8], "rotation": 270, "texture": "#0"},
				"up": {"uv": [0, 7.2, 0.8, 8.8], "rotation": 270, "texture": "#0"},
				"down": {"uv": [0, 7.2, 0.8, 8.8], "rotation": 270, "texture": "#0"}
			}
		},
		{
			"from": [5, 0, 8],
			"to": [11, 6, 12],
			"faces": {
				"north": {"uv": [7.2, 0, 12, 4.8], "texture": "#0"},
				"east": {"uv": [4.8, 4, 8, 8.8], "texture": "#0"},
				"south": {"uv": [2.4, 3.2, 7.2, 8], "texture": "#0"},
				"west": {"uv": [4.8, 4, 8, 8.8], "texture": "#0"},
				"up": {"uv": [0, 4.8, 3.2, 8], "texture": "#0"},
				"down": {"uv": [0, 4.8, 4.8, 8], "texture": "#0"}
			}
		},
		{
			"from": [5, 6, 7],
			"to": [11, 12, 13],
			"faces": {
				"north": {"uv": [0, 0, 4.8, 4.8], "texture": "#0"},
				"east": {"uv": [0, 4, 4.8, 8.8], "texture": "#0"},
				"south": {"uv": [0, 4, 4.8, 8.8], "texture": "#0"},
				"west": {"uv": [0, 4, 4.8, 8.8], "texture": "#0"},
				"up": {"uv": [0, 4, 4.8, 8.8], "texture": "#0"},
				"down": {"uv": [0, 4, 4.8, 8.8], "texture": "#0"}
			}
		},
		{
			"from": [7, 8, 6],
			"to": [9, 9, 7],
			"faces": {
				"north": {"uv": [5.6, 13.6, 7.2, 14.4], "texture": "#0"},
				"east": {"uv": [5.6, 14.4, 7.2, 15.2], "texture": "#0"},
				"south": {"uv": [5.6, 14.4, 7.2, 15.2], "texture": "#0"},
				"west": {"uv": [5.6, 14.4, 7.2, 15.2], "texture": "#0"},
				"up": {"uv": [5.6, 14.4, 7.2, 15.2], "texture": "#0"},
				"down": {"uv": [5.6, 14.4, 7.2, 15.2], "texture": "#0"}
			}
		},
		{
			"from": [6, 7, 5],
			"to": [10, 8, 7],
			"faces": {
				"north": {"uv": [4, 13.6, 7.2, 14.4], "texture": "#0"},
				"east": {"uv": [5.6, 14.4, 7.2, 15.2], "texture": "#0"},
				"south": {"uv": [5.6, 14.4, 7.2, 15.2], "texture": "#0"},
				"west": {"uv": [5.6, 14.4, 7.2, 15.2], "texture": "#0"},
				"up": {"uv": [4.8, 13.6, 8, 15.2], "texture": "#0"},
				"down": {"uv": [4.8, 13.6, 8, 15.2], "texture": "#0"}
			}
		},
		{
			"from": [10, 5, 3],
			"to": [14, 6, 7],
			"faces": {
				"north": {"uv": [9.6, 6.4, 11.2, 8], "texture": "#0"},
				"east": {"uv": [9.6, 6.4, 11.2, 8], "texture": "#0"},
				"south": {"uv": [9.6, 6.4, 11.2, 8], "texture": "#0"},
				"west": {"uv": [9.6, 6.4, 11.2, 8], "texture": "#0"},
				"up": {"uv": [9.6, 6.4, 11.2, 8], "texture": "#0"},
				"down": {"uv": [9.6, 6.4, 11.2, 8], "texture": "#0"}
			}
		},
		{
			"from": [11, 6, 4],
			"to": [13, 7, 6],
			"faces": {
				"north": {"uv": [8.8, 13.6, 10.4, 14.4], "texture": "#0"},
				"east": {"uv": [8.8, 13.6, 10.4, 14.4], "texture": "#0"},
				"south": {"uv": [8.8, 13.6, 10.4, 14.4], "texture": "#0"},
				"west": {"uv": [8.8, 13.6, 10.4, 14.4], "texture": "#0"},
				"up": {"uv": [8.8, 13.6, 10.4, 14.4], "texture": "#0"},
				"down": {"uv": [8.8, 13.6, 10.4, 14.4], "texture": "#0"}
			}
		},
		{
			"from": [10.9, 6.9, 3.9],
			"to": [13.1, 8.1, 6.1],
			"faces": {
				"north": {"uv": [4.8, 11.2, 6.4, 12], "texture": "#0"},
				"east": {"uv": [4.8, 11.2, 6.4, 12], "texture": "#0"},
				"south": {"uv": [4.8, 11.2, 6.4, 12], "texture": "#0"},
				"west": {"uv": [4.8, 11.2, 6.4, 12], "texture": "#0"},
				"up": {"uv": [4.8, 10.4, 6.4, 12], "texture": "#0"},
				"down": {"uv": [4.8, 11.2, 6.4, 12], "texture": "#0"}
			}
		},
		{
			"from": [11.5, 8, 4.5],
			"to": [12.5, 9, 5.5],
			"faces": {
				"north": {"uv": [9.6, 12, 10.4, 12.8], "texture": "#0"},
				"east": {"uv": [8.8, 13.6, 9.6, 14.4], "texture": "#0"},
				"south": {"uv": [8.8, 13.6, 9.6, 14.4], "texture": "#0"},
				"west": {"uv": [8.8, 13.6, 9.6, 14.4], "texture": "#0"},
				"up": {"uv": [8.8, 13.6, 9.6, 14.4], "texture": "#0"},
				"down": {"uv": [8.8, 13.6, 9.6, 14.4], "texture": "#0"}
			}
		},
		{
			"from": [11.5, 9, 4.5],
			"to": [12.5, 9.5, 5.5],
			"faces": {
				"north": {"uv": [6.4, 13.6, 7.2, 14.4], "texture": "#0"},
				"east": {"uv": [6.4, 13.6, 7.2, 14.4], "texture": "#0"},
				"south": {"uv": [6.4, 13.6, 7.2, 14.4], "texture": "#0"},
				"west": {"uv": [6.4, 13.6, 7.2, 14.4], "texture": "#0"},
				"up": {"uv": [6.4, 13.6, 7.2, 14.4], "texture": "#0"},
				"down": {"uv": [6.4, 13.6, 7.2, 14.4], "texture": "#0"}
			}
		}
	],
	"display": {
		"thirdperson_righthand": {
			"rotation": [-180, 31, -123],
			"translation": [0.5, 2.75, 2]
		},
		"thirdperson_lefthand": {
			"translation": [0, 1.5, -0.5]
		},
		"firstperson_righthand": {
			"rotation": [113, 57, -83],
			"translation": [0.75, 1.5, -1.5]
		},
		"ground": {
			"scale": [0.4, 0.4, 0.4]
		},
		"gui": {
			"rotation": [15, -141, 0],
			"translation": [0.5, 0.5, 0]
		},
		"head": {
			"translation": [0, -22, -2.75],
			"scale": [1.6, 1.6, 1.6]
		},
		"fixed": {
			"translation": [0, 0.75, -3]
		}
	}
}