{
	"credit": "Made with Blockbench",
	"texture_size": [1, 1],
	"textures": {
		"0": "fnaf_texture/fnaf_items/freddy_plushie_skin",
		"particle": "fnaf_texture/fnaf_items/freddy_plushie_skin"
	},
	"elements": [
		{
			"from": [5, 0, 6],
			"to": [7, 2, 8],
			"rotation": {"angle": 0, "axis": "y", "origin": [7, 1, 8.5]},
			"faces": {
				"north": {"uv": [8.8, 2.4, 10.4, 4], "texture": "#0"},
				"east": {"uv": [0.8, 3.2, 2.4, 4.8], "texture": "#0"},
				"south": {"uv": [0.8, 3.2, 2.4, 4.8], "texture": "#0"},
				"west": {"uv": [0.8, 3.2, 2.4, 4.8], "texture": "#0"},
				"up": {"uv": [0.8, 3.2, 2.4, 4.8], "texture": "#0"},
				"down": {"uv": [0.8, 3.2, 2.4, 4.8], "texture": "#0"}
			}
		},
		{
			"from": [9, 0, 6],
			"to": [11, 2, 8],
			"rotation": {"angle": 0, "axis": "y", "origin": [7, 1, 8.5]},
			"faces": {
				"north": {"uv": [8.8, 2.4, 10.4, 4], "texture": "#0"},
				"east": {"uv": [0.8, 3.2, 2.4, 4.8], "texture": "#0"},
				"south": {"uv": [0.8, 3.2, 2.4, 4.8], "texture": "#0"},
				"west": {"uv": [0.8, 3.2, 2.4, 4.8], "texture": "#0"},
				"up": {"uv": [0.8, 3.2, 2.4, 4.8], "texture": "#0"},
				"down": {"uv": [0.8, 3.2, 2.4, 4.8], "texture": "#0"}
			}
		},
		{
			"from": [11, 3, 7],
			"to": [13, 5, 10],
			"rotation": {"angle": -22.5, "axis": "x", "origin": [11, 1, 9.5]},
			"faces": {
				"north": {"uv": [8.8, 1.6, 10.4, 3.2], "texture": "#0"},
				"east": {"uv": [4.8, 2.4, 7.2, 4], "texture": "#0"},
				"south": {"uv": [4.8, 2.4, 6.4, 4], "texture": "#0"},
				"west": {"uv": [4.8, 2.4, 7.2, 4], "texture": "#0"},
				"up": {"uv": [4.8, 2.4, 7.2, 4], "texture": "#0"},
				"down": {"uv": [4.8, 2.4, 7.2, 4], "texture": "#0"}
			}
		},
		{
			"from": [3, 3, 7],
			"to": [5, 5, 10],
			"rotation": {"angle": -22.5, "axis": "x", "origin": [11, 1, 9.5]},
			"faces": {
				"north": {"uv": [8.8, 1.6, 10.4, 3.2], "texture": "#0"},
				"east": {"uv": [4.8, 2.4, 7.2, 4], "texture": "#0"},
				"south": {"uv": [4.8, 2.4, 6.4, 4], "texture": "#0"},
				"west": {"uv": [4.8, 2.4, 7.2, 4], "texture": "#0"},
				"up": {"uv": [4.8, 2.4, 7.2, 4], "texture": "#0"},
				"down": {"uv": [4.8, 2.4, 7.2, 4], "texture": "#0"}
			}
		},
		{
			"from": [4, 3, 10],
			"to": [5, 5, 11],
			"rotation": {"angle": -22.5, "axis": "x", "origin": [11, 1, 9.5]},
			"faces": {
				"north": {"uv": [4.8, 2.4, 5.6, 4], "texture": "#0"},
				"east": {"uv": [4.8, 2.4, 5.6, 4], "texture": "#0"},
				"south": {"uv": [4.8, 2.4, 5.6, 4], "texture": "#0"},
				"west": {"uv": [4.8, 2.4, 5.6, 4], "texture": "#0"},
				"up": {"uv": [4.8, 3.2, 5.6, 4], "texture": "#0"},
				"down": {"uv": [4.8, 3.2, 5.6, 4], "texture": "#0"}
			}
		},
		{
			"from": [11, 3, 10],
			"to": [12, 5, 11],
			"rotation": {"angle": -22.5, "axis": "x", "origin": [11, 1, 9.5]},
			"faces": {
				"north": {"uv": [4.8, 2.4, 5.6, 4], "texture": "#0"},
				"east": {"uv": [4.8, 2.4, 5.6, 4], "texture": "#0"},
				"south": {"uv": [4.8, 2.4, 5.6, 4], "texture": "#0"},
				"west": {"uv": [4.8, 2.4, 5.6, 4], "texture": "#0"},
				"up": {"uv": [4.8, 3.2, 5.6, 4], "texture": "#0"},
				"down": {"uv": [4.8, 3.2, 5.6, 4], "texture": "#0"}
			}
		},
		{
			"from": [10, 11, 9.5],
			"to": [12, 13, 10.5],
			"rotation": {"angle": 0, "axis": "y", "origin": [11, 1, 9.5]},
			"faces": {
				"north": {"uv": [10.4, 6.4, 12, 8], "texture": "#0"},
				"east": {"uv": [0, 7.2, 0.8, 8.8], "texture": "#0"},
				"south": {"uv": [0, 7.2, 1.6, 8.8], "texture": "#0"},
				"west": {"uv": [0, 7.2, 0.8, 8.8], "texture": "#0"},
				"up": {"uv": [0, 7.2, 0.8, 8.8], "texture": "#0"},
				"down": {"uv": [0, 7.2, 0.8, 8.8], "texture": "#0"}
			}
		},
		{
			"from": [4, 11, 9.5],
			"to": [6, 13, 10.5],
			"rotation": {"angle": 0, "axis": "y", "origin": [11, 1, 9.5]},
			"faces": {
				"north": {"uv": [10.4, 6.4, 12, 8], "texture": "#0"},
				"east": {"uv": [0, 7.2, 0.8, 8.8], "texture": "#0"},
				"south": {"uv": [0, 7.2, 1.6, 8.8], "texture": "#0"},
				"west": {"uv": [0, 7.2, 0.8, 8.8], "texture": "#0"},
				"up": {"uv": [0, 7.2, 0.8, 8.8], "texture": "#0"},
				"down": {"uv": [0, 7.2, 0.8, 8.8], "texture": "#0"}
			}
		},
		{
			"from": [5, 0, 8],
			"to": [11, 6, 12],
			"faces": {
				"north": {"uv": [8, 0, 12.8, 4.8], "texture": "#0"},
				"east": {"uv": [4.8, 4, 8, 8.8], "texture": "#0"},
				"south": {"uv": [2.4, 3.2, 7.2, 8], "texture": "#0"},
				"west": {"uv": [4.8, 4, 8, 8.8], "texture": "#0"},
				"up": {"uv": [0, 4.8, 3.2, 8], "texture": "#0"},
				"down": {"uv": [0, 4.8, 4.8, 8], "texture": "#0"}
			}
		},
		{
			"from": [5, 6, 7],
			"to": [11, 12, 13],
			"faces": {
				"north": {"uv": [0, 0, 4.8, 4.8], "texture": "#0"},
				"east": {"uv": [0, 4, 4.8, 8.8], "texture": "#0"},
				"south": {"uv": [0, 4, 4.8, 8.8], "texture": "#0"},
				"west": {"uv": [0, 4, 4.8, 8.8], "texture": "#0"},
				"up": {"uv": [0, 4, 4.8, 8.8], "texture": "#0"},
				"down": {"uv": [0, 4, 4.8, 8.8], "texture": "#0"}
			}
		},
		{
			"from": [5, 7, 6],
			"to": [11, 9, 7],
			"faces": {
				"north": {"uv": [9.6, 5.6, 14.4, 7.2], "texture": "#0"},
				"east": {"uv": [15.2, 0, 16, 1.6], "texture": "#0"},
				"south": {"uv": [11.2, 0, 16, 1.6], "texture": "#0"},
				"west": {"uv": [15.2, 0, 16, 1.6], "texture": "#0"},
				"up": {"uv": [11.2, 0.8, 16, 1.6], "texture": "#0"},
				"down": {"uv": [11.2, 1.6, 16, 2.4], "texture": "#0"}
			}
		},
		{
			"from": [7, 8.5, 5.5],
			"to": [9, 9.5, 6.5],
			"faces": {
				"north": {"uv": [10.4, 9.6, 12, 10.4], "texture": "#0"},
				"east": {"uv": [10.4, 9.6, 11.2, 10.4], "texture": "#0"},
				"south": {"uv": [10.4, 9.6, 12, 10.4], "texture": "#0"},
				"west": {"uv": [11.2, 9.6, 12, 10.4], "texture": "#0"},
				"up": {"uv": [10.4, 9.6, 12, 10.4], "texture": "#0"},
				"down": {"uv": [10.4, 9.6, 12, 10.4], "texture": "#0"}
			}
		},
		{
			"from": [6, 12, 8],
			"to": [10, 13, 12],
			"faces": {
				"north": {"uv": [0, 15.2, 3.2, 16], "texture": "#0"},
				"east": {"uv": [0, 15.2, 3.2, 16], "texture": "#0"},
				"south": {"uv": [0, 15.2, 3.2, 16], "texture": "#0"},
				"west": {"uv": [0, 15.2, 3.2, 16], "texture": "#0"},
				"up": {"uv": [0, 12.8, 3.2, 16], "texture": "#0"},
				"down": {"uv": [0, 15.2, 3.2, 16], "texture": "#0"}
			}
		},
		{
			"from": [7, 13, 9],
			"to": [9, 15, 11],
			"faces": {
				"north": {"uv": [0, 14.4, 1.6, 16], "texture": "#0"},
				"east": {"uv": [0, 14.4, 1.6, 16], "texture": "#0"},
				"south": {"uv": [0, 14.4, 1.6, 16], "texture": "#0"},
				"west": {"uv": [0, 14.4, 1.6, 16], "texture": "#0"},
				"up": {"uv": [0, 14.4, 1.6, 16], "texture": "#0"},
				"down": {"uv": [0, 14.4, 1.6, 16], "texture": "#0"}
			}
		}
	],
	"display": {
		"thirdperson_righthand": {
			"rotation": [-180, 31, -123],
			"translation": [0.5, 2.75, 2]
		},
		"thirdperson_lefthand": {
			"translation": [0, 1.5, -0.5]
		},
		"firstperson_righthand": {
			"rotation": [113, 57, -83],
			"translation": [0.75, 1.5, -1.5]
		},
		"ground": {
			"scale": [0.4, 0.4, 0.4]
		},
		"gui": {
			"rotation": [15, -141, 0],
			"translation": [0.5, 0.5, 0]
		},
		"head": {
			"translation": [0, -22, -2.75],
			"scale": [1.6, 1.6, 1.6]
		},
		"fixed": {
			"translation": [0, 0.75, -3]
		}
	}
}