{
	"credit": "Made with Blockbench",
	"texture_size": [1, 1],
	"textures": {
		"particle": "fnaf_texture/fnaf1_texture/freddy/freddy_skin"
	},
	"elements": [
		{
			"from": [4, -0.5, 5],
			"to": [12, 1.5, 9],
			"rotation": {"angle": 0, "axis": "x", "origin": [8.00739, 4.64918, 7.124]},
			"faces": {
				"north": {"uv": [0, 0, 6.4, 1.6], "texture": "#particle"},
				"east": {"uv": [0, 0, 3.2, 1.6], "texture": "#particle"},
				"south": {"uv": [1.6, 0, 8, 1.6], "texture": "#particle"},
				"west": {"uv": [4.8, 0, 8, 1.6], "texture": "#particle"},
				"up": {"uv": [8, 8.8, 14.4, 12], "rotation": 180, "texture": "#particle"},
				"down": {"uv": [0, 0, 6.4, 3.2], "texture": "#particle"}
			}
		},
		{
			"from": [4, 0.5, 9],
			"to": [12, 3.5, 13],
			"rotation": {"angle": 0, "axis": "y", "origin": [8.00739, 4.64918, 7.124]},
			"faces": {
				"north": {"uv": [9.6, 8.8, 12.8, 11.2], "texture": "#particle"},
				"east": {"uv": [0, 0, 3.2, 2.4], "texture": "#particle"},
				"south": {"uv": [0.8, 4, 7.2, 6.4], "texture": "#particle"},
				"west": {"uv": [0, 0, 3.2, 2.4], "texture": "#particle"},
				"up": {"uv": [0, 0, 3.2, 2.4], "texture": "#particle"},
				"down": {"uv": [0.8, 6.4, 7.2, 8.8], "texture": "#particle"}
			}
		},
		{
			"from": [3, 2.5, 9],
			"to": [13, 3.5, 11],
			"rotation": {"angle": 0, "axis": "y", "origin": [8.00739, 4.64918, 7.124]},
			"faces": {
				"north": {"uv": [0, 0, 8, 2.4], "texture": "#particle"},
				"east": {"uv": [0.8, 0.8, 2.4, 1.6], "texture": "#particle"},
				"south": {"uv": [0, 2.4, 8, 3.2], "texture": "#particle"},
				"west": {"uv": [0.8, 0.8, 2.4, 1.6], "texture": "#particle"},
				"up": {"uv": [0, 0, 8, 1.6], "texture": "#particle"},
				"down": {"uv": [0, 1.6, 1.6, 2.4], "texture": "#particle"}
			}
		},
		{
			"from": [3, 1.5, 5],
			"to": [5, 3.5, 9],
			"rotation": {"angle": 0, "axis": "y", "origin": [8.00739, 4.64918, 7.124]},
			"faces": {
				"north": {"uv": [6.4, 0, 8, 1.6], "texture": "#particle"},
				"east": {"uv": [6.4, 0, 8, 1.6], "texture": "#particle"},
				"south": {"uv": [6.4, 0, 8, 1.6], "texture": "#particle"},
				"west": {"uv": [3.2, 0, 6.4, 1.6], "texture": "#particle"},
				"up": {"uv": [6.4, 0, 8, 3.2], "texture": "#particle"},
				"down": {"uv": [6.4, 0, 8, 1.6], "texture": "#particle"}
			}
		},
		{
			"from": [4.5, 1.5, 4],
			"to": [11.5, 3.5, 5],
			"rotation": {"angle": 0, "axis": "y", "origin": [8.00739, 4.64918, 7.124]},
			"faces": {
				"north": {"uv": [16, 2.4, 10.4, 4], "texture": "#particle"},
				"east": {"uv": [9.6, 1.6, 10.4, 3.2], "texture": "#particle"},
				"south": {"uv": [16, 1.6, 10.4, 2.4], "texture": "#particle"},
				"west": {"uv": [9.6, 1.6, 10.4, 3.2], "texture": "#particle"},
				"up": {"uv": [16, 1.6, 10.4, 2.4], "texture": "#particle"},
				"down": {"uv": [16, 4, 10.4, 4.8], "texture": "#particle"}
			}
		},
		{
			"from": [7, 3, 3.5],
			"to": [9, 4, 4.5],
			"rotation": {"angle": 0, "axis": "y", "origin": [8.00739, 4.64918, 7.124]},
			"faces": {
				"north": {"uv": [1.6, 15.2, 3.2, 16], "texture": "#particle"},
				"east": {"uv": [2.4, 15.2, 3.2, 16], "texture": "#particle"},
				"south": {"uv": [1.6, 15.2, 3.2, 16], "texture": "#particle"},
				"west": {"uv": [1.6, 15.2, 2.4, 16], "texture": "#particle"},
				"up": {"uv": [1.6, 15.2, 3.2, 16], "texture": "#particle"},
				"down": {"uv": [1.6, 15.2, 3.2, 16], "texture": "#particle"}
			}
		},
		{
			"from": [11, 1.5, 5],
			"to": [13, 3.5, 9],
			"rotation": {"angle": 0, "axis": "y", "origin": [8.00739, 4.64918, 7.124]},
			"faces": {
				"north": {"uv": [6.4, 0, 8, 1.6], "rotation": 180, "texture": "#particle"},
				"east": {"uv": [6.4, 0, 8, 1.6], "texture": "#particle"},
				"south": {"uv": [6.4, 0, 8, 1.6], "texture": "#particle"},
				"west": {"uv": [3.2, 0, 6.4, 1.6], "texture": "#particle"},
				"up": {"uv": [6.4, 0, 8, 3.2], "texture": "#particle"},
				"down": {"uv": [6.4, 0, 8, 1.6], "texture": "#particle"}
			}
		},
		{
			"from": [11, 3.5, 5],
			"to": [12, 7.5, 6],
			"rotation": {"angle": 0, "axis": "y", "origin": [8.00739, 4.64918, 7.124]},
			"faces": {
				"north": {"uv": [1.6, 0.8, 2.4, 4], "texture": "#particle"},
				"east": {"uv": [2.4, 0.8, 3.2, 4], "texture": "#particle"},
				"south": {"uv": [1.6, 0.8, 2.4, 4], "texture": "#particle"},
				"west": {"uv": [0, 12.8, 0.8, 16], "texture": "#particle"},
				"up": {"uv": [1.6, 0, 2.4, 0.8], "texture": "#particle"},
				"down": {"uv": [1.6, 4, 2.4, 4.8], "texture": "#particle"}
			}
		},
		{
			"from": [9, 6, 4.9],
			"to": [11, 6.5, 5.9],
			"rotation": {"angle": 0, "axis": "y", "origin": [8.00739, 4.64918, 7.124]},
			"faces": {
				"north": {"uv": [0, 15.2, 1.6, 16], "texture": "#particle"},
				"east": {"uv": [0, 15.2, 1.6, 16], "texture": "#particle"},
				"south": {"uv": [0, 15.2, 1.6, 16], "texture": "#particle"},
				"west": {"uv": [0, 15.2, 1.6, 16], "texture": "#particle"},
				"up": {"uv": [0, 15.2, 1.6, 16], "texture": "#particle"},
				"down": {"uv": [0, 15.2, 1.6, 16], "texture": "#particle"}
			}
		},
		{
			"from": [5, 6, 4.9],
			"to": [7, 6.5, 5.9],
			"rotation": {"angle": 0, "axis": "y", "origin": [8.00739, 4.64918, 7.124]},
			"faces": {
				"north": {"uv": [0, 15.2, 1.6, 16], "texture": "#particle"},
				"east": {"uv": [0, 15.2, 1.6, 16], "texture": "#particle"},
				"south": {"uv": [0, 15.2, 1.6, 16], "texture": "#particle"},
				"west": {"uv": [0, 15.2, 1.6, 16], "texture": "#particle"},
				"up": {"uv": [0, 15.2, 1.6, 16], "texture": "#particle"},
				"down": {"uv": [0, 15.2, 1.6, 16], "texture": "#particle"}
			}
		},
		{
			"from": [5, 5.5, 5],
			"to": [7, 7.5, 6],
			"rotation": {"angle": 0, "axis": "y", "origin": [8.00739, 4.64918, 7.124]},
			"faces": {
				"north": {"uv": [5.6, 1.6, 7.2, 3.2], "texture": "#particle"},
				"east": {"uv": [5.6, 1.6, 7.2, 3.2], "texture": "#particle"},
				"south": {"uv": [5.6, 1.6, 7.2, 3.2], "texture": "#particle"},
				"west": {"uv": [5.6, 1.6, 7.2, 3.2], "texture": "#particle"},
				"up": {"uv": [5.6, 0.8, 7.2, 1.6], "texture": "#particle"},
				"down": {"uv": [1.6, 15.2, 3.2, 16], "texture": "#particle"}
			}
		},
		{
			"from": [7, 3.5, 5],
			"to": [9, 7.5, 6],
			"rotation": {"angle": 0, "axis": "y", "origin": [8.00739, 4.64918, 7.124]},
			"faces": {
				"north": {"uv": [3.2, 0.8, 4.8, 4], "texture": "#particle"},
				"east": {"uv": [0.8, 12.8, 1.6, 16], "texture": "#particle"},
				"south": {"uv": [2.4, 0.8, 3.2, 4], "texture": "#particle"},
				"west": {"uv": [2.4, 12.8, 3.2, 16], "texture": "#particle"},
				"up": {"uv": [3.2, 0, 4.8, 0.8], "texture": "#particle"},
				"down": {"uv": [3.2, 4, 4.8, 4.8], "texture": "#particle"}
			}
		},
		{
			"from": [9, 5.5, 5],
			"to": [11, 7.5, 6],
			"rotation": {"angle": 0, "axis": "y", "origin": [8.00739, 4.64918, 7.124]},
			"faces": {
				"north": {"uv": [2.4, 1.6, 4, 3.2], "texture": "#particle"},
				"east": {"uv": [2.4, 1.6, 4, 3.2], "texture": "#particle"},
				"south": {"uv": [2.4, 1.6, 4, 3.2], "texture": "#particle"},
				"west": {"uv": [2.4, 1.6, 4, 3.2], "texture": "#particle"},
				"up": {"uv": [2.4, 0.8, 4, 1.6], "texture": "#particle"},
				"down": {"uv": [0.8, 13.6, 2.4, 14.4], "texture": "#particle"}
			}
		},
		{
			"from": [4, 3.5, 5],
			"to": [5, 7.5, 6],
			"rotation": {"angle": 0, "axis": "y", "origin": [8.00739, 4.64918, 7.124]},
			"faces": {
				"north": {"uv": [6.4, 0.8, 7.2, 4], "texture": "#particle"},
				"east": {"uv": [3.2, 12.8, 4, 16], "texture": "#particle"},
				"south": {"uv": [6.4, 0.8, 7.2, 4], "texture": "#particle"},
				"west": {"uv": [5.6, 0.8, 6.4, 4], "texture": "#particle"},
				"up": {"uv": [6.4, 0, 7.2, 0.8], "texture": "#particle"},
				"down": {"uv": [6.4, 4, 7.2, 4.8], "texture": "#particle"}
			}
		},
		{
			"from": [3.22617, 3.67227, 8],
			"to": [5.22617, 4.67227, 9],
			"rotation": {"angle": -22.5, "axis": "z", "origin": [8.00739, 4.64918, 7.124]},
			"faces": {
				"north": {"uv": [0, 9.6, 1.6, 8.8], "texture": "#particle"},
				"east": {"uv": [0, 10.4, 0.8, 8.8], "texture": "#particle"},
				"south": {"uv": [0, 10.4, 0.8, 8.8], "texture": "#particle"},
				"west": {"uv": [0, 10.4, 0.8, 8.8], "texture": "#particle"},
				"up": {"uv": [0, 10.4, 0.8, 8.8], "texture": "#particle"},
				"down": {"uv": [0, 10.4, 0.8, 8.8], "texture": "#particle"}
			}
		},
		{
			"from": [1.22617, 3.17227, 8],
			"to": [3.22617, 5.17227, 9],
			"rotation": {"angle": -22.5, "axis": "z", "origin": [8.00739, 4.64918, 7.124]},
			"faces": {
				"north": {"uv": [4, 2.4, 5.6, 4], "rotation": 270, "texture": "#particle"},
				"east": {"uv": [5.6, 2.4, 6.4, 4], "rotation": 270, "texture": "#particle"},
				"south": {"uv": [4, 2.4, 5.6, 4], "rotation": 270, "texture": "#particle"},
				"west": {"uv": [3.2, 2.4, 4, 4], "rotation": 270, "texture": "#particle"},
				"up": {"uv": [4, 1.6, 5.6, 2.4], "rotation": 270, "texture": "#particle"},
				"down": {"uv": [4, 4, 5.6, 4.8], "rotation": 270, "texture": "#particle"}
			}
		},
		{
			"from": [12.87496, 3.17793, 8],
			"to": [14.87496, 5.17793, 9],
			"rotation": {"angle": 22.5, "axis": "z", "origin": [8.00739, 4.64918, 7.124]},
			"faces": {
				"north": {"uv": [0.8, 0.8, 2.4, 2.4], "rotation": 90, "texture": "#particle"},
				"east": {"uv": [2.4, 0.8, 3.2, 2.4], "rotation": 90, "texture": "#particle"},
				"south": {"uv": [0.8, 0.8, 2.4, 2.4], "rotation": 90, "texture": "#particle"},
				"west": {"uv": [0, 0.8, 0.8, 2.4], "rotation": 90, "texture": "#particle"},
				"up": {"uv": [0.8, 0, 2.4, 0.8], "rotation": 90, "texture": "#particle"},
				"down": {"uv": [0.8, 2.4, 2.4, 3.2], "rotation": 90, "texture": "#particle"}
			}
		},
		{
			"from": [10.87496, 3.67793, 8],
			"to": [12.87496, 4.67793, 9],
			"rotation": {"angle": 22.5, "axis": "z", "origin": [8.00739, 4.64918, 7.124]},
			"faces": {
				"north": {"uv": [0, 9.6, 1.6, 8.8], "texture": "#particle"},
				"east": {"uv": [0, 9.6, 1.6, 8.8], "texture": "#particle"},
				"south": {"uv": [0, 9.6, 1.6, 8.8], "texture": "#particle"},
				"west": {"uv": [0, 9.6, 1.6, 8.8], "texture": "#particle"},
				"up": {"uv": [0, 9.6, 1.6, 8.8], "texture": "#particle"},
				"down": {"uv": [0, 9.6, 1.6, 8.8], "texture": "#particle"}
			}
		},
		{
			"from": [5, 7.5, 6],
			"to": [11, 8.5, 12],
			"rotation": {"angle": 0, "axis": "y", "origin": [8.00739, 4.64918, 7.124]},
			"faces": {
				"north": {"uv": [13.6, 9.6, 9.6, 10.4], "texture": "#particle"},
				"east": {"uv": [13.6, 9.6, 9.6, 10.4], "texture": "#particle"},
				"south": {"uv": [13.6, 9.6, 9.6, 10.4], "texture": "#particle"},
				"west": {"uv": [13.6, 9.6, 9.6, 10.4], "texture": "#particle"},
				"up": {"uv": [4, 12.8, 0, 16], "texture": "#particle"},
				"down": {"uv": [13.6, 9.6, 9.6, 10.4], "texture": "#particle"}
			}
		},
		{
			"from": [6, 7.5, 7],
			"to": [10, 11.5, 11],
			"rotation": {"angle": 0, "axis": "y", "origin": [8.00739, 4.64918, 7.124]},
			"faces": {
				"north": {"uv": [0.8, 16, 4, 12.8], "texture": "#particle"},
				"east": {"uv": [0, 16, 3.2, 12.8], "rotation": 90, "texture": "#particle"},
				"south": {"uv": [0, 16, 3.2, 12.8], "texture": "#particle"},
				"west": {"uv": [0, 16, 3.2, 12.8], "rotation": 270, "texture": "#particle"},
				"up": {"uv": [0, 16, 3.2, 12.8], "rotation": 180, "texture": "#particle"},
				"down": {"uv": [0, 16, 3.2, 12.8], "texture": "#particle"}
			}
		},
		{
			"from": [5.5, 4, 5.9],
			"to": [6.5, 5, 6.9],
			"rotation": {"angle": 0, "axis": "y", "origin": [8.00739, 4.64918, 7.124]},
			"faces": {
				"north": {"uv": [4, 8.8, 6.4, 12], "texture": "#particle"},
				"east": {"uv": [4, 8.8, 6.4, 12], "texture": "#particle"},
				"south": {"uv": [4, 8.8, 6.4, 12], "texture": "#particle"},
				"west": {"uv": [4, 8.8, 6.4, 12], "texture": "#particle"},
				"up": {"uv": [4, 8.8, 6.4, 12], "texture": "#particle"},
				"down": {"uv": [4, 8.8, 6.4, 12], "texture": "#particle"}
			}
		},
		{
			"from": [9.5, 4, 5.9],
			"to": [10.5, 5, 6.9],
			"rotation": {"angle": 0, "axis": "y", "origin": [8.00739, 4.64918, 7.124]},
			"faces": {
				"north": {"uv": [4, 8.8, 6.4, 11.2], "texture": "#particle"},
				"east": {"uv": [4, 8.8, 6.4, 11.2], "texture": "#particle"},
				"south": {"uv": [4, 8.8, 6.4, 11.2], "texture": "#particle"},
				"west": {"uv": [4, 8.8, 6.4, 11.2], "texture": "#particle"},
				"up": {"uv": [4, 8.8, 6.4, 11.2], "texture": "#particle"},
				"down": {"uv": [4, 8.8, 6.4, 11.2], "texture": "#particle"}
			}
		},
		{
			"from": [4, 3.5, 6],
			"to": [12, 7.5, 13],
			"rotation": {"angle": 0, "axis": "y", "origin": [8.00739, 4.64918, 7.124]},
			"faces": {
				"north": {"uv": [13.6, 13.6, 16, 16], "texture": "#particle"},
				"east": {"uv": [0, 0, 5.6, 3.2], "texture": "#particle"},
				"south": {"uv": [0, 0, 6.4, 3.2], "rotation": 180, "texture": "#particle"},
				"west": {"uv": [0, 0, 5.6, 3.2], "texture": "#particle"},
				"up": {"uv": [0, 0, 6.4, 5.6], "texture": "#particle"},
				"down": {"uv": [0, 0, 6.4, 3.2], "texture": "#particle"}
			}
		},
		{
			"from": [5, 1.5, 5],
			"to": [11, 3.5, 8],
			"rotation": {"angle": 0, "axis": "y", "origin": [8.00739, 4.64918, 7.124]},
			"faces": {
				"north": {"uv": [0, 0, 3.2, 1.6], "texture": "#particle"},
				"east": {"uv": [0, 0, 5.33333, 5.33333], "texture": "#particle"},
				"south": {"uv": [0, 0, 4, 2.4], "texture": "#particle"},
				"west": {"uv": [0, 0, 5.33333, 5.33333], "texture": "#particle"},
				"up": {"uv": [0, 15.2, 4, 16], "texture": "#particle"},
				"down": {"uv": [8.8, 10.4, 13.6, 12], "texture": "#particle"}
			}
		},
		{
			"from": [13.24541, 3.76616, 7.9],
			"to": [14.24541, 4.76616, 8],
			"rotation": {"angle": 22.5, "axis": "z", "origin": [8.1644, 5.01892, 7.16667]},
			"faces": {
				"north": {"uv": [15.2, 2.4, 16, 1.6], "rotation": 90, "texture": "#particle"},
				"east": {"uv": [15.2, 2.4, 16, 1.6], "rotation": 90, "texture": "#particle"},
				"south": {"uv": [15.2, 2.4, 16, 1.6], "rotation": 90, "texture": "#particle"},
				"west": {"uv": [15.2, 2.4, 16, 1.6], "rotation": 90, "texture": "#particle"},
				"up": {"uv": [15.2, 2.4, 16, 1.6], "rotation": 90, "texture": "#particle"},
				"down": {"uv": [15.2, 2.4, 16, 1.6], "rotation": 90, "texture": "#particle"}
			}
		},
		{
			"from": [1.87962, 3.64033, 7.9],
			"to": [2.87962, 4.64033, 8],
			"rotation": {"angle": -22.5, "axis": "z", "origin": [8.1644, 5.01892, 7.16667]},
			"faces": {
				"north": {"uv": [15.2, 2.4, 16, 1.6], "rotation": 90, "texture": "#particle"},
				"east": {"uv": [15.2, 2.4, 16, 1.6], "rotation": 90, "texture": "#particle"},
				"south": {"uv": [15.2, 2.4, 16, 1.6], "rotation": 90, "texture": "#particle"},
				"west": {"uv": [15.2, 2.4, 16, 1.6], "rotation": 90, "texture": "#particle"},
				"up": {"uv": [15.2, 2.4, 16, 1.6], "rotation": 90, "texture": "#particle"},
				"down": {"uv": [15.2, 2.4, 16, 1.6], "rotation": 90, "texture": "#particle"}
			}
		}
	],
	"display": {
		"thirdperson_righthand": {
			"rotation": [-180, 31, -123],
			"translation": [-4.25, 2.75, 0]
		},
		"firstperson_righthand": {
			"rotation": [113, 57, -83],
			"translation": [0, 0, -1.5]
		},
		"ground": {
			"scale": [0.4, 0.4, 0.4]
		},
		"gui": {
			"rotation": [15, -149, 0],
			"translation": [0.5, 2.75, 0]
		},
		"head": {
			"translation": [0, 9, -2.75],
			"scale": [1.9, 1.9, 1.9]
		},
		"fixed": {
			"translation": [0, 2.75, -0.5]
		}
	},
	"groups": [
		{
			"name": "Head",
			"origin": [0, 5, 0],
			"color": 0,
			"children": [0, 1, 2, 3, 4, 5, 6, 7, 8, 9, 10, 11, 12, 13, 14, 15, 16, 17, 18, 19, 20, 21, 22, 23,
				{
					"name": "Ear1",
					"origin": [0, 0, 0],
					"color": 0,
					"children": [24]
				},
				{
					"name": "Ear2",
					"origin": [0, 0, 0],
					"color": 0,
					"children": [25]
				}
			]
		}
	]
}